time,temperature_2m_max,temperature_2m_min,precipitation_sum,city
2013-01-01,33.5,24.3,0,Kochi
2013-01-02,32.2,25.2,0.3,Kochi
2013-01-03,34.2,25.9,0,Kochi
2013-01-04,33.9,25.2,0,Kochi
2013-01-05,35.3,25.5,0.4,Kochi
2013-01-06,34.1,25.2,0,Kochi
2013-01-07,32.2,25.8,1,Kochi
2013-01-08,27.2,24.4,2.4,Kochi
2013-01-09,32.7,24,0,Kochi
2013-01-10,33,24.9,0.6,Kochi
2013-01-11,34.6,24.6,0,Kochi
2013-01-12,31.7,25.1,5.3,Kochi
2013-01-13,33.8,23.4,0,Kochi
2013-01-14,33.2,24.2,0,Kochi
2013-01-15,33.2,22.4,0,Kochi
2013-01-16,34,22.1,0,Kochi
2013-01-17,34.7,22.2,0,Kochi
2013-01-18,35,23.1,0,Kochi
2013-01-19,34.7,23.5,0,Kochi
2013-01-20,35.3,24.1,0,Kochi
2013-01-21,35.6,23.4,0,Kochi
2013-01-22,35.5,25.3,0,Kochi
2013-01-23,35.3,23.7,0,Kochi
2013-01-24,35.9,22.8,0,Kochi
2013-01-25,35.2,23.5,0,Kochi
2013-01-26,35.4,24.2,0,Kochi
2013-01-27,35.1,23.5,0,Kochi
2013-01-28,34.6,23.6,0,Kochi
2013-01-29,34.9,24.8,0.1,Kochi
2013-01-30,34.8,25,0,Kochi
2013-01-31,35.7,24.4,0,Kochi
2013-02-01,35.4,23.3,0,Kochi
2013-02-02,34.9,22.6,0,Kochi
2013-02-03,34.5,23.8,0,Kochi
2013-02-04,32.5,25,0.5,Kochi
2013-02-05,35.2,23.8,0.1,Kochi
2013-02-06,34.5,24.6,1.5,Kochi
2013-02-07,35.4,24.6,0.3,Kochi
2013-02-08,34.6,25.7,0.1,Kochi
2013-02-09,35.1,25.7,0,Kochi
2013-02-10,35.3,25.3,0,Kochi
2013-02-11,36.2,25.5,0,Kochi
2013-02-12,36.5,25.6,0,Kochi
2013-02-13,36.3,26.1,3.8,Kochi
2013-02-14,33.5,26.3,7.8,Kochi
2013-02-15,32.5,25.2,6.8,Kochi
2013-02-16,34.2,25.6,0.6,Kochi
2013-02-17,33.8,25.8,6.8,Kochi
2013-02-18,35,24.9,2.9,Kochi
2013-02-19,32,23.7,10.5,Kochi
2013-02-20,33.4,24.2,0,Kochi
2013-02-21,33.4,24.9,0,Kochi
2013-02-22,34.4,24.7,0,Kochi
2013-02-23,34.9,24.2,0,Kochi
2013-02-24,34.9,25.1,0.4,Kochi
2013-02-25,34.6,25.5,0.1,Kochi
2013-02-26,36,24.7,0,Kochi
2013-02-27,36.5,24.8,0,Kochi
2013-02-28,35.9,24,0,Kochi
2013-03-01,37.5,25,0,Kochi
2013-03-02,36.3,24.9,0,Kochi
2013-03-03,36.3,24.4,0,Kochi
2013-03-04,35.4,25.2,0,Kochi
2013-03-05,35.4,24.9,4.5,Kochi
2013-03-06,33.8,25.4,6.7,Kochi
2013-03-07,35.9,25.4,0.4,Kochi
2013-03-08,36.5,26.2,6,Kochi
2013-03-09,34.3,25.5,10.1,Kochi
2013-03-10,36.1,25.1,1.9,Kochi
2013-03-11,34.3,26.8,2.4,Kochi
2013-03-12,35.1,26,1,Kochi
2013-03-13,35.6,26.4,0.2,Kochi
2013-03-14,35.4,27.3,0,Kochi
2013-03-15,36,26.4,1.2,Kochi
2013-03-16,34.5,25.8,11.8,Kochi
2013-03-17,34.5,24.7,4.7,Kochi
2013-03-18,33.2,25,2.3,Kochi
2013-03-19,34.3,26.3,1.3,Kochi
2013-03-20,34.5,26.4,0.6,Kochi
2013-03-21,34.8,26.5,3.4,Kochi
2013-03-22,35.7,25.8,0.4,Kochi
2013-03-23,34.6,26.7,0.1,Kochi
2013-03-24,38.1,27.1,0.5,Kochi
2013-03-25,36.1,26.2,2.2,Kochi
2013-03-26,35,26.1,7.5,Kochi
2013-03-27,35.3,26.2,0,Kochi
2013-03-28,34.4,26.1,2,Kochi
2013-03-29,37,27,1.7,Kochi
2013-03-30,36,26.9,0.7,Kochi
2013-03-31,36.1,26.7,0.6,Kochi
2013-04-01,34.9,27.9,0.4,Kochi
2013-04-02,34.8,26.2,0.1,Kochi
2013-04-03,35.5,28,0.7,Kochi
2013-04-04,34.8,27.3,2,Kochi
2013-04-05,35.6,26.9,0.3,Kochi
2013-04-06,35.2,27.7,1.5,Kochi
2013-04-07,36,27.2,0.3,Kochi
2013-04-08,37,27.3,0,Kochi
2013-04-09,36.4,26.9,7.3,Kochi
2013-04-10,34.8,26.3,2.4,Kochi
2013-04-11,34.8,27.2,4.8,Kochi
2013-04-12,36.4,27.2,0.1,Kochi
2013-04-13,33.7,27.6,0.8,Kochi
2013-04-14,35.9,26.5,2.7,Kochi
2013-04-15,33.8,25.8,13.5,Kochi
2013-04-16,34.9,26.2,0,Kochi
2013-04-17,34.5,27.5,0.7,Kochi
2013-04-18,34.2,26.9,0,Kochi
2013-04-19,35.4,26.1,0,Kochi
2013-04-20,35.6,26,0,Kochi
2013-04-21,35.5,25,0,Kochi
2013-04-22,36,26.2,0.1,Kochi
2013-04-23,36.7,27.4,0.8,Kochi
2013-04-24,36.5,26.7,4,Kochi
2013-04-25,34.5,26.6,12.2,Kochi
2013-04-26,36.5,26.7,2.9,Kochi
2013-04-27,36.2,26.1,3.5,Kochi
2013-04-28,34.7,26,3.5,Kochi
2013-04-29,34.2,26.3,1.9,Kochi
2013-04-30,35.4,26.9,1.8,Kochi
2013-05-01,34.5,25.9,1.6,Kochi
2013-05-02,33.4,27,10.5,Kochi
2013-05-03,33.5,26.8,12.3,Kochi
2013-05-04,34.1,27,4.8,Kochi
2013-05-05,33.9,27.5,3.3,Kochi
2013-05-06,32.5,25.8,15.8,Kochi
2013-05-07,31,25.4,4.4,Kochi
2013-05-08,32.9,25.3,5.9,Kochi
2013-05-09,32.6,26,2.6,Kochi
2013-05-10,32.7,27.1,6.2,Kochi
2013-05-11,33.4,26.6,0,Kochi
2013-05-12,34.4,25.5,0,Kochi
2013-05-13,29.2,26.2,24.2,Kochi
2013-05-14,31.6,25.8,10.3,Kochi
2013-05-15,31,26,5,Kochi
2013-05-16,32.8,24.6,0,Kochi
2013-05-17,33.1,25.5,0,Kochi
2013-05-18,33.8,25.9,0,Kochi
2013-05-19,34.1,24.9,0,Kochi
2013-05-20,33.7,25.6,1.1,Kochi
2013-05-21,34,25.3,4.4,Kochi
2013-05-22,32.3,26.6,10.6,Kochi
2013-05-23,31.7,26,10,Kochi
2013-05-24,31.9,26.3,16.3,Kochi
2013-05-25,29.3,25.1,27,Kochi
2013-05-26,29.9,24.8,15.7,Kochi
2013-05-27,31,25.1,11.7,Kochi
2013-05-28,29.2,25.3,42,Kochi
2013-05-29,30.2,25.3,1.5,Kochi
2013-05-30,31.6,25.7,12.5,Kochi
2013-05-31,29.3,24.8,33.3,Kochi
2013-06-01,29.3,24.3,17,Kochi
2013-06-02,27.1,24.3,29.7,Kochi
2013-06-03,27.1,23.6,45.2,Kochi
2013-06-04,27.7,24,20.2,Kochi
2013-06-05,31,25.6,15.8,Kochi
2013-06-06,28.4,24,54.7,Kochi
2013-06-07,29,24.3,43.7,Kochi
2013-06-08,27,23.7,32,Kochi
2013-06-09,30.2,23.7,16.1,Kochi
2013-06-10,29.5,25.1,13.5,Kochi
2013-06-11,27.7,23.9,33.5,Kochi
2013-06-12,26.6,23.3,58.2,Kochi
2013-06-13,27.9,23.9,20.9,Kochi
2013-06-14,30.1,24.9,13.2,Kochi
2013-06-15,29.6,24.3,32.7,Kochi
2013-06-16,27.9,24.2,28,Kochi
2013-06-17,26.2,24.3,16.9,Kochi
2013-06-18,27.5,24.3,42.9,Kochi
2013-06-19,26.9,24.3,50.3,Kochi
2013-06-20,27.4,23.7,54,Kochi
2013-06-21,28.6,24.8,23.9,Kochi
2013-06-22,25.4,24.4,88.5,Kochi
2013-06-23,27.2,24.2,25.7,Kochi
2013-06-24,29,24.4,15.5,Kochi
2013-06-25,29.1,24.6,28.9,Kochi
2013-06-26,28.3,24.5,24.2,Kochi
2013-06-27,29.5,24.5,25.9,Kochi
2013-06-28,29.6,25,12.4,Kochi
2013-06-29,29.8,24.5,3.4,Kochi
2013-06-30,28.7,24.6,30.6,Kochi
2013-07-01,27.8,23.9,34.6,Kochi
2013-07-02,29.5,24.2,17.5,Kochi
2013-07-03,29.5,24,18.5,Kochi
2013-07-04,29.5,24.2,17.4,Kochi
2013-07-05,30.6,24.5,5.2,Kochi
2013-07-06,30.5,24.4,3.5,Kochi
2013-07-07,28.4,24.3,12.8,Kochi
2013-07-08,27.6,23.8,41.9,Kochi
2013-07-09,26.9,24.1,27.3,Kochi
2013-07-10,25.9,24.3,42.6,Kochi
2013-07-11,28.2,23.8,44.9,Kochi
2013-07-12,28.4,24,13.4,Kochi
2013-07-13,29.2,23.9,12.5,Kochi
2013-07-14,30.2,24.4,2.7,Kochi
2013-07-15,29.2,24.2,14.9,Kochi
2013-07-16,27.2,24.7,22.5,Kochi
2013-07-17,28.7,24.3,12.7,Kochi
2013-07-18,27.4,24.2,24.6,Kochi
2013-07-19,27.2,23.9,36.6,Kochi
2013-07-20,27.4,24.1,27.1,Kochi
2013-07-21,27.2,24.1,30,Kochi
2013-07-22,27.6,24.2,32.4,Kochi
2013-07-23,28.1,24.6,20.1,Kochi
2013-07-24,28.1,23.9,22.8,Kochi
2013-07-25,28.5,24.1,16,Kochi
2013-07-26,28.2,22.9,15,Kochi
2013-07-27,29.5,22.3,3.6,Kochi
2013-07-28,30.1,24.4,16.2,Kochi
2013-07-29,31.1,24.5,0.6,Kochi
2013-07-30,30.8,24.7,6.3,Kochi
2013-07-31,30.7,25,6.1,Kochi
2013-08-01,29.2,24.3,14.3,Kochi
2013-08-02,29,24.9,12.8,Kochi
2013-08-03,29,24.3,15.4,Kochi
2013-08-04,25.9,23.6,81.4,Kochi
2013-08-05,26.3,22.8,53.8,Kochi
2013-08-06,27,23.1,29.5,Kochi
2013-08-07,29.1,23.7,9.3,Kochi
2013-08-08,30.1,23.6,6.6,Kochi
2013-08-09,27.9,24.4,20.2,Kochi
2013-08-10,28.6,24.6,6.7,Kochi
2013-08-11,29.1,24.1,6.7,Kochi
2013-08-12,29.7,24.4,5,Kochi
2013-08-13,28.9,24.5,6.5,Kochi
2013-08-14,29.7,24.1,2.3,Kochi
2013-08-15,29.7,24.1,4.7,Kochi
2013-08-16,29.1,24.2,5.3,Kochi
2013-08-17,29.2,24.1,15.7,Kochi
2013-08-18,27.6,23.6,20.1,Kochi
2013-08-19,30.3,23.5,1.7,Kochi
2013-08-20,30.3,24.4,22.7,Kochi
2013-08-21,29.4,24.7,15,Kochi
2013-08-22,30.6,24.5,2.9,Kochi
2013-08-23,30.5,25,3.8,Kochi
2013-08-24,29.8,24.6,1.6,Kochi
2013-08-25,29.6,24.8,5.1,Kochi
2013-08-26,29.9,24.6,1.7,Kochi
2013-08-27,30.4,24,1.5,Kochi
2013-08-28,30.4,24.2,5.4,Kochi
2013-08-29,30.2,24.7,3.6,Kochi
2013-08-30,30.8,25.4,3.2,Kochi
2013-08-31,31.1,25.5,1.2,Kochi
2013-09-01,30.5,24.7,4.3,Kochi
2013-09-02,31.1,24.7,10.4,Kochi
2013-09-03,30.3,24.7,12,Kochi
2013-09-04,30.3,24.9,14,Kochi
2013-09-05,30.4,24.5,7.6,Kochi
2013-09-06,26.2,23.9,31,Kochi
2013-09-07,27,23.9,27,Kochi
2013-09-08,27.3,23.5,48.7,Kochi
2013-09-09,27.8,23.5,19.4,Kochi
2013-09-10,28.5,24.1,10.4,Kochi
2013-09-11,29.1,24.2,13.9,Kochi
2013-09-12,27.1,24.3,21.4,Kochi
2013-09-13,27.3,24.2,32.8,Kochi
2013-09-14,29,24.6,25.7,Kochi
2013-09-15,29,24.3,28.4,Kochi
2013-09-16,28.4,24.8,49.4,Kochi
2013-09-17,27,24.6,38.8,Kochi
2013-09-18,27.5,24.2,19.8,Kochi
2013-09-19,28.2,25,24.3,Kochi
2013-09-20,29.1,24.7,20.6,Kochi
2013-09-21,29.7,24.9,6.2,Kochi
2013-09-22,30.5,25.4,5.5,Kochi
2013-09-23,30.4,24.9,1.1,Kochi
2013-09-24,30.8,23.6,1.7,Kochi
2013-09-25,31.4,24.4,0.2,Kochi
2013-09-26,30.9,23.6,0.3,Kochi
2013-09-27,31.1,24.4,0.3,Kochi
2013-09-28,30.3,24.9,2.7,Kochi
2013-09-29,30.3,24.8,1.8,Kochi
2013-09-30,29.4,24.6,15.6,Kochi
2013-10-01,30.2,24.3,5.3,Kochi
2013-10-02,30.3,24.7,2.6,Kochi
2013-10-03,30.6,24.2,3.3,Kochi
2013-10-04,30.4,24.4,1.6,Kochi
2013-10-05,30.8,23.2,0,Kochi
2013-10-06,29.7,24.2,1.3,Kochi
2013-10-07,31,24.8,14,Kochi
2013-10-08,31.4,24.5,12.8,Kochi
2013-10-09,30,24.4,10.6,Kochi
2013-10-10,30.1,24.4,3.1,Kochi
2013-10-11,30.3,24.1,3.8,Kochi
2013-10-12,30.2,24.5,4.7,Kochi
2013-10-13,30.5,24.1,7.9,Kochi
2013-10-14,30.7,24.4,0.1,Kochi
2013-10-15,30.5,22.8,0.4,Kochi
2013-10-16,30.9,24,7,Kochi
2013-10-17,31,24.2,23.9,Kochi
2013-10-18,30.5,24.9,34.3,Kochi
2013-10-19,30.3,24.2,61.9,Kochi
2013-10-20,28,23.4,25.9,Kochi
2013-10-21,29.6,24.1,12,Kochi
2013-10-22,29.8,24.6,11.1,Kochi
2013-10-23,30.3,24.9,3.1,Kochi
2013-10-24,30.5,23.8,2,Kochi
2013-10-25,30.3,25.1,3.4,Kochi
2013-10-26,30.6,24.7,0.7,Kochi
2013-10-27,31.5,23.7,0,Kochi
2013-10-28,31.1,23.1,0.2,Kochi
2013-10-29,31.1,23.5,0,Kochi
2013-10-30,31.2,24.7,1.7,Kochi
2013-10-31,31.6,25.3,8.9,Kochi
2013-11-01,31.5,24.9,2.1,Kochi
2013-11-02,30.7,24.1,11.6,Kochi
2013-11-03,30.9,23.8,0.5,Kochi
2013-11-04,30.5,23.9,3.5,Kochi
2013-11-05,32,23.5,1.7,Kochi
2013-11-06,31.3,25,2.9,Kochi
2013-11-07,31.6,24.4,0.9,Kochi
2013-11-08,31.8,25.3,1.8,Kochi
2013-11-09,31.3,25.4,0.1,Kochi
2013-11-10,31.2,24.2,0,Kochi
2013-11-11,31.1,24.8,3.3,Kochi
2013-11-12,29.8,24.4,18.1,Kochi
2013-11-13,30,23.9,13.1,Kochi
2013-11-14,31,23.6,3.2,Kochi
2013-11-15,31.1,23.7,0.9,Kochi
2013-11-16,30.7,25,0.1,Kochi
2013-11-17,31,24.5,11.5,Kochi
2013-11-18,30.6,24.3,6.8,Kochi
2013-11-19,31.1,24.3,2.6,Kochi
2013-11-20,31.2,24.7,1.8,Kochi
2013-11-21,32.2,24.8,2.7,Kochi
2013-11-22,32,24.3,2.6,Kochi
2013-11-23,31.6,24.5,5.4,Kochi
2013-11-24,30,24.2,12,Kochi
2013-11-25,31.3,23.9,1.7,Kochi
2013-11-26,31.6,24.1,0.5,Kochi
2013-11-27,31.8,24.4,4.8,Kochi
2013-11-28,31.2,24.1,1.9,Kochi
2013-11-29,30.9,23.6,0.1,Kochi
2013-11-30,31.1,24.4,0,Kochi
2013-12-01,29.6,24.9,12.9,Kochi
2013-12-02,30.3,24.5,17.1,Kochi
2013-12-03,30.6,24.1,2.3,Kochi
2013-12-04,29.8,23.4,0.3,Kochi
2013-12-05,31.7,24.5,0.5,Kochi
2013-12-06,32,24.4,0,Kochi
2013-12-07,31.6,23,0,Kochi
2013-12-08,31.5,24.6,0.3,Kochi
2013-12-09,30.8,24.5,0.8,Kochi
2013-12-10,30.8,24,0,Kochi
2013-12-11,31.1,24.2,0,Kochi
2013-12-12,30.5,22.9,0,Kochi
2013-12-13,29.7,23.7,4.9,Kochi
2013-12-14,31.6,22.9,0,Kochi
2013-12-15,31.1,23.9,0,Kochi
2013-12-16,30.9,24.9,1.3,Kochi
2013-12-17,31.3,24.1,0,Kochi
2013-12-18,30.6,21.6,0,Kochi
2013-12-19,31,22.4,0,Kochi
2013-12-20,31.4,22.4,0,Kochi
2013-12-21,32,22.9,0,Kochi
2013-12-22,32.7,24.3,0,Kochi
2013-12-23,32.5,22.5,0,Kochi
2013-12-24,33,18.2,0,Kochi
2013-12-25,32.1,23.2,0,Kochi
2013-12-26,31.9,23.5,0,Kochi
2013-12-27,31.5,23.4,0,Kochi
2013-12-28,32,22.4,0,Kochi
2013-12-29,31.3,22.3,0,Kochi
2013-12-30,32.3,23.8,0,Kochi
2013-12-31,32.2,23.9,0,Kochi
2014-01-01,33.6,20.8,0,Kochi
2014-01-02,32.6,21.7,0,Kochi
2014-01-03,32.7,22.6,0,Kochi
2014-01-04,33,22.2,0,Kochi
2014-01-05,33.7,24.3,0,Kochi
2014-01-06,33,22.5,0,Kochi
2014-01-07,34.2,23,0,Kochi
2014-01-08,32.6,24.2,0,Kochi
2014-01-09,33.5,23.9,0,Kochi
2014-01-10,32.5,25.2,0.2,Kochi
2014-01-11,33.2,25,0,Kochi
2014-01-12,33.4,24.4,0,Kochi
2014-01-13,33.8,24.8,0,Kochi
2014-01-14,34.6,24.5,0,Kochi
2014-01-15,34.1,25.1,0.7,Kochi
2014-01-16,33.9,26.3,0.9,Kochi
2014-01-17,32.4,24.7,9.5,Kochi
2014-01-18,31.6,23.9,0.1,Kochi
2014-01-19,33,24.5,0,Kochi
2014-01-20,33.9,23.8,0.3,Kochi
2014-01-21,33.3,24,2,Kochi
2014-01-22,33.4,23,0.1,Kochi
2014-01-23,33.6,24.1,0,Kochi
2014-01-24,33.5,23.1,0,Kochi
2014-01-25,33.4,22.9,0,Kochi
2014-01-26,33.3,23.9,0,Kochi
2014-01-27,33.8,22.1,0.1,Kochi
2014-01-28,33.5,21.6,0,Kochi
2014-01-29,33.6,22.4,0,Kochi
2014-01-30,33.5,23.6,0,Kochi
2014-01-31,33.9,23.7,0,Kochi
2014-02-01,34.3,23.6,0,Kochi
2014-02-02,34.4,24,0,Kochi
2014-02-03,33.7,23.9,0,Kochi
2014-02-04,33.2,23.5,0,Kochi
2014-02-05,33.7,24.2,0,Kochi
2014-02-06,34,23.7,0,Kochi
2014-02-07,32.7,23.2,0,Kochi
2014-02-08,33.2,24.5,0,Kochi
2014-02-09,32.4,22.5,0,Kochi
2014-02-10,34,23.1,0,Kochi
2014-02-11,34.5,24.6,0,Kochi
2014-02-12,31.5,25.2,1,Kochi
2014-02-13,34.5,23.7,0.9,Kochi
2014-02-14,33.5,25.3,2.6,Kochi
2014-02-15,32.1,24.8,1.1,Kochi
2014-02-16,33.3,25.2,0.5,Kochi
2014-02-17,35.6,24.7,0,Kochi
2014-02-18,34.3,25.2,0,Kochi
2014-02-19,34.2,25.4,0,Kochi
2014-02-20,34,25.1,4.4,Kochi
2014-02-21,35,24.3,1.1,Kochi
2014-02-22,34.1,24.9,3.5,Kochi
2014-02-23,32,24.6,3.9,Kochi
2014-02-24,35.3,25,0,Kochi
2014-02-25,35.8,25.6,0,Kochi
2014-02-26,35.6,26.2,1.2,Kochi
2014-02-27,34.6,25,0.9,Kochi
2014-02-28,34.1,25.3,0.4,Kochi
2014-03-01,34.9,25.8,3.5,Kochi
2014-03-02,34.8,25.1,4.8,Kochi
2014-03-03,33.9,24.9,1.8,Kochi
2014-03-04,34.4,25.3,0.6,Kochi
2014-03-05,35,25.6,1.5,Kochi
2014-03-06,35.3,25.6,5.4,Kochi
2014-03-07,35.4,25.3,2.8,Kochi
2014-03-08,36.2,25,1.1,Kochi
2014-03-09,35.1,26,0.3,Kochi
2014-03-10,34.5,26.6,0.2,Kochi
2014-03-11,36.4,26.3,0,Kochi
2014-03-12,37,25.7,0,Kochi
2014-03-13,38,24.3,0,Kochi
2014-03-14,36.4,24.9,0,Kochi
2014-03-15,36.3,24.6,0,Kochi
2014-03-16,37.4,25.6,0,Kochi
2014-03-17,37.3,24.8,0,Kochi
2014-03-18,37.9,25.9,0,Kochi
2014-03-19,36.3,25.7,0.9,Kochi
2014-03-20,36.3,25.6,4.6,Kochi
2014-03-21,37.4,26.1,0,Kochi
2014-03-22,35.9,26.3,1.7,Kochi
2014-03-23,37.4,25.8,0.4,Kochi
2014-03-24,36.7,27.6,0,Kochi
2014-03-25,39.5,27,0,Kochi
2014-03-26,38.1,25.8,0,Kochi
2014-03-27,38,26.4,0,Kochi
2014-03-28,37.7,25.7,0,Kochi
2014-03-29,37.7,25.6,0,Kochi
2014-03-30,36.8,26.9,0,Kochi
2014-03-31,36.9,27.3,2.8,Kochi
2014-04-01,36,27.4,1.6,Kochi
2014-04-02,37.2,26.8,0.5,Kochi
2014-04-03,38,28,1.4,Kochi
2014-04-04,37.2,27.9,2.1,Kochi
2014-04-05,37.5,26.5,1.7,Kochi
2014-04-06,35.5,27,6,Kochi
2014-04-07,34.7,26.4,2.3,Kochi
2014-04-08,34,25.3,10.2,Kochi
2014-04-09,34.1,26.2,7.1,Kochi
2014-04-10,35.7,25.6,5.3,Kochi
2014-04-11,34.2,24.7,7.4,Kochi
2014-04-12,35.4,25.3,3,Kochi
2014-04-13,34.5,24.7,20.9,Kochi
2014-04-14,33.6,25.3,6.1,Kochi
2014-04-15,33.5,25.2,3.3,Kochi
2014-04-16,33.6,26.1,11.8,Kochi
2014-04-17,33.2,25.5,4,Kochi
2014-04-18,33.7,25.7,0.2,Kochi
2014-04-19,34.2,26.4,2.7,Kochi
2014-04-20,34.7,26.8,0.8,Kochi
2014-04-21,35,27.4,1.5,Kochi
2014-04-22,34.5,25.5,2.7,Kochi
2014-04-23,35,26.7,2.6,Kochi
2014-04-24,33.2,26.2,9,Kochi
2014-04-25,33.1,26.6,0.8,Kochi
2014-04-26,34.8,27.4,1.5,Kochi
2014-04-27,34.9,26.6,3.7,Kochi
2014-04-28,34.2,25.6,1.6,Kochi
2014-04-29,33.1,26.5,6.6,Kochi
2014-04-30,33.4,25.7,9.6,Kochi
2014-05-01,33.5,24.8,8.4,Kochi
2014-05-02,34.2,26.2,3.8,Kochi
2014-05-03,34.3,25,12.2,Kochi
2014-05-04,33.5,25.9,12.4,Kochi
2014-05-05,33.6,25.6,25,Kochi
2014-05-06,29,24.7,22,Kochi
2014-05-07,28.4,24.4,38.6,Kochi
2014-05-08,27.3,24.8,58.2,Kochi
2014-05-09,31.3,24.6,6.5,Kochi
2014-05-10,32.9,26,4.6,Kochi
2014-05-11,33.5,26,5.6,Kochi
2014-05-12,33.7,26.6,6.6,Kochi
2014-05-13,33.1,26.4,6.8,Kochi
2014-05-14,33.9,26.3,0,Kochi
2014-05-15,33,26.7,1.1,Kochi
2014-05-16,33,25.8,0.3,Kochi
2014-05-17,33.3,24,0,Kochi
2014-05-18,33.5,24.1,0.2,Kochi
2014-05-19,33.1,26.2,4,Kochi
2014-05-20,33.1,26.4,8.2,Kochi
2014-05-21,31.6,26.1,6.3,Kochi
2014-05-22,32.8,26.4,8,Kochi
2014-05-23,32.6,27.1,7.3,Kochi
2014-05-24,31.8,25.9,20,Kochi
2014-05-25,30.6,24.8,14.6,Kochi
2014-05-26,31.6,25.5,2.5,Kochi
2014-05-27,32.2,26.2,4.9,Kochi
2014-05-28,33.1,26.4,10.6,Kochi
2014-05-29,32.7,25.4,17.5,Kochi
2014-05-30,32.2,26.3,15.7,Kochi
2014-05-31,32.9,26.9,8.7,Kochi
2014-06-01,32.6,26.5,7.7,Kochi
2014-06-02,31.3,25.8,17.2,Kochi
2014-06-03,31.5,24.5,23.4,Kochi
2014-06-04,30.8,25,24.1,Kochi
2014-06-05,30.6,26.1,38.7,Kochi
2014-06-06,29.2,25.7,33.3,Kochi
2014-06-07,28.5,24.8,38.9,Kochi
2014-06-08,28.7,24.9,11.4,Kochi
2014-06-09,30.1,24.7,17.1,Kochi
2014-06-10,29.1,25.3,15.9,Kochi
2014-06-11,29.1,25.2,13.5,Kochi
2014-06-12,29.1,24.9,37.7,Kochi
2014-06-13,28.8,24.9,13,Kochi
2014-06-14,31.5,25.3,3.1,Kochi
2014-06-15,31.1,25.4,3.5,Kochi
2014-06-16,32.3,25.7,6.7,Kochi
2014-06-17,29,25.5,11,Kochi
2014-06-18,30.8,25.8,10.3,Kochi
2014-06-19,29.3,25.3,15.7,Kochi
2014-06-20,29.7,25.3,24.2,Kochi
2014-06-21,30,25.4,19.7,Kochi
2014-06-22,31.8,24.9,3.7,Kochi
2014-06-23,30.5,26.1,8.8,Kochi
2014-06-24,30.4,26.1,8.3,Kochi
2014-06-25,31.3,26,7.4,Kochi
2014-06-26,30.9,25.9,3.5,Kochi
2014-06-27,32.1,26.6,3.7,Kochi
2014-06-28,32,26.1,4.6,Kochi
2014-06-29,32.1,25.7,7.2,Kochi
2014-06-30,28.5,25.5,12.3,Kochi
2014-07-01,28.7,24.7,27.5,Kochi
2014-07-02,29.7,24.6,6,Kochi
2014-07-03,30.5,25.6,4.6,Kochi
2014-07-04,29.9,25.1,21.3,Kochi
2014-07-05,28.3,24.8,27.7,Kochi
2014-07-06,29.5,25,18.5,Kochi
2014-07-07,28.3,24.9,25.9,Kochi
2014-07-08,28.1,24.7,13.3,Kochi
2014-07-09,29.4,24.7,12.7,Kochi
2014-07-10,29.8,24.1,32.1,Kochi
2014-07-11,29.9,24,10,Kochi
2014-07-12,29.2,25,25.1,Kochi
2014-07-13,28.6,25,21.7,Kochi
2014-07-14,27.5,24.3,22.4,Kochi
2014-07-15,28.9,24,41.2,Kochi
2014-07-16,29.7,23.2,9,Kochi
2014-07-17,31.7,24.9,3.2,Kochi
2014-07-18,29.4,24.9,9.8,Kochi
2014-07-19,29.8,24.8,19.8,Kochi
2014-07-20,29.1,24.9,15.7,Kochi
2014-07-21,29.6,24.9,7.9,Kochi
2014-07-22,30.2,24.6,17.8,Kochi
2014-07-23,29.3,24.3,16,Kochi
2014-07-24,31.3,24.3,5.4,Kochi
2014-07-25,30.8,24.7,4.5,Kochi
2014-07-26,31,24.6,23.8,Kochi
2014-07-27,28.8,25,31.4,Kochi
2014-07-28,30,24.9,16.9,Kochi
2014-07-29,29.9,24.5,10.8,Kochi
2014-07-30,31.1,24.5,10.9,Kochi
2014-07-31,30,25,25.4,Kochi
2014-08-01,26.6,24.6,58.6,Kochi
2014-08-02,29.1,23.9,12,Kochi
2014-08-03,28.6,25.1,20.5,Kochi
2014-08-04,29.9,24.6,14,Kochi
2014-08-05,28.2,23.9,31.9,Kochi
2014-08-06,29.8,23.9,8.7,Kochi
2014-08-07,29.5,25,14.7,Kochi
2014-08-08,26.1,24.3,34.5,Kochi
2014-08-09,29.6,24.3,9.5,Kochi
2014-08-10,29.2,24.4,9.3,Kochi
2014-08-11,27.7,24.6,34,Kochi
2014-08-12,28.4,24.5,31.7,Kochi
2014-08-13,29.2,24.5,12.1,Kochi
2014-08-14,29.8,24.3,13.4,Kochi
2014-08-15,30.1,24.9,6.9,Kochi
2014-08-16,31.1,24.5,2,Kochi
2014-08-17,31,24.7,7.2,Kochi
2014-08-18,30.8,25.1,20.7,Kochi
2014-08-19,30.4,24.8,16.5,Kochi
2014-08-20,31.4,24.8,6.5,Kochi
2014-08-21,31,24.9,3.5,Kochi
2014-08-22,30.5,24.9,19.4,Kochi
2014-08-23,28.3,24.5,23.4,Kochi
2014-08-24,31.8,24.7,4.7,Kochi
2014-08-25,30.6,25.2,3.9,Kochi
2014-08-26,31.4,25.3,5.8,Kochi
2014-08-27,30.4,25.4,9.1,Kochi
2014-08-28,30,25,8.9,Kochi
2014-08-29,28.7,24.6,24.4,Kochi
2014-08-30,28.5,24.2,41.7,Kochi
2014-08-31,29.4,24,21.3,Kochi
2014-09-01,28.8,24.1,20.7,Kochi
2014-09-02,29.2,24.9,52.4,Kochi
2014-09-03,27.6,24,103.7,Kochi
2014-09-04,29.1,24.3,22.1,Kochi
2014-09-05,28.6,24.7,18.3,Kochi
2014-09-06,29.1,24.6,16.6,Kochi
2014-09-07,28.9,24.8,9,Kochi
2014-09-08,30.9,25.1,5.2,Kochi
2014-09-09,29.9,24.9,4.5,Kochi
2014-09-10,31.3,24.4,2.9,Kochi
2014-09-11,30.9,24.6,3.1,Kochi
2014-09-12,30.3,24.6,4.4,Kochi
2014-09-13,30.1,25.2,10.8,Kochi
2014-09-14,29.5,24.8,14,Kochi
2014-09-15,29.3,25,17.6,Kochi
2014-09-16,29.6,25,3.9,Kochi
2014-09-17,30,24.9,5.4,Kochi
2014-09-18,29.7,24.9,5.9,Kochi
2014-09-19,30.4,24.9,2.9,Kochi
2014-09-20,30,24.5,2.7,Kochi
2014-09-21,30.6,24.9,3.1,Kochi
2014-09-22,30.8,25,2.1,Kochi
2014-09-23,30.8,25.2,10.4,Kochi
2014-09-24,30.8,24.6,3.6,Kochi
2014-09-25,31.7,24.4,9,Kochi
2014-09-26,32.2,23.8,9,Kochi
2014-09-27,30.9,24.3,27.2,Kochi
2014-09-28,32,24.8,7.3,Kochi
2014-09-29,32,23.8,8.1,Kochi
2014-09-30,29.6,24.8,14.5,Kochi
2014-10-01,32.6,24.5,2,Kochi
2014-10-02,32.2,24.7,6.3,Kochi
2014-10-03,32.1,25.3,3.3,Kochi
2014-10-04,30.3,24.5,21.1,Kochi
2014-10-05,32,24.9,5,Kochi
2014-10-06,30.2,24.7,16.5,Kochi
2014-10-07,29.7,25.1,29,Kochi
2014-10-08,31.2,24.4,10.4,Kochi
2014-10-09,31.8,25.2,1.5,Kochi
2014-10-10,31.2,25.3,6.3,Kochi
2014-10-11,30.5,25.2,3.8,Kochi
2014-10-12,30.7,24.9,12.7,Kochi
2014-10-13,29.7,25.2,19.4,Kochi
2014-10-14,31.7,25.1,8.1,Kochi
2014-10-15,31.2,24.8,8,Kochi
2014-10-16,32.5,24.3,5.2,Kochi
2014-10-17,30.4,25.1,12.5,Kochi
2014-10-18,27.4,24.1,39.6,Kochi
2014-10-19,27.3,24.4,61,Kochi
2014-10-20,29.3,24.5,13.6,Kochi
2014-10-21,28.8,24.7,35.8,Kochi
2014-10-22,30.4,24.3,15,Kochi
2014-10-23,29.7,24.6,20,Kochi
2014-10-24,32.9,24,9,Kochi
2014-10-25,30.5,24.8,7.9,Kochi
2014-10-26,33.3,24.3,5.3,Kochi
2014-10-27,32.1,24.9,7,Kochi
2014-10-28,31.5,24.2,14.1,Kochi
2014-10-29,31.1,24.8,15.2,Kochi
2014-10-30,31.4,24.9,4.9,Kochi
2014-10-31,30.4,24.5,38.4,Kochi
2014-11-01,31.1,25,2.8,Kochi
2014-11-02,30.4,24.3,2.9,Kochi
2014-11-03,28.3,25.1,54.9,Kochi
2014-11-04,28.8,23.9,4.9,Kochi
2014-11-05,30.7,23.9,2.9,Kochi
2014-11-06,31.3,24.5,2,Kochi
2014-11-07,32.3,24.4,0.9,Kochi
2014-11-08,32.1,24.4,0.8,Kochi
2014-11-09,31.5,24.2,1,Kochi
2014-11-10,31,24.1,2.4,Kochi
2014-11-11,31,24.9,5.4,Kochi
2014-11-12,31.7,24.7,8.9,Kochi
2014-11-13,31.7,24.7,18.4,Kochi
2014-11-14,30.7,24.7,17.4,Kochi
2014-11-15,31.6,24.6,6.6,Kochi
2014-11-16,31.5,24.3,0,Kochi
2014-11-17,32.2,23.7,0.2,Kochi
2014-11-18,31.7,24.6,0.4,Kochi
2014-11-19,31.7,24.4,3.1,Kochi
2014-11-20,30.9,24.2,3.9,Kochi
2014-11-21,28.8,25.2,7.5,Kochi
2014-11-22,30.4,25.1,14.7,Kochi
2014-11-23,30.2,24.9,8.9,Kochi
2014-11-24,31.4,24.7,5.1,Kochi
2014-11-25,29,24.2,0,Kochi
2014-11-26,30.4,24,0,Kochi
2014-11-27,28.6,24.8,12.8,Kochi
2014-11-28,27.3,24.3,14.1,Kochi
2014-11-29,30.3,25,1.5,Kochi
2014-11-30,29.8,23.8,2.4,Kochi
2014-12-01,28.9,23.1,0.4,Kochi
2014-12-02,29.5,23.6,0.8,Kochi
2014-12-03,31.2,24.1,0,Kochi
2014-12-04,31.2,25.1,0,Kochi
2014-12-05,30.2,24.9,0.2,Kochi
2014-12-06,31.2,23.5,0,Kochi
2014-12-07,31.3,23.1,0,Kochi
2014-12-08,32.3,24.2,4.9,Kochi
2014-12-09,31.9,25.2,2.9,Kochi
2014-12-10,27.3,24.3,21.2,Kochi
2014-12-11,29.8,24.1,3.7,Kochi
2014-12-12,30.1,24.3,7.2,Kochi
2014-12-13,30.9,24.1,16.4,Kochi
2014-12-14,30.6,24.5,0.5,Kochi
2014-12-15,31.7,24.4,1,Kochi
2014-12-16,32.3,24.3,0,Kochi
2014-12-17,30.2,25,5.7,Kochi
2014-12-18,29.9,25.9,1.1,Kochi
2014-12-19,29.6,24.6,3.8,Kochi
2014-12-20,31.2,23.8,0.7,Kochi
2014-12-21,31.4,25.5,0.1,Kochi
2014-12-22,31,24.7,0.2,Kochi
2014-12-23,31.3,25.1,0,Kochi
2014-12-24,31.2,24.4,0,Kochi
2014-12-25,30.9,25.2,1,Kochi
2014-12-26,29.8,23.7,0,Kochi
2014-12-27,31.1,24.6,0,Kochi
2014-12-28,30.6,25.1,0.1,Kochi
2014-12-29,33.3,24.9,0.5,Kochi
2014-12-30,29.8,24.2,3.1,Kochi
2014-12-31,30.9,25.3,2.8,Kochi
2015-01-01,30.3,24.6,1.5,Kochi
2015-01-02,31.5,21.4,0,Kochi
2015-01-03,30.7,21.5,0,Kochi
2015-01-04,31.9,23.7,0,Kochi
2015-01-05,31.9,24.4,0,Kochi
2015-01-06,31.9,24.7,0,Kochi
2015-01-07,32.2,23.9,0.3,Kochi
2015-01-08,31.5,24.3,1.1,Kochi
2015-01-09,31.8,24.5,1.6,Kochi
2015-01-10,32.5,23.3,0,Kochi
2015-01-11,31.9,24.2,0,Kochi
2015-01-12,31,23.4,0,Kochi
2015-01-13,31.9,21.6,0,Kochi
2015-01-14,31.6,23.5,0,Kochi
2015-01-15,32.9,24.5,0.2,Kochi
2015-01-16,33.3,24.7,0,Kochi
2015-01-17,33.1,23.8,0,Kochi
2015-01-18,33.5,24.6,0,Kochi
2015-01-19,33.7,25,0.1,Kochi
2015-01-20,32.4,25,0.1,Kochi
2015-01-21,32.9,24.3,0.7,Kochi
2015-01-22,32.6,24.3,3.7,Kochi
2015-01-23,33.6,22.5,0,Kochi
2015-01-24,33.8,22.8,0,Kochi
2015-01-25,34,23.7,0,Kochi
2015-01-26,33.9,24.5,0,Kochi
2015-01-27,33.6,24.7,0,Kochi
2015-01-28,34.3,23.1,0,Kochi
2015-01-29,34,24.8,0.1,Kochi
2015-01-30,33.8,24.4,0,Kochi
2015-01-31,34.1,24.7,0,Kochi
2015-02-01,33.5,24.8,0,Kochi
2015-02-02,35,24.4,0,Kochi
2015-02-03,35.4,23.3,0,Kochi
2015-02-04,35.3,23.7,0,Kochi
2015-02-05,34.6,25.1,0,Kochi
2015-02-06,34.2,26,0.5,Kochi
2015-02-07,34.1,24.7,1.7,Kochi
2015-02-08,33.9,25.6,0.1,Kochi
2015-02-09,33.9,25.1,0,Kochi
2015-02-10,33.8,24.8,0,Kochi
2015-02-11,34.5,24.6,0,Kochi
2015-02-12,35.4,24.8,0,Kochi
2015-02-13,34.2,25.2,0.7,Kochi
2015-02-14,35.1,24.9,0.7,Kochi
2015-02-15,34.3,25.7,0.3,Kochi
2015-02-16,35.2,26,0,Kochi
2015-02-17,35,25.9,0.3,Kochi
2015-02-18,33.9,24.8,0.5,Kochi
2015-02-19,33.7,25.5,0,Kochi
2015-02-20,35,25.6,0,Kochi
2015-02-21,35.1,24.7,0,Kochi
2015-02-22,34.9,23.2,0,Kochi
2015-02-23,35.8,23.1,0,Kochi
2015-02-24,35.7,23.3,0,Kochi
2015-02-25,36.2,24.1,0,Kochi
2015-02-26,34.5,24.6,1.6,Kochi
2015-02-27,35.6,25.5,0.7,Kochi
2015-02-28,35.1,25,0.9,Kochi
2015-03-01,35.3,25.2,2.3,Kochi
2015-03-02,34.1,25.5,1.6,Kochi
2015-03-03,34.1,25.7,1.2,Kochi
2015-03-04,32.2,25.9,5.5,Kochi
2015-03-05,35.7,24.4,0,Kochi
2015-03-06,34.5,25.6,8.6,Kochi
2015-03-07,34.7,24.8,3.4,Kochi
2015-03-08,34.6,24.4,6,Kochi
2015-03-09,34.2,25.8,2.3,Kochi
2015-03-10,33.6,25.2,0,Kochi
2015-03-11,34.8,25,0.9,Kochi
2015-03-12,34.9,25.2,3.1,Kochi
2015-03-13,35.1,25.3,1.6,Kochi
2015-03-14,34.1,25.2,2.2,Kochi
2015-03-15,34,25.2,2.7,Kochi
2015-03-16,35.3,25.9,9.6,Kochi
2015-03-17,34.6,25.5,0.2,Kochi
2015-03-18,34.8,27.3,0.1,Kochi
2015-03-19,35.5,26.6,0.1,Kochi
2015-03-20,35.8,26.5,0,Kochi
2015-03-21,37,26.8,0,Kochi
2015-03-22,37.1,26.8,0,Kochi
2015-03-23,36.5,27.1,0.3,Kochi
2015-03-24,36.3,27.6,0.3,Kochi
2015-03-25,37,28,0.8,Kochi
2015-03-26,37,28.2,0.1,Kochi
2015-03-27,37.9,27.3,1.4,Kochi
2015-03-28,38.5,27.7,0.3,Kochi
2015-03-29,36.8,27.3,1.8,Kochi
2015-03-30,37.8,26,4.6,Kochi
2015-03-31,36,25.8,0.8,Kochi
2015-04-01,37.3,26.3,21.1,Kochi
2015-04-02,32.7,25.9,1.7,Kochi
2015-04-03,34.2,25.8,6.3,Kochi
2015-04-04,34.7,25.4,1.5,Kochi
2015-04-05,36,26.7,0.6,Kochi
2015-04-06,34.9,27.8,2.7,Kochi
2015-04-07,35.6,26.1,5.3,Kochi
2015-04-08,31.4,26,7.7,Kochi
2015-04-09,33.7,25.6,8.5,Kochi
2015-04-10,34.2,24.9,5,Kochi
2015-04-11,32.7,25.7,7.3,Kochi
2015-04-12,32.3,25.5,14.1,Kochi
2015-04-13,30.7,25,21.5,Kochi
2015-04-14,33.2,24.6,8.7,Kochi
2015-04-15,33.9,25.4,5.4,Kochi
2015-04-16,33.3,25,11.6,Kochi
2015-04-17,33.3,24.7,6,Kochi
2015-04-18,32.9,23.8,0.5,Kochi
2015-04-19,34.1,25.3,3.4,Kochi
2015-04-20,33.9,25.7,11,Kochi
2015-04-21,31.8,25.1,37.5,Kochi
2015-04-22,31.3,24.4,11.5,Kochi
2015-04-23,33.4,25.8,11.4,Kochi
2015-04-24,32.6,25.5,7.7,Kochi
2015-04-25,31.8,23.7,8.1,Kochi
2015-04-26,32.4,25.7,5.5,Kochi
2015-04-27,32.8,24.4,2.8,Kochi
2015-04-28,32.9,25.2,3.8,Kochi
2015-04-29,33.4,25.3,3.2,Kochi
2015-04-30,33.7,25.1,8.2,Kochi
2015-05-01,33.6,26.2,1.1,Kochi
2015-05-02,32.9,26.7,3.2,Kochi
2015-05-03,33.7,26,0.5,Kochi
2015-05-04,33.1,25.7,5.5,Kochi
2015-05-05,32.7,25.4,10.4,Kochi
2015-05-06,32.6,25,7,Kochi
2015-05-07,32.5,25.7,20.9,Kochi
2015-05-08,32.8,24.6,19.2,Kochi
2015-05-09,32,25.3,19.9,Kochi
2015-05-10,30.5,25.6,8.8,Kochi
2015-05-11,26.6,24.4,33.5,Kochi
2015-05-12,31.5,24.4,18.9,Kochi
2015-05-13,31.4,24.4,20.4,Kochi
2015-05-14,30.6,25.5,22.1,Kochi
2015-05-15,32.7,26,4.8,Kochi
2015-05-16,27.5,25,27.4,Kochi
2015-05-17,28.8,24.4,23.5,Kochi
2015-05-18,29.9,24.2,19.1,Kochi
2015-05-19,29.4,25.4,16.5,Kochi
2015-05-20,31.9,24.8,10.2,Kochi
2015-05-21,31.5,27.2,7.2,Kochi
2015-05-22,32.1,26.6,1.5,Kochi
2015-05-23,32.2,27.1,6.6,Kochi
2015-05-24,32.2,27,10,Kochi
2015-05-25,33.2,26.6,1.3,Kochi
2015-05-26,32.5,27.3,7.8,Kochi
2015-05-27,32.5,26.5,2,Kochi
2015-05-28,30.5,25.5,8.4,Kochi
2015-05-29,31.2,25.3,24.1,Kochi
2015-05-30,31.4,25,16.7,Kochi
2015-05-31,31.3,25.4,20.2,Kochi
2015-06-01,31.6,25.1,6.1,Kochi
2015-06-02,30.8,25.9,11.8,Kochi
2015-06-03,31.8,25.3,7.6,Kochi
2015-06-04,31.2,25.1,22.9,Kochi
2015-06-05,28.9,25.4,16.2,Kochi
2015-06-06,32.3,24.7,0.4,Kochi
2015-06-07,32.2,25.6,19.6,Kochi
2015-06-08,28.6,25.1,30.5,Kochi
2015-06-09,30.5,24.7,10.2,Kochi
2015-06-10,31.4,25.1,2.7,Kochi
2015-06-11,28.6,24.9,51.3,Kochi
2015-06-12,30.1,24.5,10.7,Kochi
2015-06-13,30.6,25.1,6.5,Kochi
2015-06-14,30.7,24.7,18.5,Kochi
2015-06-15,29.2,25.1,16.4,Kochi
2015-06-16,29.5,24.9,21,Kochi
2015-06-17,29.6,24.4,10.3,Kochi
2015-06-18,27.9,24.7,23.9,Kochi
2015-06-19,28.8,24.9,17.3,Kochi
2015-06-20,29.2,25.5,8.2,Kochi
2015-06-21,31.8,26.3,11.1,Kochi
2015-06-22,31.2,25.6,17.6,Kochi
2015-06-23,30.1,25.1,8.9,Kochi
2015-06-24,31.1,24.9,8.2,Kochi
2015-06-25,30.7,25.5,15.3,Kochi
2015-06-26,29.2,24.8,26.3,Kochi
2015-06-27,28.5,24.5,18.8,Kochi
2015-06-28,30,24.4,6.3,Kochi
2015-06-29,28.9,25.1,13.4,Kochi
2015-06-30,31.5,25.2,2.8,Kochi
2015-07-01,31.5,25.4,8,Kochi
2015-07-02,31.9,25.5,2.7,Kochi
2015-07-03,31.5,25.6,10.1,Kochi
2015-07-04,31.3,25.5,5.1,Kochi
2015-07-05,30.2,25.8,5,Kochi
2015-07-06,30.8,25.4,5.5,Kochi
2015-07-07,31.1,25.5,2.1,Kochi
2015-07-08,31.3,25,6.7,Kochi
2015-07-09,29.1,24.9,27.9,Kochi
2015-07-10,28.8,25,29.6,Kochi
2015-07-11,29,25.2,20.9,Kochi
2015-07-12,30.9,24.3,4.4,Kochi
2015-07-13,31.6,25,3.9,Kochi
2015-07-14,29.9,24.7,9.2,Kochi
2015-07-15,27.1,25,18.6,Kochi
2015-07-16,30.1,25,13.4,Kochi
2015-07-17,28,24.8,26.1,Kochi
2015-07-18,30.5,24,35.4,Kochi
2015-07-19,27.1,24.5,33.8,Kochi
2015-07-20,29.3,24.2,16.2,Kochi
2015-07-21,30.4,24.8,32.3,Kochi
2015-07-22,28.3,24.6,32.8,Kochi
2015-07-23,28.3,24.3,34.2,Kochi
2015-07-24,28.9,24.2,28.5,Kochi
2015-07-25,29.8,24.8,33,Kochi
2015-07-26,29.3,24.5,18.1,Kochi
2015-07-27,31,24.6,6.9,Kochi
2015-07-28,31.7,24.5,3.1,Kochi
2015-07-29,31.4,23.6,0.8,Kochi
2015-07-30,31.2,24.6,2.4,Kochi
2015-07-31,32.1,25.3,3.7,Kochi
2015-08-01,31.5,24.8,11.8,Kochi
2015-08-02,29.6,25.2,22.4,Kochi
2015-08-03,29.4,24.7,17.4,Kochi
2015-08-04,30.2,24.9,18,Kochi
2015-08-05,29.5,24.4,24.8,Kochi
2015-08-06,31,24.9,6.6,Kochi
2015-08-07,30.7,25.3,7.9,Kochi
2015-08-08,31,25.2,6.7,Kochi
2015-08-09,28.8,24.8,21.5,Kochi
2015-08-10,30.2,24.8,22.4,Kochi
2015-08-11,30.3,24.7,7.7,Kochi
2015-08-12,30.2,25,9.7,Kochi
2015-08-13,30.5,24.9,5,Kochi
2015-08-14,30.5,24.5,1.3,Kochi
2015-08-15,31.1,25,6.7,Kochi
2015-08-16,30.3,24.9,7.3,Kochi
2015-08-17,31.2,24.7,13.4,Kochi
2015-08-18,32.2,24.6,22.1,Kochi
2015-08-19,31,25,6.7,Kochi
2015-08-20,32.2,25.5,4.4,Kochi
2015-08-21,30.7,25.6,8.8,Kochi
2015-08-22,29.4,25.1,15.8,Kochi
2015-08-23,28.6,24.8,9.6,Kochi
2015-08-24,31.2,25.3,5.6,Kochi
2015-08-25,31.7,25.1,2,Kochi
2015-08-26,30.5,25.1,3.2,Kochi
2015-08-27,30.6,24.9,2,Kochi
2015-08-28,31.4,25.2,3.5,Kochi
2015-08-29,31.7,24.1,2.8,Kochi
2015-08-30,31,24.5,4,Kochi
2015-08-31,32,25.6,2.3,Kochi
2015-09-01,32.3,24.6,2.7,Kochi
2015-09-02,31,23.9,2.2,Kochi
2015-09-03,31,24.5,2.1,Kochi
2015-09-04,30.5,25.8,5.1,Kochi
2015-09-05,30.1,25.5,12.6,Kochi
2015-09-06,30.6,24.5,24.9,Kochi
2015-09-07,29.4,24.5,16.9,Kochi
2015-09-08,29.1,23.9,10.7,Kochi
2015-09-09,28.8,24.6,15,Kochi
2015-09-10,29.8,24.5,9.6,Kochi
2015-09-11,29.9,24.8,14.6,Kochi
2015-09-12,30.6,24.7,20.1,Kochi
2015-09-13,31.5,24.7,2.7,Kochi
2015-09-14,31,25.2,5.9,Kochi
2015-09-15,29.4,25.4,10.9,Kochi
2015-09-16,29.3,25,14.6,Kochi
2015-09-17,29.7,24.8,19.7,Kochi
2015-09-18,30.7,25.2,7.9,Kochi
2015-09-19,29.4,25.2,26.6,Kochi
2015-09-20,29.5,25.1,16,Kochi
2015-09-21,31.7,24.4,0,Kochi
2015-09-22,31,24.8,1.9,Kochi
2015-09-23,31.6,24.8,4.6,Kochi
2015-09-24,31.4,24.8,7.7,Kochi
2015-09-25,32.4,24.6,3.5,Kochi
2015-09-26,31.5,24.2,13.4,Kochi
2015-09-27,30.6,24.9,12.8,Kochi
2015-09-28,31.2,24.3,13.6,Kochi
2015-09-29,30.7,24.6,11.1,Kochi
2015-09-30,30.2,24.1,25.3,Kochi
2015-10-01,30.9,24.5,16.5,Kochi
2015-10-02,31.1,25.1,7.9,Kochi
2015-10-03,31.8,25.4,7.7,Kochi
2015-10-04,29.4,24.8,25.9,Kochi
2015-10-05,27.3,24.7,30.6,Kochi
2015-10-06,31.8,24.7,10.7,Kochi
2015-10-07,32.2,25.1,5.9,Kochi
2015-10-08,30.7,25.1,16.3,Kochi
2015-10-09,30.8,24.8,22.8,Kochi
2015-10-10,30.2,24.8,42.7,Kochi
2015-10-11,31.6,25.3,12,Kochi
2015-10-12,31,24.6,11.4,Kochi
2015-10-13,31.5,25.3,15.1,Kochi
2015-10-14,31.2,24.8,5.3,Kochi
2015-10-15,32.1,25.7,1,Kochi
2015-10-16,32.4,25.5,0.4,Kochi
2015-10-17,31.5,25.9,1.4,Kochi
2015-10-18,31.2,25.6,11.4,Kochi
2015-10-19,32.7,25,5.6,Kochi
2015-10-20,32,24.8,1.2,Kochi
2015-10-21,31.7,25.1,1.4,Kochi
2015-10-22,31.1,25.3,1.3,Kochi
2015-10-23,31.3,25.1,3.1,Kochi
2015-10-24,32.8,25.2,1.5,Kochi
2015-10-25,28.1,24.7,28.3,Kochi
2015-10-26,31.2,24.9,0.4,Kochi
2015-10-27,29.4,24.8,2.2,Kochi
2015-10-28,31.7,25,4.1,Kochi
2015-10-29,32.1,24.2,7.2,Kochi
2015-10-30,32.3,24.2,11.2,Kochi
2015-10-31,30.2,23.9,16.1,Kochi
2015-11-01,28.3,24.7,86.4,Kochi
2015-11-02,29.6,24.4,15.2,Kochi
2015-11-03,32.5,24.5,2.6,Kochi
2015-11-04,32.1,24.8,6.2,Kochi
2015-11-05,29.7,24.2,16.3,Kochi
2015-11-06,31.6,24.1,2,Kochi
2015-11-07,31.5,24.3,35.6,Kochi
2015-11-08,28.1,24.5,95.2,Kochi
2015-11-09,27.5,24.8,6.6,Kochi
2015-11-10,29,24.1,1.4,Kochi
2015-11-11,31.5,24,1.3,Kochi
2015-11-12,32.1,24.5,0.9,Kochi
2015-11-13,29.9,24.3,13.7,Kochi
2015-11-14,29.9,24.1,4.2,Kochi
2015-11-15,27.1,24.5,16.1,Kochi
2015-11-16,30.9,24.2,0.5,Kochi
2015-11-17,32,24.5,2,Kochi
2015-11-18,31.7,24.9,17.6,Kochi
2015-11-19,30.9,25.1,6,Kochi
2015-11-20,32.1,24.8,4.8,Kochi
2015-11-21,32.1,24.2,4.1,Kochi
2015-11-22,28.5,25,21.3,Kochi
2015-11-23,31.3,24.8,12.7,Kochi
2015-11-24,31.5,25,0.4,Kochi
2015-11-25,32.5,25.1,0,Kochi
2015-11-26,32.4,25.1,0.4,Kochi
2015-11-27,32.1,23.8,0.4,Kochi
2015-11-28,31.2,25.1,0.2,Kochi
2015-11-29,32.2,25.4,0,Kochi
2015-11-30,30.6,25.5,13.4,Kochi
2015-12-01,31.1,24.9,18.2,Kochi
2015-12-02,30,24.8,5.6,Kochi
2015-12-03,31.9,24.8,1.2,Kochi
2015-12-04,31.9,24.5,1.9,Kochi
2015-12-05,29.7,25.8,4,Kochi
2015-12-06,29.7,25.1,5.3,Kochi
2015-12-07,29.2,24.6,8.8,Kochi
2015-12-08,28.2,24.8,10.1,Kochi
2015-12-09,30.5,24.8,7.7,Kochi
2015-12-10,30.8,24.6,8.5,Kochi
2015-12-11,30.5,24.2,13.9,Kochi
2015-12-12,30.9,25.5,9.3,Kochi
2015-12-13,31.9,25.1,9.7,Kochi
2015-12-14,30.7,24.8,8.7,Kochi
2015-12-15,31.2,24.2,8.7,Kochi
2015-12-16,30.5,24.2,1.2,Kochi
2015-12-17,31.8,24.2,0,Kochi
2015-12-18,31.5,24.6,0.9,Kochi
2015-12-19,30.3,24.4,0.8,Kochi
2015-12-20,31.6,24.8,0.1,Kochi
2015-12-21,32.1,25.1,0,Kochi
2015-12-22,32.2,24.5,0,Kochi
2015-12-23,31.5,24,0,Kochi
2015-12-24,31,23.7,0,Kochi
2015-12-25,32.3,23.5,0,Kochi
2015-12-26,31.8,23.2,0,Kochi
2015-12-27,33.8,22.3,0,Kochi
2015-12-28,34.5,24.9,0,Kochi
2015-12-29,33.4,24,0,Kochi
2015-12-30,33.1,25,0,Kochi
2015-12-31,32.5,23.1,0,Kochi
2016-01-01,33.1,20.2,0,Kochi
2016-01-02,33.1,19.7,0,Kochi
2016-01-03,33,21,0,Kochi
2016-01-04,33.4,20.8,0,Kochi
2016-01-05,32.9,21.9,0,Kochi
2016-01-06,33.8,22,0,Kochi
2016-01-07,33.3,23.8,0,Kochi
2016-01-08,33,23.9,0,Kochi
2016-01-09,32.3,24.3,0,Kochi
2016-01-10,32.7,25,0,Kochi
2016-01-11,32.9,24.6,0,Kochi
2016-01-12,32.9,24.5,0,Kochi
2016-01-13,32.1,25.3,0.1,Kochi
2016-01-14,31.9,24.5,0,Kochi
2016-01-15,32.6,24.3,0,Kochi
2016-01-16,32.4,24.5,0.5,Kochi
2016-01-17,33.4,23.6,0.3,Kochi
2016-01-18,32.4,24.3,0.4,Kochi
2016-01-19,33.4,24.4,0,Kochi
2016-01-20,34,25.3,0.2,Kochi
2016-01-21,34.2,26.1,0.6,Kochi
2016-01-22,33.3,24.7,1.6,Kochi
2016-01-23,34.4,25.6,0,Kochi
2016-01-24,34.5,25.3,0,Kochi
2016-01-25,34.1,25.6,0.7,Kochi
2016-01-26,33.6,25.8,1.2,Kochi
2016-01-27,33.2,25.5,0,Kochi
2016-01-28,33.8,25.6,0,Kochi
2016-01-29,33.7,25.4,0,Kochi
2016-01-30,34.3,25.4,0,Kochi
2016-01-31,34.2,23,0,Kochi
2016-02-01,33.9,23.3,0,Kochi
2016-02-02,34.5,22,0,Kochi
2016-02-03,32.9,22.7,0,Kochi
2016-02-04,33.7,22.2,0,Kochi
2016-02-05,33.4,22.8,0,Kochi
2016-02-06,33.4,22.7,0,Kochi
2016-02-07,33.6,25.2,0,Kochi
2016-02-08,34.8,25.1,0.1,Kochi
2016-02-09,32.5,26.8,0.9,Kochi
2016-02-10,34.7,25.8,1.3,Kochi
2016-02-11,33.9,24.9,3.4,Kochi
2016-02-12,33.2,26.5,0.2,Kochi
2016-02-13,32.8,26.2,0.7,Kochi
2016-02-14,33.8,25.8,0.5,Kochi
2016-02-15,33.5,26.4,0.2,Kochi
2016-02-16,35.9,25.5,0.4,Kochi
2016-02-17,35.7,26.5,0,Kochi
2016-02-18,36.7,26.3,0,Kochi
2016-02-19,36.6,26.9,0,Kochi
2016-02-20,34.9,26,0.9,Kochi
2016-02-21,35.6,26.3,0,Kochi
2016-02-22,37.4,27.6,0,Kochi
2016-02-23,34.5,27.6,0.2,Kochi
2016-02-24,33.2,27,0.9,Kochi
2016-02-25,36.5,27.5,1.2,Kochi
2016-02-26,37.4,26.1,0,Kochi
2016-02-27,36.3,27.3,0.5,Kochi
2016-02-28,36.8,26.7,0.5,Kochi
2016-02-29,36.7,26.3,0.2,Kochi
2016-03-01,36.6,26.8,0.1,Kochi
2016-03-02,35.2,26.5,0,Kochi
2016-03-03,35.7,26.1,0,Kochi
2016-03-04,35.2,26.1,0,Kochi
2016-03-05,35.9,26.4,0,Kochi
2016-03-06,36.2,26.3,0.5,Kochi
2016-03-07,35.5,27.2,0.7,Kochi
2016-03-08,36.1,27.1,0.7,Kochi
2016-03-09,36.5,26.5,0.5,Kochi
2016-03-10,36.5,26.8,0.5,Kochi
2016-03-11,37.1,28.2,0.8,Kochi
2016-03-12,36.1,27.6,1.6,Kochi
2016-03-13,37,26.9,0.7,Kochi
2016-03-14,37.4,27.9,0.5,Kochi
2016-03-15,34.8,27.4,3.5,Kochi
2016-03-16,35.9,27.2,0,Kochi
2016-03-17,37.3,26.6,0,Kochi
2016-03-18,37.5,27.1,0.5,Kochi
2016-03-19,36.7,28.1,0.5,Kochi
2016-03-20,38.1,28.6,0,Kochi
2016-03-21,36.4,28.9,0.1,Kochi
2016-03-22,37.1,29,4.4,Kochi
2016-03-23,37.3,27.1,2.3,Kochi
2016-03-24,36.9,28.4,3,Kochi
2016-03-25,36.9,28.1,0.5,Kochi
2016-03-26,38,27.9,0.3,Kochi
2016-03-27,37.8,28.1,0.2,Kochi
2016-03-28,37.3,27.8,0.1,Kochi
2016-03-29,37.3,27.1,5,Kochi
2016-03-30,37,27.3,2.4,Kochi
2016-03-31,37.8,28,1,Kochi
2016-04-01,38,27.8,1.2,Kochi
2016-04-02,37.4,27.9,2.9,Kochi
2016-04-03,37.3,28.8,0.5,Kochi
2016-04-04,36.6,29.1,2.5,Kochi
2016-04-05,34.5,28.3,2,Kochi
2016-04-06,36.3,26.7,2.3,Kochi
2016-04-07,38.4,28.1,1.5,Kochi
2016-04-08,38.3,27.8,1.7,Kochi
2016-04-09,35.3,26.2,3.3,Kochi
2016-04-10,37.5,27,3,Kochi
2016-04-11,36,28.2,1.7,Kochi
2016-04-12,37.1,28.5,0.8,Kochi
2016-04-13,36.8,28.5,0.9,Kochi
2016-04-14,37,29,3.2,Kochi
2016-04-15,35.7,27.3,6.6,Kochi
2016-04-16,35.8,27.8,3.7,Kochi
2016-04-17,35.3,28.2,1.4,Kochi
2016-04-18,36.7,28.4,0.3,Kochi
2016-04-19,36.6,28.2,2.8,Kochi
2016-04-20,36.6,27.8,1.4,Kochi
2016-04-21,34.5,27.6,4.5,Kochi
2016-04-22,35,28,2.2,Kochi
2016-04-23,35.6,28.3,1.5,Kochi
2016-04-24,36.3,29.1,0.2,Kochi
2016-04-25,36.4,29.6,0,Kochi
2016-04-26,37.8,28.6,0.2,Kochi
2016-04-27,39.3,29.1,2,Kochi
2016-04-28,36.7,28.7,2.7,Kochi
2016-04-29,37.4,28.9,1.4,Kochi
2016-04-30,38.7,28.6,1.5,Kochi
2016-05-01,37.3,27.5,2.3,Kochi
2016-05-02,36.1,27.9,1.2,Kochi
2016-05-03,35.9,27.5,0.4,Kochi
2016-05-04,36.1,27.5,5.6,Kochi
2016-05-05,37.4,26.9,8.8,Kochi
2016-05-06,36,26.3,3.8,Kochi
2016-05-07,35.9,27.4,10.3,Kochi
2016-05-08,36.2,27.5,4.4,Kochi
2016-05-09,35.2,27.2,2.8,Kochi
2016-05-10,34.6,25.8,19.3,Kochi
2016-05-11,30.9,25.6,6.5,Kochi
2016-05-12,33.5,25.7,17.9,Kochi
2016-05-13,33.6,25.1,10.8,Kochi
2016-05-14,34.3,24.9,15.2,Kochi
2016-05-15,30.9,25.3,12,Kochi
2016-05-16,28.4,25.2,8.6,Kochi
2016-05-17,26.9,24.5,30.9,Kochi
2016-05-18,29.8,24.3,24.6,Kochi
2016-05-19,31.5,25.2,14.2,Kochi
2016-05-20,30.7,24.5,21.8,Kochi
2016-05-21,32.2,26.2,3.9,Kochi
2016-05-22,32.9,27.3,9.9,Kochi
2016-05-23,33.2,27.6,10.6,Kochi
2016-05-24,31.9,27.2,13.7,Kochi
2016-05-25,31.3,26.7,14.2,Kochi
2016-05-26,32.4,26.3,6.2,Kochi
2016-05-27,30.9,25.9,14.9,Kochi
2016-05-28,30.4,25.7,15.8,Kochi
2016-05-29,32.2,24.9,13,Kochi
2016-05-30,30.8,25.1,22.7,Kochi
2016-05-31,28.8,25,34.4,Kochi
2016-06-01,28.8,25.5,48.6,Kochi
2016-06-02,30.9,25.1,27.7,Kochi
2016-06-03,29.6,25,22.1,Kochi
2016-06-04,28.6,26.3,15.9,Kochi
2016-06-05,30.6,26,8.4,Kochi
2016-06-06,29.7,25.8,12.1,Kochi
2016-06-07,28.7,25.7,19.6,Kochi
2016-06-08,26.9,25.4,58.4,Kochi
2016-06-09,29.3,25.4,33,Kochi
2016-06-10,27.8,25.2,23.5,Kochi
2016-06-11,29,24.8,16.6,Kochi
2016-06-12,29.2,25,20.7,Kochi
2016-06-13,30.4,24.8,11.8,Kochi
2016-06-14,30.9,25.2,4.7,Kochi
2016-06-15,31.5,25.5,8.1,Kochi
2016-06-16,29.4,25,13.9,Kochi
2016-06-17,27.7,24.6,26.8,Kochi
2016-06-18,25.9,23.6,47.1,Kochi
2016-06-19,29.4,23.9,18.5,Kochi
2016-06-20,29.3,23.8,19.4,Kochi
2016-06-21,26.9,24.2,23,Kochi
2016-06-22,30.3,24,16.6,Kochi
2016-06-23,29,24,12.7,Kochi
2016-06-24,28.1,24.2,34.5,Kochi
2016-06-25,28.5,23.6,18.1,Kochi
2016-06-26,31.6,24.5,6.5,Kochi
2016-06-27,29.2,25.3,25.7,Kochi
2016-06-28,29.6,24.9,25,Kochi
2016-06-29,29,25.4,11.2,Kochi
2016-06-30,30.2,24.6,10.3,Kochi
2016-07-01,31.6,26,11.6,Kochi
2016-07-02,31.6,25.8,3.8,Kochi
2016-07-03,31,25.2,5.8,Kochi
2016-07-04,30.2,24.5,18.7,Kochi
2016-07-05,30.5,24.6,15.3,Kochi
2016-07-06,30.2,24.9,25.3,Kochi
2016-07-07,29.6,24.8,6,Kochi
2016-07-08,28.7,24.7,27,Kochi
2016-07-09,29,24.5,13.8,Kochi
2016-07-10,28.3,24.8,12.3,Kochi
2016-07-11,28.3,24.7,13.6,Kochi
2016-07-12,29.9,24.2,9.7,Kochi
2016-07-13,29.6,23.8,4.9,Kochi
2016-07-14,29.2,24.6,22.4,Kochi
2016-07-15,28.9,24.8,17.5,Kochi
2016-07-16,29.2,24,12.5,Kochi
2016-07-17,29.5,24.2,4.6,Kochi
2016-07-18,28.3,24,27.4,Kochi
2016-07-19,30,23.5,1.4,Kochi
2016-07-20,28.7,24.5,7.4,Kochi
2016-07-21,29,24.6,4.2,Kochi
2016-07-22,29.3,24.9,6.2,Kochi
2016-07-23,29.2,24.3,12.2,Kochi
2016-07-24,27.6,24.3,36.3,Kochi
2016-07-25,29.2,24.7,16.8,Kochi
2016-07-26,29.5,24.7,29.1,Kochi
2016-07-27,28.5,24.7,22.2,Kochi
2016-07-28,30.6,24.3,55.9,Kochi
2016-07-29,29.6,24.8,14.8,Kochi
2016-07-30,30.6,24.5,6.3,Kochi
2016-07-31,30.6,24.9,5.9,Kochi
2016-08-01,30.4,25.3,6.1,Kochi
2016-08-02,30.7,25.6,2,Kochi
2016-08-03,30.6,25.2,9.1,Kochi
2016-08-04,29.5,25.1,9.7,Kochi
2016-08-05,28.8,24.9,10.5,Kochi
2016-08-06,30.9,24.7,2.5,Kochi
2016-08-07,30.8,25.1,4,Kochi
2016-08-08,30.3,24.6,4.4,Kochi
2016-08-09,30.6,24.6,4.4,Kochi
2016-08-10,30.7,24.8,3.6,Kochi
2016-08-11,30.4,25,3,Kochi
2016-08-12,30.1,24.2,19.3,Kochi
2016-08-13,30.4,25,4.7,Kochi
2016-08-14,28.5,24.8,16.3,Kochi
2016-08-15,29.5,24.8,9.9,Kochi
2016-08-16,29.6,24.9,6.2,Kochi
2016-08-17,30.2,24.9,4.1,Kochi
2016-08-18,29.5,24.6,8.5,Kochi
2016-08-19,29.4,24.4,4.7,Kochi
2016-08-20,29.6,24.8,4.3,Kochi
2016-08-21,30.6,25.4,1.8,Kochi
2016-08-22,29.7,25.1,2.9,Kochi
2016-08-23,29.1,25.3,11.7,Kochi
2016-08-24,29.4,25.3,8.3,Kochi
2016-08-25,29.4,24.6,7,Kochi
2016-08-26,28.4,24.7,23.5,Kochi
2016-08-27,29.2,24.2,8.4,Kochi
2016-08-28,30.5,24.5,5.6,Kochi
2016-08-29,30.2,24.6,4.9,Kochi
2016-08-30,28.1,24.4,25.3,Kochi
2016-08-31,28.5,24.5,19.6,Kochi
2016-09-01,28,24.1,35.9,Kochi
2016-09-02,27.3,24.1,24.5,Kochi
2016-09-03,29.3,23.7,9,Kochi
2016-09-04,28.8,24.9,4.4,Kochi
2016-09-05,30.2,24.5,1.3,Kochi
2016-09-06,29.5,24.7,3.9,Kochi
2016-09-07,28.9,23.3,1.1,Kochi
2016-09-08,29.1,24.2,5.3,Kochi
2016-09-09,30.4,23.1,1.5,Kochi
2016-09-10,29.8,24.1,5,Kochi
2016-09-11,29.5,24.6,3.9,Kochi
2016-09-12,28.9,24.1,5.1,Kochi
2016-09-13,29.1,24.4,17,Kochi
2016-09-14,28.8,24.6,16,Kochi
2016-09-15,29.5,24.6,8,Kochi
2016-09-16,30.1,24.5,5.7,Kochi
2016-09-17,30.2,24.6,3.5,Kochi
2016-09-18,29.1,24.6,21.5,Kochi
2016-09-19,29.6,24.4,3.3,Kochi
2016-09-20,29.9,24.6,4.6,Kochi
2016-09-21,28.7,24.2,12.6,Kochi
2016-09-22,30.1,24.3,5.3,Kochi
2016-09-23,29.6,24.5,4.7,Kochi
2016-09-24,29.8,24.4,7.4,Kochi
2016-09-25,28.9,24.2,6,Kochi
2016-09-26,29.5,24.7,4.8,Kochi
2016-09-27,29.2,24.5,5.5,Kochi
2016-09-28,27.7,24.8,10.2,Kochi
2016-09-29,28.8,24.8,19.8,Kochi
2016-09-30,29.4,24.1,5.1,Kochi
2016-10-01,30,24,1.8,Kochi
2016-10-02,29.7,23,0.3,Kochi
2016-10-03,30,23.3,1.3,Kochi
2016-10-04,30,23.8,1.1,Kochi
2016-10-05,29.9,23.8,2,Kochi
2016-10-06,29.2,23.7,2.3,Kochi
2016-10-07,29.2,23.3,1.1,Kochi
2016-10-08,29,24.2,1.3,Kochi
2016-10-09,29.5,23.7,3.2,Kochi
2016-10-10,29.4,23.8,0.7,Kochi
2016-10-11,29.1,22.9,2.2,Kochi
2016-10-12,30.8,24.7,2.2,Kochi
2016-10-13,28.6,25,35.4,Kochi
2016-10-14,29.7,24.6,25.2,Kochi
2016-10-15,31.2,24.4,14.7,Kochi
2016-10-16,32.3,24.9,3.6,Kochi
2016-10-17,31.1,25.3,7.5,Kochi
2016-10-18,31.7,25,0.2,Kochi
2016-10-19,31.3,25.2,3.9,Kochi
2016-10-20,29.9,25,11,Kochi
2016-10-21,27.6,24,13.7,Kochi
2016-10-22,28.5,24.3,7.3,Kochi
2016-10-23,30.8,24.3,6.6,Kochi
2016-10-24,31,23.6,0.9,Kochi
2016-10-25,30.6,24,0.8,Kochi
2016-10-26,31,24.7,2.8,Kochi
2016-10-27,29.3,24.5,7.8,Kochi
2016-10-28,31.3,24.4,2.4,Kochi
2016-10-29,30.9,25,4.1,Kochi
2016-10-30,29.8,24.7,6.3,Kochi
2016-10-31,28.6,24.6,18.2,Kochi
2016-11-01,30.5,24.8,20.3,Kochi
2016-11-02,30.5,24,6,Kochi
2016-11-03,29.9,24.2,18.3,Kochi
2016-11-04,27.8,24.7,14.4,Kochi
2016-11-05,30.9,24.6,0.9,Kochi
2016-11-06,31.6,24.5,0,Kochi
2016-11-07,31,23.5,0.1,Kochi
2016-11-08,31.7,23.7,0.2,Kochi
2016-11-09,30.4,24.8,0.4,Kochi
2016-11-10,30.7,25.6,0,Kochi
2016-11-11,30.3,24.6,1.5,Kochi
2016-11-12,31.4,25.3,0.7,Kochi
2016-11-13,31.1,24.9,3.9,Kochi
2016-11-14,30.5,25.2,11.4,Kochi
2016-11-15,30.6,24.7,1.9,Kochi
2016-11-16,31.6,25.5,0,Kochi
2016-11-17,31.9,25,0,Kochi
2016-11-18,31,24.7,0,Kochi
2016-11-19,30.6,24.8,1.7,Kochi
2016-11-20,30.3,24.7,0.2,Kochi
2016-11-21,30.5,24.3,0,Kochi
2016-11-22,32,24.1,0.1,Kochi
2016-11-23,30.9,25.5,0.2,Kochi
2016-11-24,30.8,26.2,0,Kochi
2016-11-25,30.7,24.7,0.4,Kochi
2016-11-26,31.3,24.8,0,Kochi
2016-11-27,31.3,24.5,0,Kochi
2016-11-28,30.1,24.4,0,Kochi
2016-11-29,30,23.8,0,Kochi
2016-11-30,29.8,25,0,Kochi
2016-12-01,29.2,20.2,6.8,Kochi
2016-12-02,28.4,20.4,3.1,Kochi
2016-12-03,31.6,22.8,4.5,Kochi
2016-12-04,32.5,23.5,0,Kochi
2016-12-05,32.1,24.1,0,Kochi
2016-12-06,30.8,24,1.5,Kochi
2016-12-07,31,24.2,1.5,Kochi
2016-12-08,32,22.9,1.4,Kochi
2016-12-09,31.9,24.2,0.7,Kochi
2016-12-10,30.4,24.2,0.4,Kochi
2016-12-11,30.8,23.7,0.7,Kochi
2016-12-12,30.7,22.6,0.3,Kochi
2016-12-13,29.4,23.4,1.6,Kochi
2016-12-14,30.2,22.6,1.3,Kochi
2016-12-15,33.2,23.2,0,Kochi
2016-12-16,32.3,24.5,0.6,Kochi
2016-12-17,32.3,23.6,0.8,Kochi
2016-12-18,32.2,24.5,0,Kochi
2016-12-19,32.5,24.2,0,Kochi
2016-12-20,32.9,24.7,0,Kochi
2016-12-21,33.2,24.2,0.1,Kochi
2016-12-22,33.1,24.4,0.1,Kochi
2016-12-23,32.8,24.6,0,Kochi
2016-12-24,32.5,24,0,Kochi
2016-12-25,30.8,25.5,0.2,Kochi
2016-12-26,32.8,24,0,Kochi
2016-12-27,32.8,24.8,0,Kochi
2016-12-28,33.5,24.7,0,Kochi
2016-12-29,34.4,23.4,0,Kochi
2016-12-30,33.5,23.8,0,Kochi
2016-12-31,32.7,22.3,0,Kochi
2017-01-01,29.4,22.1,0,Kochi
2017-01-02,29.2,22.9,0.6,Kochi
2017-01-03,29,23.3,0,Kochi
2017-01-04,28.9,23.7,0.1,Kochi
2017-01-05,28.9,23.4,0.4,Kochi
2017-01-06,28.5,23.6,0.3,Kochi
2017-01-07,28.8,23.4,1.6,Kochi
2017-01-08,28.7,23.7,0.2,Kochi
2017-01-09,28.5,23.6,0.3,Kochi
2017-01-10,28.7,23.3,2.5,Kochi
2017-01-11,29.1,23.4,0.1,Kochi
2017-01-12,28.5,23.5,0.6,Kochi
2017-01-13,29.3,23.9,0.9,Kochi
2017-01-14,29.5,24.1,0.4,Kochi
2017-01-15,30.1,23.5,0.9,Kochi
2017-01-16,28.8,23.3,0.1,Kochi
2017-01-17,28.9,23.6,0.5,Kochi
2017-01-18,30.2,22.4,0,Kochi
2017-01-19,31,21.7,0,Kochi
2017-01-20,29.3,22.3,0,Kochi
2017-01-21,31.1,24.4,0.1,Kochi
2017-01-22,29.3,25.1,2.6,Kochi
2017-01-23,30.4,23.4,0,Kochi
2017-01-24,31.5,23.3,0,Kochi
2017-01-25,30.4,23.9,0,Kochi
2017-01-26,30.9,25.1,0,Kochi
2017-01-27,30.8,25.4,8.9,Kochi
2017-01-28,29.1,24.8,6.9,Kochi
2017-01-29,29.7,24.1,0.8,Kochi
2017-01-30,28.8,24.7,1.3,Kochi
2017-01-31,29.5,23.9,0,Kochi
2017-02-01,28.7,24.5,0.2,Kochi
2017-02-02,28.8,23.8,0,Kochi
2017-02-03,30.7,22.7,0,Kochi
2017-02-04,30.4,23,0,Kochi
2017-02-05,29.1,21.9,0.5,Kochi
2017-02-06,27.6,23.8,4.5,Kochi
2017-02-07,28.1,23.8,1.5,Kochi
2017-02-08,28.7,24.4,0,Kochi
2017-02-09,29.3,24,0,Kochi
2017-02-10,29,24,0.2,Kochi
2017-02-11,29.3,24.1,0.7,Kochi
2017-02-12,29.7,24,1.1,Kochi
2017-02-13,30.9,23.4,0,Kochi
2017-02-14,32.2,23.1,0,Kochi
2017-02-15,32.6,25,0,Kochi
2017-02-16,32.1,24.2,0.4,Kochi
2017-02-17,32.7,23.2,0,Kochi
2017-02-18,30.6,21.5,0,Kochi
2017-02-19,30.9,22.4,0,Kochi
2017-02-20,29.6,23.1,0,Kochi
2017-02-21,30.1,24.8,0.2,Kochi
2017-02-22,30.3,24.6,0.1,Kochi
2017-02-23,30.3,25,0.7,Kochi
2017-02-24,30,25,0,Kochi
2017-02-25,30.7,25,0.2,Kochi
2017-02-26,30.2,24.8,0.9,Kochi
2017-02-27,30.2,25,0,Kochi
2017-02-28,32.2,25,0,Kochi
2017-03-01,31.9,24.9,0,Kochi
2017-03-02,33.4,24.5,0,Kochi
2017-03-03,30.5,26.3,1.3,Kochi
2017-03-04,28.2,24.9,7.1,Kochi
2017-03-05,29.4,24.2,7.2,Kochi
2017-03-06,29.3,24.4,4.7,Kochi
2017-03-07,29.2,25.2,7.2,Kochi
2017-03-08,29.1,24.6,6.3,Kochi
2017-03-09,29.3,24.6,12.1,Kochi
2017-03-10,28.6,24.2,14,Kochi
2017-03-11,29.6,25.2,0.1,Kochi
2017-03-12,29.5,25.1,0,Kochi
2017-03-13,29.8,24.9,0.3,Kochi
2017-03-14,30.4,25.5,7.5,Kochi
2017-03-15,29.3,24.6,25.2,Kochi
2017-03-16,28.2,24,6.6,Kochi
2017-03-17,29.4,24,0.1,Kochi
2017-03-18,29.6,25.8,5.1,Kochi
2017-03-19,29.7,25.1,0,Kochi
2017-03-20,29.7,25,1.2,Kochi
2017-03-21,30.2,24.9,0.4,Kochi
2017-03-22,30.5,25.2,3.4,Kochi
2017-03-23,29.5,24.8,0.3,Kochi
2017-03-24,29.5,25,0.7,Kochi
2017-03-25,29.9,25.5,1.5,Kochi
2017-03-26,30.4,25.1,2.8,Kochi
2017-03-27,29.4,26.1,2.7,Kochi
2017-03-28,29.3,25.6,0.4,Kochi
2017-03-29,29.9,25.4,2.3,Kochi
2017-03-30,29.8,25.5,1,Kochi
2017-03-31,30.7,26.2,1.5,Kochi
2017-04-01,30.3,25.5,0.6,Kochi
2017-04-02,30.6,25.8,3.8,Kochi
2017-04-03,30.2,25.2,1.6,Kochi
2017-04-04,29.8,26.3,2.5,Kochi
2017-04-05,30.1,26.3,5.6,Kochi
2017-04-06,30.4,26.1,3.6,Kochi
2017-04-07,31,24.3,3.5,Kochi
2017-04-08,31.3,25.7,6.5,Kochi
2017-04-09,30.6,25.6,4.6,Kochi
2017-04-10,30.3,24.9,6.4,Kochi
2017-04-11,30.5,25,7.8,Kochi
2017-04-12,31,25.8,1.8,Kochi
2017-04-13,30,25.9,11.4,Kochi
2017-04-14,29.9,25,17.3,Kochi
2017-04-15,31,25.8,9.7,Kochi
2017-04-16,29.9,25.4,2.6,Kochi
2017-04-17,30.4,25.7,0.8,Kochi
2017-04-18,30.3,26.2,1.2,Kochi
2017-04-19,30.6,26.9,2.7,Kochi
2017-04-20,29.9,26.6,5.3,Kochi
2017-04-21,28.5,24.8,16.7,Kochi
2017-04-22,30.1,25.8,3.9,Kochi
2017-04-23,30.5,26.4,9,Kochi
2017-04-24,30.3,25.9,4.4,Kochi
2017-04-25,30.8,27.1,1,Kochi
2017-04-26,30.6,27.8,3.5,Kochi
2017-04-27,30.5,27,0.5,Kochi
2017-04-28,30.9,26.5,1.4,Kochi
2017-04-29,30.5,26,4.5,Kochi
2017-04-30,31.1,26.9,0.9,Kochi
2017-05-01,29.7,25.8,9,Kochi
2017-05-02,29.8,24.6,6.6,Kochi
2017-05-03,30.1,25,11,Kochi
2017-05-04,30.2,24.9,5.5,Kochi
2017-05-05,30.5,25.4,12.5,Kochi
2017-05-06,29.9,25.2,9.2,Kochi
2017-05-07,29.4,25.3,20,Kochi
2017-05-08,29.9,24.7,3.3,Kochi
2017-05-09,30.1,25.6,6.8,Kochi
2017-05-10,30.6,24.9,22.4,Kochi
2017-05-11,29.8,24.8,5.1,Kochi
2017-05-12,30.1,25.3,10.3,Kochi
2017-05-13,30.9,25.5,5.4,Kochi
2017-05-14,30,25.2,17.6,Kochi
2017-05-15,30.5,25,42.1,Kochi
2017-05-16,30.4,26.5,4.6,Kochi
2017-05-17,30.3,25.7,9,Kochi
2017-05-18,30.4,25.2,20,Kochi
2017-05-19,29.8,25.3,2.7,Kochi
2017-05-20,29.4,26.7,14,Kochi
2017-05-21,29.4,25.7,19.1,Kochi
2017-05-22,28.5,24.7,18.7,Kochi
2017-05-23,30,26.6,15.7,Kochi
2017-05-24,29.4,25.2,14.4,Kochi
2017-05-25,28.6,25.5,29.1,Kochi
2017-05-26,30.1,24.9,10.8,Kochi
2017-05-27,30.6,27.3,4.2,Kochi
2017-05-28,29,25.6,16,Kochi
2017-05-29,28.6,25.8,26.2,Kochi
2017-05-30,27.9,24.3,68.2,Kochi
2017-05-31,27.2,23.8,23.9,Kochi
2017-06-01,27.2,24.9,60.5,Kochi
2017-06-02,28.1,25.6,37.1,Kochi
2017-06-03,27.9,25.5,52.4,Kochi
2017-06-04,28.1,25.6,36.9,Kochi
2017-06-05,27.9,25.3,17.9,Kochi
2017-06-06,27.8,25,30.7,Kochi
2017-06-07,27.7,24.7,20,Kochi
2017-06-08,29,24.9,5.8,Kochi
2017-06-09,27.3,25.3,7.9,Kochi
2017-06-10,26.3,23.8,50.4,Kochi
2017-06-11,27.3,23.7,24.2,Kochi
2017-06-12,27.3,24.6,33.1,Kochi
2017-06-13,27.7,24.6,14.4,Kochi
2017-06-14,27.9,25.1,12.7,Kochi
2017-06-15,28.4,25.5,9.8,Kochi
2017-06-16,28.4,25.4,21.2,Kochi
2017-06-17,28.2,25.1,10,Kochi
2017-06-18,28.3,25.5,7.2,Kochi
2017-06-19,28.7,25.1,12.4,Kochi
2017-06-20,27.6,25,16.9,Kochi
2017-06-21,27.2,24.7,7.6,Kochi
2017-06-22,27.4,25.1,18,Kochi
2017-06-23,27.1,24.8,29.5,Kochi
2017-06-24,26.5,24.5,16,Kochi
2017-06-25,26.7,23.5,38.8,Kochi
2017-06-26,26.5,25,26.2,Kochi
2017-06-27,26.3,23.5,35.5,Kochi
2017-06-28,28.1,23,15.7,Kochi
2017-06-29,28.2,24.3,8.3,Kochi
2017-06-30,27.8,24.2,9.9,Kochi
2017-07-01,27.1,24.7,22.8,Kochi
2017-07-02,26.8,23.9,19.8,Kochi
2017-07-03,26.4,24.4,13.4,Kochi
2017-07-04,28.1,24.6,8.4,Kochi
2017-07-05,28,24.8,6.1,Kochi
2017-07-06,27.2,24.5,14.3,Kochi
2017-07-07,27.2,25,21.4,Kochi
2017-07-08,26.8,24.7,18.7,Kochi
2017-07-09,26.6,24.3,14,Kochi
2017-07-10,27.3,24.2,6.8,Kochi
2017-07-11,27.2,24.5,31.9,Kochi
2017-07-12,27.4,24.4,3.8,Kochi
2017-07-13,27.4,24.6,10.5,Kochi
2017-07-14,27.9,24.3,6.8,Kochi
2017-07-15,27.9,24.6,5.9,Kochi
2017-07-16,26.8,24.9,6.9,Kochi
2017-07-17,27.2,24.5,8.8,Kochi
2017-07-18,27.9,25.1,10.7,Kochi
2017-07-19,27.2,24.6,21.1,Kochi
2017-07-20,27.2,24.7,21.4,Kochi
2017-07-21,27.6,24.2,7.1,Kochi
2017-07-22,28.1,24.3,0.9,Kochi
2017-07-23,28.7,25.1,2.6,Kochi
2017-07-24,28.2,24.9,1.8,Kochi
2017-07-25,29,25.5,0.3,Kochi
2017-07-26,28.2,25.8,3.2,Kochi
2017-07-27,28.5,25.1,15.8,Kochi
2017-07-28,28.1,24.3,22.8,Kochi
2017-07-29,28.3,24.4,2.9,Kochi
2017-07-30,28.3,24.7,14.8,Kochi
2017-07-31,27.6,25,14.6,Kochi
2017-08-01,28.2,24.6,4.3,Kochi
2017-08-02,27.4,25.3,5.3,Kochi
2017-08-03,27.1,24.5,17.2,Kochi
2017-08-04,27.3,24.7,17.3,Kochi
2017-08-05,26.6,24.7,34.5,Kochi
2017-08-06,26.2,24.7,30.9,Kochi
2017-08-07,26.9,24.8,22.8,Kochi
2017-08-08,27.9,24.8,13.9,Kochi
2017-08-09,26.9,24.3,21.4,Kochi
2017-08-10,27.3,24.4,20.4,Kochi
2017-08-11,25.9,24,21.4,Kochi
2017-08-12,28,24.2,3.2,Kochi
2017-08-13,27.4,24.8,2.1,Kochi
2017-08-14,28.5,24.5,4.2,Kochi
2017-08-15,27.7,24.3,5.6,Kochi
2017-08-16,26.9,24.2,17.1,Kochi
2017-08-17,27.5,24.1,12.9,Kochi
2017-08-18,26.5,24.9,28.9,Kochi
2017-08-19,26.2,24.6,13.2,Kochi
2017-08-20,27,24.5,61.9,Kochi
2017-08-21,26.1,24.3,21.9,Kochi
2017-08-22,26.2,23.6,41.2,Kochi
2017-08-23,27.1,24.3,5.3,Kochi
2017-08-24,28.1,25.3,4,Kochi
2017-08-25,27.9,25,5.1,Kochi
2017-08-26,27.3,24.6,9.4,Kochi
2017-08-27,27,24.6,14.5,Kochi
2017-08-28,26,24.6,34.8,Kochi
2017-08-29,25.6,24.7,38.9,Kochi
2017-08-30,27.4,24.6,13.8,Kochi
2017-08-31,28.5,24.1,1.9,Kochi
2017-09-01,28.4,25.1,3,Kochi
2017-09-02,28.6,24.5,8,Kochi
2017-09-03,27.2,24.3,9.3,Kochi
2017-09-04,28,23.9,11.2,Kochi
2017-09-05,28.6,24.5,20.4,Kochi
2017-09-06,27.4,23.8,19.6,Kochi
2017-09-07,28,24.5,13.2,Kochi
2017-09-08,27.1,24.2,7.4,Kochi
2017-09-09,26.9,24.7,8.6,Kochi
2017-09-10,28.5,24.2,3.4,Kochi
2017-09-11,28.3,24.9,5.5,Kochi
2017-09-12,28.3,24.7,5,Kochi
2017-09-13,28.8,24.8,30.8,Kochi
2017-09-14,27.2,24.7,18.7,Kochi
2017-09-15,28.3,24.4,15.2,Kochi
2017-09-16,27,24.6,19.1,Kochi
2017-09-17,26.4,24.7,44.5,Kochi
2017-09-18,27.1,24.2,16.9,Kochi
2017-09-19,27,24.7,7.9,Kochi
2017-09-20,28.1,24.4,6,Kochi
2017-09-21,27.3,24.4,6.5,Kochi
2017-09-22,28.7,24.2,3.5,Kochi
2017-09-23,28.8,24.3,0.7,Kochi
2017-09-24,28.7,24.7,1.2,Kochi
2017-09-25,28,24.6,3.5,Kochi
2017-09-26,27.9,24.5,17.1,Kochi
2017-09-27,26.6,24.7,14.9,Kochi
2017-09-28,26.8,24.8,16,Kochi
2017-09-29,27.6,24.8,13.8,Kochi
2017-09-30,28.5,24.6,4.9,Kochi
2017-10-01,27.7,24.7,5,Kochi
2017-10-02,28.2,24.2,10.1,Kochi
2017-10-03,28.9,24.1,1.9,Kochi
2017-10-04,28.6,25,5.4,Kochi
2017-10-05,28.2,24.6,18.2,Kochi
2017-10-06,27.8,24.1,20.2,Kochi
2017-10-07,28.3,24.6,11.3,Kochi
2017-10-08,28.4,24.5,11.3,Kochi
2017-10-09,28.8,24.1,0.9,Kochi
2017-10-10,29.3,25.3,3,Kochi
2017-10-11,28.9,25,8,Kochi
2017-10-12,27.7,24.5,13.8,Kochi
2017-10-13,27.1,24.5,12.2,Kochi
2017-10-14,26.7,24.8,25.5,Kochi
2017-10-15,27.6,24.1,11,Kochi
2017-10-16,28.4,24.6,11.2,Kochi
2017-10-17,26.7,24.1,19.2,Kochi
2017-10-18,26.6,23.4,12.9,Kochi
2017-10-19,28.8,23.8,14.3,Kochi
2017-10-20,28.2,24.7,3.8,Kochi
2017-10-21,26,24.1,58,Kochi
2017-10-22,28.6,23.8,4.6,Kochi
2017-10-23,29.4,24.3,0,Kochi
2017-10-24,28.8,23.6,0,Kochi
2017-10-25,28.8,24,0,Kochi
2017-10-26,28.5,24.7,9.7,Kochi
2017-10-27,28.8,23.9,14.4,Kochi
2017-10-28,28.1,23.8,10.5,Kochi
2017-10-29,28.4,24.1,1.6,Kochi
2017-10-30,28.8,24,9.5,Kochi
2017-10-31,27.4,24.6,1.1,Kochi
2017-11-01,28.4,24.7,9,Kochi
2017-11-02,28.1,24.7,9.4,Kochi
2017-11-03,30.1,24.4,1.6,Kochi
2017-11-04,28.6,24.8,6.4,Kochi
2017-11-05,28.8,24.7,8.2,Kochi
2017-11-06,28.5,24,3.2,Kochi
2017-11-07,27.4,24.3,4.4,Kochi
2017-11-08,28.3,24.1,14.2,Kochi
2017-11-09,28.4,23.4,6.1,Kochi
2017-11-10,28.4,23.6,0.6,Kochi
2017-11-11,28.9,23.9,0.9,Kochi
2017-11-12,28.4,24.1,1.1,Kochi
2017-11-13,29.1,24,2,Kochi
2017-11-14,29.1,24.1,0.1,Kochi
2017-11-15,28.8,24.2,1.2,Kochi
2017-11-16,28.4,23.6,0.3,Kochi
2017-11-17,28.8,23.8,0.1,Kochi
2017-11-18,29.1,24.4,1.5,Kochi
2017-11-19,28.6,24.4,13.4,Kochi
2017-11-20,28.7,24.4,5.7,Kochi
2017-11-21,28.7,24.3,1.5,Kochi
2017-11-22,28.5,24.7,4.6,Kochi
2017-11-23,28.7,23.9,0.6,Kochi
2017-11-24,28.7,24.4,0,Kochi
2017-11-25,28.6,24.7,1.6,Kochi
2017-11-26,28.5,25,2,Kochi
2017-11-27,28.1,24.4,11.1,Kochi
2017-11-28,28.6,24.5,0.3,Kochi
2017-11-29,29.2,24.7,0.1,Kochi
2017-11-30,28.7,25.2,14.4,Kochi
2017-12-01,28,24.4,15.3,Kochi
2017-12-02,28.9,23.9,3,Kochi
2017-12-03,28.9,23.7,0.3,Kochi
2017-12-04,30,23.8,0.2,Kochi
2017-12-05,28.3,24.5,0.8,Kochi
2017-12-06,28.5,24.1,0.4,Kochi
2017-12-07,27.9,24.1,1,Kochi
2017-12-08,28.3,24.3,3.5,Kochi
2017-12-09,28.4,23.9,1,Kochi
2017-12-10,28.7,24.1,1.4,Kochi
2017-12-11,28.5,24.3,1.3,Kochi
2017-12-12,27.6,24.5,1.3,Kochi
2017-12-13,27.6,24.1,2.9,Kochi
2017-12-14,28.2,24,2.6,Kochi
2017-12-15,28.8,23.7,0,Kochi
2017-12-16,29.6,24.2,0,Kochi
2017-12-17,30.2,23.4,0,Kochi
2017-12-18,28.2,22.7,0,Kochi
2017-12-19,28.3,22.4,0,Kochi
2017-12-20,29.8,24,0,Kochi
2017-12-21,29,23.5,0.3,Kochi
2017-12-22,29.7,24.6,0,Kochi
2017-12-23,28.9,23.7,0,Kochi
2017-12-24,28.8,23.7,0.4,Kochi
2017-12-25,28.5,23.1,0,Kochi
2017-12-26,29.3,23,0,Kochi
2017-12-27,29.4,23.8,0,Kochi
2017-12-28,30.5,22.3,0,Kochi
2017-12-29,29.2,21.9,0,Kochi
2017-12-30,29.6,21.7,0,Kochi
2017-12-31,28.6,22.8,0,Kochi
2018-01-01,28.6,22.7,0.9,Kochi
2018-01-02,28.4,22.8,0.5,Kochi
2018-01-03,28.2,23.3,0.3,Kochi
2018-01-04,29.4,23.3,0,Kochi
2018-01-05,28.1,23.1,1.3,Kochi
2018-01-06,28.6,22.8,0.3,Kochi
2018-01-07,28.1,23,0.3,Kochi
2018-01-08,28.7,22.6,0.5,Kochi
2018-01-09,29,22.7,0,Kochi
2018-01-10,29.7,24.3,1.5,Kochi
2018-01-11,29.9,23.9,0.6,Kochi
2018-01-12,29.6,24.1,0,Kochi
2018-01-13,29.7,24.7,0.4,Kochi
2018-01-14,31.1,23.5,0.2,Kochi
2018-01-15,30.3,22.4,0,Kochi
2018-01-16,29.8,22.3,0,Kochi
2018-01-17,29.2,23.7,1.8,Kochi
2018-01-18,29.6,23.6,0.5,Kochi
2018-01-19,30.6,23.4,0.8,Kochi
2018-01-20,29.4,22.5,0.3,Kochi
2018-01-21,28.5,22.9,0,Kochi
2018-01-22,28.7,22.7,0.5,Kochi
2018-01-23,28.6,23.5,2.1,Kochi
2018-01-24,29.3,23.2,0.9,Kochi
2018-01-25,29.4,23.9,0.1,Kochi
2018-01-26,28.8,23.9,0.4,Kochi
2018-01-27,29.4,23.4,0.7,Kochi
2018-01-28,28.9,24,0.4,Kochi
2018-01-29,29.4,24.1,0,Kochi
2018-01-30,30,23,0,Kochi
2018-01-31,30.2,22.9,0,Kochi
2018-02-01,30.2,23.2,0,Kochi
2018-02-02,29.8,23,0,Kochi
2018-02-03,31.4,23.2,0,Kochi
2018-02-04,29.7,22.9,0,Kochi
2018-02-05,30.5,23.1,0,Kochi
2018-02-06,30.7,24.1,1.8,Kochi
2018-02-07,29.3,24.5,1.6,Kochi
2018-02-08,29.3,24.3,1.3,Kochi
2018-02-09,30,24.4,6.3,Kochi
2018-02-10,29.7,23.9,0.2,Kochi
2018-02-11,29.3,25,3.3,Kochi
2018-02-12,28.5,23.6,1.6,Kochi
2018-02-13,29.7,24.6,0.6,Kochi
2018-02-14,29.8,24.2,0,Kochi
2018-02-15,30.8,23.6,0,Kochi
2018-02-16,31.1,23.7,0,Kochi
2018-02-17,30.4,24.5,0,Kochi
2018-02-18,29.6,24.8,0.7,Kochi
2018-02-19,30.3,24.6,0.1,Kochi
2018-02-20,30.6,23.7,0.4,Kochi
2018-02-21,30.4,24.7,0,Kochi
2018-02-22,30.4,24.9,0.3,Kochi
2018-02-23,30.5,23.9,0.5,Kochi
2018-02-24,31.3,24.4,0.6,Kochi
2018-02-25,32.1,24.5,0,Kochi
2018-02-26,32.1,24.6,0,Kochi
2018-02-27,32,25,0,Kochi
2018-02-28,32.3,25.5,1.1,Kochi
2018-03-01,32,25.6,0,Kochi
2018-03-02,31.3,25.6,1.7,Kochi
2018-03-03,31.7,25,0.1,Kochi
2018-03-04,31.4,25.4,0.2,Kochi
2018-03-05,31.3,25.3,1,Kochi
2018-03-06,31.2,25.7,0.1,Kochi
2018-03-07,30.5,25.7,0.6,Kochi
2018-03-08,30.4,25,1.4,Kochi
2018-03-09,31.6,25.1,2.6,Kochi
2018-03-10,32.3,24.8,0.4,Kochi
2018-03-11,32.7,24.4,0,Kochi
2018-03-12,33.3,25.2,0,Kochi
2018-03-13,32.8,26.4,7,Kochi
2018-03-14,32.8,25.9,4.8,Kochi
2018-03-15,30.1,24.7,11.4,Kochi
2018-03-16,29.7,24.6,9.2,Kochi
2018-03-17,30.6,24.5,4.9,Kochi
2018-03-18,30,25.1,12.1,Kochi
2018-03-19,29.9,24.4,3.1,Kochi
2018-03-20,30.3,25.3,0.3,Kochi
2018-03-21,30.7,25.5,1.2,Kochi
2018-03-22,31.3,24.8,0.8,Kochi
2018-03-23,31,26.2,3.4,Kochi
2018-03-24,31.6,26.6,0,Kochi
2018-03-25,31.7,25.8,0,Kochi
2018-03-26,30.9,26,0.1,Kochi
2018-03-27,31,25.7,3.5,Kochi
2018-03-28,30.8,25,0.9,Kochi
2018-03-29,31.4,25,3.9,Kochi
2018-03-30,31.2,25.5,0.6,Kochi
2018-03-31,31.6,27.4,0.3,Kochi
2018-04-01,31.8,26,4.6,Kochi
2018-04-02,30.7,25.5,4.3,Kochi
2018-04-03,31.2,24.5,12.4,Kochi
2018-04-04,30.9,24.1,3.2,Kochi
2018-04-05,30.7,25.2,1.9,Kochi
2018-04-06,30.4,25.2,0.1,Kochi
2018-04-07,31.3,24.8,2.2,Kochi
2018-04-08,30.8,24.4,2.5,Kochi
2018-04-09,31.1,25.2,2.2,Kochi
2018-04-10,30.4,26,2.3,Kochi
2018-04-11,31.2,25.3,8.5,Kochi
2018-04-12,31,24.5,7,Kochi
2018-04-13,30.2,25,13.9,Kochi
2018-04-14,30.1,25.4,8.4,Kochi
2018-04-15,29.8,25,5.8,Kochi
2018-04-16,31.3,25.3,7.6,Kochi
2018-04-17,30.6,25,5.4,Kochi
2018-04-18,30.3,26,7.3,Kochi
2018-04-19,30.4,25.9,4.3,Kochi
2018-04-20,29.7,24.6,22.3,Kochi
2018-04-21,30.6,25.6,5.9,Kochi
2018-04-22,29.8,24.7,8,Kochi
2018-04-23,30.9,25,7.5,Kochi
2018-04-24,30.9,25.4,13.8,Kochi
2018-04-25,30.5,26,0.3,Kochi
2018-04-26,31.7,26.7,0.7,Kochi
2018-04-27,31.3,27,0.6,Kochi
2018-04-28,30.8,26.1,1.4,Kochi
2018-04-29,30.2,26.1,5.7,Kochi
2018-04-30,30.9,26,1.3,Kochi
2018-05-01,30.8,26.6,2.5,Kochi
2018-05-02,31,26.2,2.9,Kochi
2018-05-03,31.2,25.4,9.3,Kochi
2018-05-04,30.4,25.1,8.4,Kochi
2018-05-05,30.3,25.3,16.4,Kochi
2018-05-06,29.6,25.7,6.5,Kochi
2018-05-07,30.3,25.8,5.1,Kochi
2018-05-08,29.9,25.2,20.3,Kochi
2018-05-09,30,24.7,29.3,Kochi
2018-05-10,30.2,25.3,13.1,Kochi
2018-05-11,30.4,25.7,10.6,Kochi
2018-05-12,29.1,24.7,10.6,Kochi
2018-05-13,29.9,24.9,7,Kochi
2018-05-14,29.9,24.8,2.2,Kochi
2018-05-15,30.4,25.3,5.2,Kochi
2018-05-16,29.2,24.7,2.4,Kochi
2018-05-17,29.9,25.1,14.3,Kochi
2018-05-18,29.1,24.5,15.9,Kochi
2018-05-19,29.7,25.3,4.2,Kochi
2018-05-20,30,25.1,13.9,Kochi
2018-05-21,29.3,25.1,10.7,Kochi
2018-05-22,29.8,25.5,21,Kochi
2018-05-23,28.4,25,25.3,Kochi
2018-05-24,30.8,24.4,18.7,Kochi
2018-05-25,28.4,24.4,56.4,Kochi
2018-05-26,29.5,24.5,20.6,Kochi
2018-05-27,28.4,24.8,49.2,Kochi
2018-05-28,29.1,24.7,34.7,Kochi
2018-05-29,29.2,26.2,20.1,Kochi
2018-05-30,28.2,25.2,13.2,Kochi
2018-05-31,29.6,25.2,4.7,Kochi
2018-06-01,28.3,25.3,10.3,Kochi
2018-06-02,28.2,25.4,27.2,Kochi
2018-06-03,27.4,24.5,23.7,Kochi
2018-06-04,28.2,24.8,27,Kochi
2018-06-05,28.3,24.2,14,Kochi
2018-06-06,28,25.2,18.3,Kochi
2018-06-07,27.9,25.5,23.7,Kochi
2018-06-08,29.5,25.7,15.5,Kochi
2018-06-09,28.1,25.8,25.3,Kochi
2018-06-10,27.9,25.8,17.2,Kochi
2018-06-11,27.4,25.6,21.5,Kochi
2018-06-12,27.4,25.5,15.3,Kochi
2018-06-13,27.2,25.2,29.4,Kochi
2018-06-14,26.9,25.1,35.3,Kochi
2018-06-15,27.1,25,23.2,Kochi
2018-06-16,27.2,25,13.5,Kochi
2018-06-17,28,25.2,11.2,Kochi
2018-06-18,27.4,24.3,11,Kochi
2018-06-19,27.6,23.9,24.9,Kochi
2018-06-20,27.1,24.6,20.2,Kochi
2018-06-21,26.9,24.9,23.5,Kochi
2018-06-22,27.3,24.9,19.6,Kochi
2018-06-23,26.6,24.5,23.6,Kochi
2018-06-24,27.5,24.6,9.9,Kochi
2018-06-25,26.7,24.6,26.4,Kochi
2018-06-26,27.5,24.6,7.4,Kochi
2018-06-27,27,24.9,17.2,Kochi
2018-06-28,27,24.3,17.6,Kochi
2018-06-29,26.5,24.2,14.5,Kochi
2018-06-30,26.6,24.2,18,Kochi
2018-07-01,27.8,24.4,9.4,Kochi
2018-07-02,27.5,24.4,15.7,Kochi
2018-07-03,27.8,23.9,2.5,Kochi
2018-07-04,28.2,24.9,4.7,Kochi
2018-07-05,27.9,24.7,3,Kochi
2018-07-06,28.6,24.9,4.9,Kochi
2018-07-07,28.3,25.2,11.8,Kochi
2018-07-08,26.4,24.7,15.4,Kochi
2018-07-09,26.2,24.8,22.2,Kochi
2018-07-10,26.6,24.5,32.2,Kochi
2018-07-11,26.5,24.5,24.8,Kochi
2018-07-12,27.9,24,12.8,Kochi
2018-07-13,26.7,24.9,14.9,Kochi
2018-07-14,27.6,25,24.8,Kochi
2018-07-15,26.2,24.7,49.1,Kochi
2018-07-16,27,24.6,34.2,Kochi
2018-07-17,27.4,24.4,19.3,Kochi
2018-07-18,26.3,23.9,23,Kochi
2018-07-19,25.7,24.1,31.9,Kochi
2018-07-20,25.9,24.3,21.3,Kochi
2018-07-21,27.4,24.6,7.8,Kochi
2018-07-22,27.5,25,6.8,Kochi
2018-07-23,27.7,24.7,15.3,Kochi
2018-07-24,27.4,24.5,16.2,Kochi
2018-07-25,27,24.9,12.2,Kochi
2018-07-26,27.3,24.3,15.3,Kochi
2018-07-27,27.5,24.4,7.3,Kochi
2018-07-28,28,24.5,8.8,Kochi
2018-07-29,27.4,24.1,8.3,Kochi
2018-07-30,27,24.3,17,Kochi
2018-07-31,26.4,23.4,17.6,Kochi
2018-08-01,26.8,23.5,4.5,Kochi
2018-08-02,27.4,24.2,6.6,Kochi
2018-08-03,26.8,24.5,6.3,Kochi
2018-08-04,27,24.8,3.9,Kochi
2018-08-05,28.1,25,3.9,Kochi
2018-08-06,27.7,24.4,5.2,Kochi
2018-08-07,26.3,24.4,17.4,Kochi
2018-08-08,25.5,24,32.5,Kochi
2018-08-09,27.2,23.6,17.1,Kochi
2018-08-10,26.6,24,13.4,Kochi
2018-08-11,25.9,24.3,11.6,Kochi
2018-08-12,26.2,23.3,21.5,Kochi
2018-08-13,27.4,22.8,22.4,Kochi
2018-08-14,26,23.3,46,Kochi
2018-08-15,24.8,23.9,104.9,Kochi
2018-08-16,26.1,24,59.2,Kochi
2018-08-17,25.8,23.7,26.5,Kochi
2018-08-18,26.3,24.1,19.5,Kochi
2018-08-19,26.4,24.1,14,Kochi
2018-08-20,26.4,24.1,6.5,Kochi
2018-08-21,26.8,23.9,4.4,Kochi
2018-08-22,27.7,24.1,2.2,Kochi
2018-08-23,27.3,24.2,1.6,Kochi
2018-08-24,27.2,24.7,0.8,Kochi
2018-08-25,27.3,24.4,0.8,Kochi
2018-08-26,26.9,24.8,3.6,Kochi
2018-08-27,26.5,24.4,5.9,Kochi
2018-08-28,26.4,23.7,6,Kochi
2018-08-29,26.4,23.9,3.1,Kochi
2018-08-30,26.8,24.2,2.2,Kochi
2018-08-31,26.8,24.1,3.6,Kochi
2018-09-01,27.3,24.3,1.5,Kochi
2018-09-02,27.2,23.9,2.2,Kochi
2018-09-03,27.4,24,2.4,Kochi
2018-09-04,27.2,24.2,1.1,Kochi
2018-09-05,27.4,24.1,3.4,Kochi
2018-09-06,27.7,23.9,5.2,Kochi
2018-09-07,28,24.5,2,Kochi
2018-09-08,27.9,24.1,1.9,Kochi
2018-09-09,28.1,24,0.1,Kochi
2018-09-10,28.1,24.1,0.4,Kochi
2018-09-11,27.9,24.5,0,Kochi
2018-09-12,28.3,24.9,0.2,Kochi
2018-09-13,28.1,24.8,1.5,Kochi
2018-09-14,28.4,24.6,0,Kochi
2018-09-15,28.5,24.4,0,Kochi
2018-09-16,28.2,24.5,1.3,Kochi
2018-09-17,27.4,24.7,7.4,Kochi
2018-09-18,27.7,24.6,5.3,Kochi
2018-09-19,27.1,24.6,4,Kochi
2018-09-20,27.5,24.1,8,Kochi
2018-09-21,28.4,23.9,1.5,Kochi
2018-09-22,29,23.8,1.4,Kochi
2018-09-23,28.8,24.7,1.6,Kochi
2018-09-24,28.7,23.7,6.8,Kochi
2018-09-25,29,24,0.1,Kochi
2018-09-26,29.3,24.9,5.1,Kochi
2018-09-27,29.2,24.4,2.5,Kochi
2018-09-28,28.9,24.5,9.6,Kochi
2018-09-29,28.4,24.3,5.9,Kochi
2018-09-30,28.5,24.4,3.8,Kochi
2018-10-01,27.8,24.3,12.2,Kochi
2018-10-02,28.6,24.6,5.6,Kochi
2018-10-03,28.6,24.7,11.8,Kochi
2018-10-04,28.3,24.2,5.4,Kochi
2018-10-05,28,24.3,5.1,Kochi
2018-10-06,27.7,24.8,18.1,Kochi
2018-10-07,28.3,24.4,3.6,Kochi
2018-10-08,28.4,24.2,13.8,Kochi
2018-10-09,28.2,24.4,9.6,Kochi
2018-10-10,28,24,8.7,Kochi
2018-10-11,28.9,24.2,4.6,Kochi
2018-10-12,29.4,24.9,3.5,Kochi
2018-10-13,28.4,24.3,7.5,Kochi
2018-10-14,28,24,5.3,Kochi
2018-10-15,27.9,24.2,6.2,Kochi
2018-10-16,27.4,24,39.8,Kochi
2018-10-17,28.1,23.3,6.7,Kochi
2018-10-18,29.3,24.3,3.8,Kochi
2018-10-19,28.1,23.7,3.5,Kochi
2018-10-20,27.6,23.3,24.1,Kochi
2018-10-21,28.5,24.2,6.5,Kochi
2018-10-22,28,23.7,22.9,Kochi
2018-10-23,28.6,23.7,0.7,Kochi
2018-10-24,28.8,23.9,1.7,Kochi
2018-10-25,29,24,0.8,Kochi
2018-10-26,29.4,24.6,1.4,Kochi
2018-10-27,29.2,24.9,0,Kochi
2018-10-28,29.6,24.5,0.8,Kochi
2018-10-29,28.9,24.4,0.3,Kochi
2018-10-30,29.4,24.4,0,Kochi
2018-10-31,29.4,24.9,2.4,Kochi
2018-11-01,28.7,24.1,3.5,Kochi
2018-11-02,28.9,24.4,11.4,Kochi
2018-11-03,27.7,24.6,15.2,Kochi
2018-11-04,29.6,24.3,0,Kochi
2018-11-05,29.6,25.1,4,Kochi
2018-11-06,29.3,24.4,3.3,Kochi
2018-11-07,28.7,24.1,0.3,Kochi
2018-11-08,28.5,24.4,0.3,Kochi
2018-11-09,28.2,23.9,7.7,Kochi
2018-11-10,28.6,24,1.8,Kochi
2018-11-11,28.5,23.9,1,Kochi
2018-11-12,28.4,23.8,2.3,Kochi
2018-11-13,28.1,24.7,2.3,Kochi
2018-11-14,29.3,24.7,0.3,Kochi
2018-11-15,29.2,24.6,0.1,Kochi
2018-11-16,27.6,24.6,79.5,Kochi
2018-11-17,29.8,24,1.5,Kochi
2018-11-18,29.5,24.4,2.6,Kochi
2018-11-19,28.6,24.1,28.4,Kochi
2018-11-20,28.1,24.1,1.9,Kochi
2018-11-21,28.6,24.9,1.2,Kochi
2018-11-22,29,24.9,2.4,Kochi
2018-11-23,28,25,11.9,Kochi
2018-11-24,28.4,24.4,11.1,Kochi
2018-11-25,28.7,24.1,0.6,Kochi
2018-11-26,29.1,24.4,0.3,Kochi
2018-11-27,29.4,24,0,Kochi
2018-11-28,30.1,23.2,0,Kochi
2018-11-29,29.1,24.5,8.7,Kochi
2018-11-30,28.7,24.1,5.1,Kochi
2018-12-01,30.6,24.5,4.8,Kochi
2018-12-02,28.6,24.3,0.1,Kochi
2018-12-03,29.2,24,0.1,Kochi
2018-12-04,29.3,24.2,3.3,Kochi
2018-12-05,28.9,24.4,1,Kochi
2018-12-06,28.8,24.8,3.7,Kochi
2018-12-07,28.8,25.1,3.2,Kochi
2018-12-08,29.8,24.7,0,Kochi
2018-12-09,29.3,24.2,0.3,Kochi
2018-12-10,28.8,23.8,1.1,Kochi
2018-12-11,29.2,23.9,0,Kochi
2018-12-12,29.3,23.8,0.4,Kochi
2018-12-13,29.1,24.3,0.6,Kochi
2018-12-14,28.4,24.3,3,Kochi
2018-12-15,28.8,24.1,0.1,Kochi
2018-12-16,28.4,23.4,1.5,Kochi
2018-12-17,28.6,23.8,0.8,Kochi
2018-12-18,28.7,23.2,0,Kochi
2018-12-19,28.9,23.9,1.3,Kochi
2018-12-20,28.6,23.7,0.3,Kochi
2018-12-21,29.7,24.6,0,Kochi
2018-12-22,28.8,24.2,0.2,Kochi
2018-12-23,29.2,24.4,3,Kochi
2018-12-24,29.4,24,3,Kochi
2018-12-25,29.6,24.4,0.9,Kochi
2018-12-26,29.4,24.9,0.6,Kochi
2018-12-27,29,24.3,3.2,Kochi
2018-12-28,28.3,23.6,5.2,Kochi
2018-12-29,28.1,23.6,5.4,Kochi
2018-12-30,28.5,24.6,0.5,Kochi
2018-12-31,29.3,23.5,0,Kochi
2019-01-01,30,22.7,0,Kochi
2019-01-02,29.3,21.2,0,Kochi
2019-01-03,30.9,20.8,0,Kochi
2019-01-04,29.3,21.2,0,Kochi
2019-01-05,29,20.8,0,Kochi
2019-01-06,28.1,21.1,0,Kochi
2019-01-07,28.4,21,0,Kochi
2019-01-08,30.9,21.8,0,Kochi
2019-01-09,30.1,22.1,0,Kochi
2019-01-10,30.3,21.2,0,Kochi
2019-01-11,29.5,22.4,0,Kochi
2019-01-12,30.7,22.1,0,Kochi
2019-01-13,30.1,22.9,0,Kochi
2019-01-14,30,21.6,0,Kochi
2019-01-15,30,22.9,0,Kochi
2019-01-16,31.3,22.9,0,Kochi
2019-01-17,32.6,22.4,0,Kochi
2019-01-18,29.3,21.8,0,Kochi
2019-01-19,29,22.3,0,Kochi
2019-01-20,29.4,21.7,0,Kochi
2019-01-21,29.5,20.5,0,Kochi
2019-01-22,29.6,21.2,0,Kochi
2019-01-23,29.4,21.7,0,Kochi
2019-01-24,29.2,23.5,0.5,Kochi
2019-01-25,28.7,23.9,2,Kochi
2019-01-26,28.9,23.8,0.1,Kochi
2019-01-27,29.6,24,1.2,Kochi
2019-01-28,29.3,23.6,0.9,Kochi
2019-01-29,30.2,24.3,0.1,Kochi
2019-01-30,30.3,24.1,0.2,Kochi
2019-01-31,31.2,23.8,0.6,Kochi
2019-02-01,30,23.1,1.4,Kochi
2019-02-02,31,23.1,0,Kochi
2019-02-03,30.4,23.6,0.8,Kochi
2019-02-04,31.1,23.6,0,Kochi
2019-02-05,31.5,24.5,0,Kochi
2019-02-06,30.6,24.7,2.9,Kochi
2019-02-07,29.6,24.4,3.1,Kochi
2019-02-08,29.5,24.8,0.9,Kochi
2019-02-09,29.9,24.9,1.4,Kochi
2019-02-10,28.8,23.8,12.6,Kochi
2019-02-11,30.8,24.5,0.3,Kochi
2019-02-12,31,24.5,0,Kochi
2019-02-13,30.1,24.5,0.3,Kochi
2019-02-14,29.8,24.1,0,Kochi
2019-02-15,30.6,24.8,0.6,Kochi
2019-02-16,30.6,25,1,Kochi
2019-02-17,30.2,24.7,1.7,Kochi
2019-02-18,30.6,25.3,0,Kochi
2019-02-19,30.1,24.6,0.3,Kochi
2019-02-20,31.5,25.4,1.6,Kochi
2019-02-21,32.4,25.1,0.3,Kochi
2019-02-22,32.3,23.7,0,Kochi
2019-02-23,31.8,23.4,0,Kochi
2019-02-24,32.8,24,0,Kochi
2019-02-25,31.1,24.5,0,Kochi
2019-02-26,31.1,25,0.1,Kochi
2019-02-27,30.9,25.7,0.6,Kochi
2019-02-28,31.3,26.2,1.2,Kochi
2019-03-01,31.1,24.7,0,Kochi
2019-03-02,30.2,25.5,2.7,Kochi
2019-03-03,30.1,24.5,16.6,Kochi
2019-03-04,30.8,25.1,0,Kochi
2019-03-05,31,25.7,0,Kochi
2019-03-06,31.2,26.3,0.2,Kochi
2019-03-07,30.8,25.5,0,Kochi
2019-03-08,30.7,26.7,0.3,Kochi
2019-03-09,31.1,25.4,5.3,Kochi
2019-03-10,31,24.5,6.8,Kochi
2019-03-11,30.5,25.1,0.4,Kochi
2019-03-12,30.4,25.2,0.3,Kochi
2019-03-13,31.2,24.6,0,Kochi
2019-03-14,31.2,25,0,Kochi
2019-03-15,31.6,25.1,0,Kochi
2019-03-16,31.9,25.1,0,Kochi
2019-03-17,31.9,25.2,0,Kochi
2019-03-18,31.4,26.1,0.5,Kochi
2019-03-19,31.6,26.1,0.7,Kochi
2019-03-20,30.5,25.8,3.1,Kochi
2019-03-21,31.3,24.5,0.2,Kochi
2019-03-22,31.5,25.8,0.7,Kochi
2019-03-23,31.3,26.2,0.9,Kochi
2019-03-24,32,26.4,0.2,Kochi
2019-03-25,32.3,26.1,0.7,Kochi
2019-03-26,32.1,25.6,0.4,Kochi
2019-03-27,31.3,26.2,3.3,Kochi
2019-03-28,32.1,26,1.3,Kochi
2019-03-29,31.9,25.7,0.7,Kochi
2019-03-30,31.7,25.7,3.9,Kochi
2019-03-31,31.1,24.6,0.8,Kochi
2019-04-01,31.4,26,0.4,Kochi
2019-04-02,31.8,26.2,0.1,Kochi
2019-04-03,32,26.8,2.6,Kochi
2019-04-04,31.7,26.3,0.8,Kochi
2019-04-05,31.4,25.8,0.2,Kochi
2019-04-06,31,26,2,Kochi
2019-04-07,32,26.6,1.4,Kochi
2019-04-08,32.1,26.1,3.4,Kochi
2019-04-09,31.8,25.4,3,Kochi
2019-04-10,31.8,25,1.5,Kochi
2019-04-11,32,26.4,1,Kochi
2019-04-12,32.5,26.3,0.1,Kochi
2019-04-13,32.8,26.5,1.7,Kochi
2019-04-14,32.4,26.3,1.3,Kochi
2019-04-15,31.6,26.3,0.4,Kochi
2019-04-16,32.1,25.8,1.8,Kochi
2019-04-17,30.6,25.7,5.3,Kochi
2019-04-18,31.6,24.9,17.3,Kochi
2019-04-19,30.8,24.8,4.2,Kochi
2019-04-20,30.9,25,21.3,Kochi
2019-04-21,30.5,24.6,12.1,Kochi
2019-04-22,31.3,26.3,0.4,Kochi
2019-04-23,30.9,25.7,1.4,Kochi
2019-04-24,31.2,27.1,0.1,Kochi
2019-04-25,31,26.2,2.3,Kochi
2019-04-26,31.2,26.9,1.3,Kochi
2019-04-27,31.5,27.2,1.4,Kochi
2019-04-28,30.8,27.6,4.2,Kochi
2019-04-29,30.1,26.9,8.7,Kochi
2019-04-30,29.9,24.9,11.4,Kochi
2019-05-01,30.1,24.5,6.4,Kochi
2019-05-02,30.9,26.2,3.5,Kochi
2019-05-03,31.3,27.8,0.4,Kochi
2019-05-04,31,26.2,0.1,Kochi
2019-05-05,31.3,26.6,0.3,Kochi
2019-05-06,31.7,26.8,0.8,Kochi
2019-05-07,31,26.5,2.9,Kochi
2019-05-08,30.3,26.9,0.9,Kochi
2019-05-09,30.4,25.3,2.4,Kochi
2019-05-10,31.3,26.5,0,Kochi
2019-05-11,31.3,27,2.5,Kochi
2019-05-12,30.6,26.5,9.7,Kochi
2019-05-13,30.8,25.9,2.1,Kochi
2019-05-14,30.6,27.3,0.7,Kochi
2019-05-15,29.9,27.3,5.3,Kochi
2019-05-16,30.6,26.2,2.2,Kochi
2019-05-17,30.6,26.8,4.3,Kochi
2019-05-18,30.7,26.5,0.9,Kochi
2019-05-19,30.5,26.3,2.1,Kochi
2019-05-20,30.4,26.6,0.7,Kochi
2019-05-21,30.7,26.8,3.1,Kochi
2019-05-22,31.1,26.7,1.8,Kochi
2019-05-23,30.4,25,14.5,Kochi
2019-05-24,29.5,25.1,25.4,Kochi
2019-05-25,29.9,24.8,7.8,Kochi
2019-05-26,30.3,25.9,7.9,Kochi
2019-05-27,30.4,25.5,4,Kochi
2019-05-28,31.3,26,3.4,Kochi
2019-05-29,30.3,26.2,15.6,Kochi
2019-05-30,30.7,25.7,5.3,Kochi
2019-05-31,29.9,24.9,31.3,Kochi
2019-06-01,30.1,25.4,1.8,Kochi
2019-06-02,29.9,26.3,13.9,Kochi
2019-06-03,28.8,26.1,9,Kochi
2019-06-04,29.3,25.2,16.8,Kochi
2019-06-05,30.3,24.4,30,Kochi
2019-06-06,28.7,25.2,11,Kochi
2019-06-07,29.4,26,8.9,Kochi
2019-06-08,30,25.3,7.8,Kochi
2019-06-09,28.6,25.2,38.3,Kochi
2019-06-10,27.8,24.4,19,Kochi
2019-06-11,28.5,26.2,14.4,Kochi
2019-06-12,28.8,25.6,31.8,Kochi
2019-06-13,29,25.2,21.1,Kochi
2019-06-14,27.9,24.9,10.7,Kochi
2019-06-15,28.7,25.8,10.3,Kochi
2019-06-16,29.4,25.9,5,Kochi
2019-06-17,29,26,7.5,Kochi
2019-06-18,28.4,25.8,6.3,Kochi
2019-06-19,28.3,25.5,17.2,Kochi
2019-06-20,27.5,25.3,21.9,Kochi
2019-06-21,27.5,25.4,27.6,Kochi
2019-06-22,27,25.4,31.8,Kochi
2019-06-23,28,25.6,18.3,Kochi
2019-06-24,27.8,25.6,10.2,Kochi
2019-06-25,27.9,25.6,10.4,Kochi
2019-06-26,27.9,25.4,6.5,Kochi
2019-06-27,29.5,25.4,3.9,Kochi
2019-06-28,29.8,26.8,1.8,Kochi
2019-06-29,29.6,26.2,4.4,Kochi
2019-06-30,29.3,25.6,7.8,Kochi
2019-07-01,29,25.4,5.6,Kochi
2019-07-02,27,25.6,18.3,Kochi
2019-07-03,27.8,25.6,8,Kochi
2019-07-04,27.5,25.5,11.2,Kochi
2019-07-05,27.7,25.1,10.5,Kochi
2019-07-06,29.1,25.2,6,Kochi
2019-07-07,29,25.9,5.1,Kochi
2019-07-08,28.3,25.6,8.7,Kochi
2019-07-09,27.4,24.6,11.8,Kochi
2019-07-10,27.2,23.9,11.4,Kochi
2019-07-11,29.1,24.5,4.4,Kochi
2019-07-12,28.3,25.1,4.9,Kochi
2019-07-13,28.7,24.9,5.7,Kochi
2019-07-14,27.1,24.5,18.2,Kochi
2019-07-15,27.1,24.8,25.3,Kochi
2019-07-16,27.5,24.6,19.1,Kochi
2019-07-17,27.1,24.8,27.6,Kochi
2019-07-18,26.3,24.9,40.5,Kochi
2019-07-19,25.7,24.8,100.4,Kochi
2019-07-20,26.1,24.6,49.8,Kochi
2019-07-21,26.3,24.2,49.2,Kochi
2019-07-22,25.9,23.8,39.3,Kochi
2019-07-23,25.6,23.3,27.8,Kochi
2019-07-24,27.2,23.8,8,Kochi
2019-07-25,27,24.5,8.6,Kochi
2019-07-26,27.1,24.7,7.3,Kochi
2019-07-27,27.6,24.2,1.3,Kochi
2019-07-28,28.3,23.9,1.7,Kochi
2019-07-29,27.6,24.7,2,Kochi
2019-07-30,27.8,24.4,1.4,Kochi
2019-07-31,28.1,24.8,3.5,Kochi
2019-08-01,27.9,25,2.5,Kochi
2019-08-02,27.6,25.1,5,Kochi
2019-08-03,27.1,24.9,3.8,Kochi
2019-08-04,27.4,25.2,10.4,Kochi
2019-08-05,27.2,24.9,15.2,Kochi
2019-08-06,27.8,25.3,21.2,Kochi
2019-08-07,27.2,24.8,36.9,Kochi
2019-08-08,26,24.8,34.5,Kochi
2019-08-09,26.2,24.6,44.3,Kochi
2019-08-10,25.4,24.2,40.6,Kochi
2019-08-11,27.4,23.8,9.5,Kochi
2019-08-12,26.7,23.8,22.6,Kochi
2019-08-13,25.6,24.4,43,Kochi
2019-08-14,25.8,24.5,48.9,Kochi
2019-08-15,27.4,24.5,5.7,Kochi
2019-08-16,27.4,24.4,18,Kochi
2019-08-17,27.6,24.8,10.2,Kochi
2019-08-18,27.4,24.3,7.9,Kochi
2019-08-19,27.8,24.7,10.4,Kochi
2019-08-20,27.1,24,10.7,Kochi
2019-08-21,26.1,24,24.7,Kochi
2019-08-22,25.9,23.4,34.1,Kochi
2019-08-23,25.6,23,29.7,Kochi
2019-08-24,25.6,23.1,18.4,Kochi
2019-08-25,25.1,23.8,30.2,Kochi
2019-08-26,25.6,23.7,43.3,Kochi
2019-08-27,27.6,24,16.4,Kochi
2019-08-28,27.4,24.5,17.1,Kochi
2019-08-29,26.7,24.6,17.1,Kochi
2019-08-30,26.9,24.4,7.5,Kochi
2019-08-31,27,24.9,8.5,Kochi
2019-09-01,26.4,24.7,12.9,Kochi
2019-09-02,26.4,24.6,19.5,Kochi
2019-09-03,27.2,24.3,13.6,Kochi
2019-09-04,27,24.8,13.5,Kochi
2019-09-05,27.1,24.8,18.3,Kochi
2019-09-06,27.9,24.9,9.9,Kochi
2019-09-07,27.8,24.8,9.3,Kochi
2019-09-08,28.5,24.8,9.4,Kochi
2019-09-09,28.7,24.8,7.7,Kochi
2019-09-10,27.9,24.5,5.9,Kochi
2019-09-11,27.4,24.8,14.4,Kochi
2019-09-12,27.4,24.3,15.3,Kochi
2019-09-13,27.7,24.4,16.4,Kochi
2019-09-14,27.6,25.2,10.9,Kochi
2019-09-15,27.6,24.9,9.5,Kochi
2019-09-16,27.2,24.4,15.6,Kochi
2019-09-17,27.5,24.8,13.3,Kochi
2019-09-18,27.1,24.6,14.6,Kochi
2019-09-19,27.1,24.6,14.6,Kochi
2019-09-20,27.8,25,5.8,Kochi
2019-09-21,28.9,24.6,2.3,Kochi
2019-09-22,28.7,25.1,5.3,Kochi
2019-09-23,28,25,16.5,Kochi
2019-09-24,27.2,24.8,11.7,Kochi
2019-09-25,26.2,24.6,32.1,Kochi
2019-09-26,26.9,23.8,23.4,Kochi
2019-09-27,29.3,23.9,0,Kochi
2019-09-28,29.4,23.9,5.5,Kochi
2019-09-29,29.2,23.9,15.6,Kochi
2019-09-30,27.8,23.3,16.3,Kochi
2019-10-01,28.5,23.9,1.3,Kochi
2019-10-02,29.3,24.5,23.2,Kochi
2019-10-03,28.6,23.4,26.1,Kochi
2019-10-04,28.6,23.3,24.8,Kochi
2019-10-05,29.2,24.5,7.1,Kochi
2019-10-06,28.5,23.8,4.8,Kochi
2019-10-07,28,24,4.6,Kochi
2019-10-08,28.6,24.1,3,Kochi
2019-10-09,28.6,24.7,2.1,Kochi
2019-10-10,28.8,24.7,3.5,Kochi
2019-10-11,28.9,24.7,7.6,Kochi
2019-10-12,28.7,24,13.2,Kochi
2019-10-13,28.9,24.2,12.7,Kochi
2019-10-14,29.1,23.6,9.4,Kochi
2019-10-15,28.9,24.4,3.1,Kochi
2019-10-16,28.6,24.5,40.4,Kochi
2019-10-17,28.7,24.2,14.9,Kochi
2019-10-18,28.9,24.2,17.9,Kochi
2019-10-19,29,23.9,4.4,Kochi
2019-10-20,27.6,24.1,17.8,Kochi
2019-10-21,26.4,23.8,119.4,Kochi
2019-10-22,26.9,23.8,19.3,Kochi
2019-10-23,28.2,23.9,20.1,Kochi
2019-10-24,28.3,24.2,40,Kochi
2019-10-25,28.5,23.5,8.5,Kochi
2019-10-26,26.6,24.2,14.1,Kochi
2019-10-27,28.9,23.9,2,Kochi
2019-10-28,30.2,25.2,1.8,Kochi
2019-10-29,29,24.6,0,Kochi
2019-10-30,27.5,24.5,23.4,Kochi
2019-10-31,26.2,23.1,79.5,Kochi
2019-11-01,29.3,23.2,0,Kochi
2019-11-02,29.1,23.4,0.2,Kochi
2019-11-03,28.6,24,11.9,Kochi
2019-11-04,28.8,23.9,9.1,Kochi
2019-11-05,29.4,24.3,2.5,Kochi
2019-11-06,28.5,24.5,2.4,Kochi
2019-11-07,29.1,24.8,6.2,Kochi
2019-11-08,28.6,25,6.8,Kochi
2019-11-09,29.1,24.6,3.1,Kochi
2019-11-10,28.8,24.2,15.5,Kochi
2019-11-11,28.6,24.3,5.2,Kochi
2019-11-12,28.9,24,0.6,Kochi
2019-11-13,29.1,25,0.1,Kochi
2019-11-14,29.4,24.7,0,Kochi
2019-11-15,29.5,25.2,0.5,Kochi
2019-11-16,28.5,25,5.8,Kochi
2019-11-17,29,24.4,7,Kochi
2019-11-18,29.3,24.8,2.7,Kochi
2019-11-19,28.6,25.2,13,Kochi
2019-11-20,29.2,24.8,17.1,Kochi
2019-11-21,29.1,24.2,1.4,Kochi
2019-11-22,29.2,24.6,1.5,Kochi
2019-11-23,29.4,25.5,0.2,Kochi
2019-11-24,30,25.1,1.3,Kochi
2019-11-25,29.5,25.3,0.4,Kochi
2019-11-26,29.5,25.6,0.1,Kochi
2019-11-27,29.8,25.2,0,Kochi
2019-11-28,30.6,25.6,0.1,Kochi
2019-11-29,30.9,25.9,1.3,Kochi
2019-11-30,29.2,25.2,16.9,Kochi
2019-12-01,27,24.9,21.7,Kochi
2019-12-02,29.3,24.5,2.2,Kochi
2019-12-03,29.2,24.5,0.5,Kochi
2019-12-04,30.2,24.5,0,Kochi
2019-12-05,30.1,25.2,0.5,Kochi
2019-12-06,30.1,24.4,0,Kochi
2019-12-07,29.2,23.7,0,Kochi
2019-12-08,30.3,24.6,0.1,Kochi
2019-12-09,30.2,24.4,0,Kochi
2019-12-10,29.9,24.7,0,Kochi
2019-12-11,30.2,24.4,0,Kochi
2019-12-12,29.1,24.6,1.8,Kochi
2019-12-13,29.3,24.2,1,Kochi
2019-12-14,28.5,24.7,2,Kochi
2019-12-15,29.4,24.3,0,Kochi
2019-12-16,29.4,24.1,0,Kochi
2019-12-17,30,23.5,0.2,Kochi
2019-12-18,29.8,24,0,Kochi
2019-12-19,30.5,24.3,0,Kochi
2019-12-20,29.2,24.7,0.7,Kochi
2019-12-21,30,24.2,0.9,Kochi
2019-12-22,31.8,24,0,Kochi
2019-12-23,29.4,25.1,0,Kochi
2019-12-24,29.2,24.7,0.2,Kochi
2019-12-25,30.5,25.1,1.3,Kochi
2019-12-26,29.9,25.3,0.8,Kochi
2019-12-27,29.8,24.9,1.2,Kochi
2019-12-28,29.9,25.2,0.7,Kochi
2019-12-29,30.3,25.2,0.2,Kochi
2019-12-30,30.2,24.3,0.5,Kochi
2019-12-31,29.5,24.5,0,Kochi
2020-01-01,29.7,25.1,0.4,Kochi
2020-01-02,30.3,24.9,0.5,Kochi
2020-01-03,30.8,25.5,0.2,Kochi
2020-01-04,30.4,25,0.8,Kochi
2020-01-05,30.1,24.9,1.2,Kochi
2020-01-06,31.1,25.3,0.4,Kochi
2020-01-07,31,25.3,0,Kochi
2020-01-08,30.9,24.9,0.1,Kochi
2020-01-09,30.1,24.5,0.6,Kochi
2020-01-10,30.3,24.3,0.3,Kochi
2020-01-11,31.8,23.5,0,Kochi
2020-01-12,30.2,22.5,0,Kochi
2020-01-13,30.5,22.9,0.2,Kochi
2020-01-14,29.8,23.8,0.3,Kochi
2020-01-15,29.4,23.7,0,Kochi
2020-01-16,29.3,24.2,1.4,Kochi
2020-01-17,29.5,23.7,0.4,Kochi
2020-01-18,30.7,24,0,Kochi
2020-01-19,30.3,25.3,1.4,Kochi
2020-01-20,30.8,24.9,0.4,Kochi
2020-01-21,31,24,0.5,Kochi
2020-01-22,32.7,24.6,0,Kochi
2020-01-23,32.4,25.4,0,Kochi
2020-01-24,31.8,24.9,0,Kochi
2020-01-25,31,24.3,0,Kochi
2020-01-26,29.9,24,0.4,Kochi
2020-01-27,30,24.2,0.3,Kochi
2020-01-28,30.2,24.3,0.6,Kochi
2020-01-29,30.9,24.6,0.4,Kochi
2020-01-30,30.8,24.7,1.8,Kochi
2020-01-31,30.9,24.8,0.3,Kochi
2020-02-01,29.2,24.6,2.6,Kochi
2020-02-02,28.7,24.3,4.2,Kochi
2020-02-03,29.5,23.9,1.1,Kochi
2020-02-04,30.4,23.8,0.7,Kochi
2020-02-05,29.7,24.4,1,Kochi
2020-02-06,30,24.5,1.7,Kochi
2020-02-07,27.9,24.9,7.1,Kochi
2020-02-08,29.4,24.4,0,Kochi
2020-02-09,29.8,23.9,0,Kochi
2020-02-10,30.7,24.6,0,Kochi
2020-02-11,31.6,24.7,0.9,Kochi
2020-02-12,31.4,24.2,0,Kochi
2020-02-13,31.2,25.2,0.2,Kochi
2020-02-14,30.8,24.7,0,Kochi
2020-02-15,29.8,24.8,0.5,Kochi
2020-02-16,30.9,25.6,0.3,Kochi
2020-02-17,32,25.1,0,Kochi
2020-02-18,30.9,24.5,0,Kochi
2020-02-19,30.9,24.2,0.1,Kochi
2020-02-20,30.8,23.8,0,Kochi
2020-02-21,31.9,23.4,0,Kochi
2020-02-22,33.9,25.8,0,Kochi
2020-02-23,33,25.6,0,Kochi
2020-02-24,32.5,24.6,0,Kochi
2020-02-25,32.2,24.8,0.1,Kochi
2020-02-26,32.1,25.1,0.2,Kochi
2020-02-27,30.6,25.8,0.8,Kochi
2020-02-28,30.6,24.8,3.4,Kochi
2020-02-29,30.1,24.8,5.8,Kochi
2020-03-01,29.8,25.5,1.3,Kochi
2020-03-02,30,25,0.1,Kochi
2020-03-03,29,24.4,5.6,Kochi
2020-03-04,29.6,24.8,4.6,Kochi
2020-03-05,29.2,25,9.4,Kochi
2020-03-06,29.7,24.5,1.9,Kochi
2020-03-07,29.2,25,2.8,Kochi
2020-03-08,28.8,25.5,3.1,Kochi
2020-03-09,29.5,25.9,2.4,Kochi
2020-03-10,29.3,25.3,5.5,Kochi
2020-03-11,29.5,25.7,24.7,Kochi
2020-03-12,30.3,25.3,3,Kochi
2020-03-13,30.2,25,0.8,Kochi
2020-03-14,30.4,25.4,0.2,Kochi
2020-03-15,30.6,25.6,0.4,Kochi
2020-03-16,30.7,25.3,0.7,Kochi
2020-03-17,30.8,25.6,0.5,Kochi
2020-03-18,31,25.8,0,Kochi
2020-03-19,31.1,26.4,0.9,Kochi
2020-03-20,30.7,25.5,0,Kochi
2020-03-21,31.1,24.7,26.2,Kochi
2020-03-22,29.2,24.3,9.8,Kochi
2020-03-23,29.8,25.3,1.2,Kochi
2020-03-24,29.8,25.6,2.7,Kochi
2020-03-25,28.6,24.2,3.4,Kochi
2020-03-26,29.8,24.7,0.3,Kochi
2020-03-27,29.7,25.6,0.1,Kochi
2020-03-28,30.2,25.4,0.3,Kochi
2020-03-29,29.6,25.4,2,Kochi
2020-03-30,30.6,25.8,0.6,Kochi
2020-03-31,30.8,25.8,0.9,Kochi
2020-04-01,30.8,25.8,0.2,Kochi
2020-04-02,31.2,25.9,0,Kochi
2020-04-03,31,26.1,1.2,Kochi
2020-04-04,30.8,25.5,0.5,Kochi
2020-04-05,30.9,26.6,0.9,Kochi
2020-04-06,30.5,25.1,4.8,Kochi
2020-04-07,29.5,24.4,8.3,Kochi
2020-04-08,30.6,25.8,10.9,Kochi
2020-04-09,30.9,26.1,1,Kochi
2020-04-10,31.3,25.1,1.6,Kochi
2020-04-11,30.4,25,1.9,Kochi
2020-04-12,30.4,26,0.4,Kochi
2020-04-13,30.5,26.1,1.3,Kochi
2020-04-14,30.9,26.1,3.8,Kochi
2020-04-15,30.1,25,4.5,Kochi
2020-04-16,30.6,25.5,0.8,Kochi
2020-04-17,30.8,25.9,0.8,Kochi
2020-04-18,30.9,26.2,0.8,Kochi
2020-04-19,31.1,26.2,2.3,Kochi
2020-04-20,31.2,26.1,0.4,Kochi
2020-04-21,30.9,26.1,6.6,Kochi
2020-04-22,30.6,26,8,Kochi
2020-04-23,31.4,25.6,4.8,Kochi
2020-04-24,30.7,25.9,7.4,Kochi
2020-04-25,30.7,25.5,3.1,Kochi
2020-04-26,31.6,26.1,9.6,Kochi
2020-04-27,31.3,25.6,0.8,Kochi
2020-04-28,31.8,25.6,11.5,Kochi
2020-04-29,30.6,24.9,15.7,Kochi
2020-04-30,31.1,26.5,6.5,Kochi
2020-05-01,30.9,26.2,4.5,Kochi
2020-05-02,31,26.3,8.5,Kochi
2020-05-03,30.9,25.4,9.7,Kochi
2020-05-04,31.2,26,0.2,Kochi
2020-05-05,31,26.7,2.8,Kochi
2020-05-06,30.5,26.3,4.1,Kochi
2020-05-07,30.1,26.5,9.2,Kochi
2020-05-08,30.1,26,1.7,Kochi
2020-05-09,30.6,26.2,4.8,Kochi
2020-05-10,30.6,25.9,2.8,Kochi
2020-05-11,30.5,25.3,2,Kochi
2020-05-12,30,26.3,7.2,Kochi
2020-05-13,30.4,25.9,6.9,Kochi
2020-05-14,30.8,25.5,14.3,Kochi
2020-05-15,30.1,25.1,10.5,Kochi
2020-05-16,30.2,24.7,7.5,Kochi
2020-05-17,28.3,25.5,14.8,Kochi
2020-05-18,27.4,24.8,39.6,Kochi
2020-05-19,28.9,25,28.1,Kochi
2020-05-20,29.8,25.9,9.9,Kochi
2020-05-21,29.6,25.5,7.8,Kochi
2020-05-22,29.2,25.5,3.6,Kochi
2020-05-23,29,26.4,9.6,Kochi
2020-05-24,29.8,26,6.5,Kochi
2020-05-25,30.7,26.1,9.2,Kochi
2020-05-26,30.3,25.1,14.3,Kochi
2020-05-27,29.5,26.1,11.8,Kochi
2020-05-28,28.2,25.5,22.1,Kochi
2020-05-29,29.6,25.3,22,Kochi
2020-05-30,29.8,24.9,25.9,Kochi
2020-05-31,29.6,25.2,9.1,Kochi
2020-06-01,28.7,24.8,16.7,Kochi
2020-06-02,27.6,24.3,41.5,Kochi
2020-06-03,28.1,25.7,13.7,Kochi
2020-06-04,28.7,25.4,15.3,Kochi
2020-06-05,27.4,25.3,17.6,Kochi
2020-06-06,27,24.4,31.1,Kochi
2020-06-07,26.9,24,46.1,Kochi
2020-06-08,28.6,23.5,3.6,Kochi
2020-06-09,28,24.7,7.4,Kochi
2020-06-10,28.4,25.6,13.8,Kochi
2020-06-11,27.3,24.7,11.6,Kochi
2020-06-12,27.9,25.3,18.1,Kochi
2020-06-13,28.4,25.8,14.6,Kochi
2020-06-14,27.4,25.1,29.1,Kochi
2020-06-15,28.3,25,12.3,Kochi
2020-06-16,28.3,25.5,13.8,Kochi
2020-06-17,27.9,25.6,11.4,Kochi
2020-06-18,28.3,25.2,6,Kochi
2020-06-19,27.4,25.3,16.5,Kochi
2020-06-20,28.6,25.3,4.5,Kochi
2020-06-21,28.3,25.2,27.2,Kochi
2020-06-22,26.2,24.1,40,Kochi
2020-06-23,28.9,24,5.5,Kochi
2020-06-24,28.4,24.7,8.1,Kochi
2020-06-25,28.2,24.6,16.2,Kochi
2020-06-26,27.7,23.9,20.5,Kochi
2020-06-27,27.2,25,14.6,Kochi
2020-06-28,28.2,24.7,11,Kochi
2020-06-29,27.2,25.1,30.6,Kochi
2020-06-30,27.7,24.3,7.4,Kochi
2020-07-01,27.5,24.8,16.1,Kochi
2020-07-02,27.6,24.9,11,Kochi
2020-07-03,26.5,23.9,30.2,Kochi
2020-07-04,27.2,23.8,8.2,Kochi
2020-07-05,28.8,25.3,9.8,Kochi
2020-07-06,27.6,25.1,14.1,Kochi
2020-07-07,27.7,24.1,9.5,Kochi
2020-07-08,28.1,24.9,1.2,Kochi
2020-07-09,28,24.2,7.9,Kochi
2020-07-10,28,24.2,11.5,Kochi
2020-07-11,27.7,24.3,12,Kochi
2020-07-12,28.6,24.5,9.7,Kochi
2020-07-13,28.2,24.7,17.2,Kochi
2020-07-14,28.7,24.2,4.6,Kochi
2020-07-15,27.2,25.3,14.9,Kochi
2020-07-16,26.5,24.9,24.2,Kochi
2020-07-17,26.2,23.6,33.6,Kochi
2020-07-18,28.7,24.5,5.5,Kochi
2020-07-19,27.6,24.6,2.3,Kochi
2020-07-20,27.6,24.5,9,Kochi
2020-07-21,28.7,23.9,2.1,Kochi
2020-07-22,28.3,24.7,16.4,Kochi
2020-07-23,27.6,24.3,7.3,Kochi
2020-07-24,27.5,24.7,12.5,Kochi
2020-07-25,27.2,24.3,11.2,Kochi
2020-07-26,27.1,24.6,5.8,Kochi
2020-07-27,28.4,24,2.1,Kochi
2020-07-28,27.9,25,19.9,Kochi
2020-07-29,25.8,24.6,65.6,Kochi
2020-07-30,26.6,23.5,40.8,Kochi
2020-07-31,26.6,24.3,27.2,Kochi
2020-08-01,27.1,24.8,20.5,Kochi
2020-08-02,26.6,25,19,Kochi
2020-08-03,26.9,24.9,19.3,Kochi
2020-08-04,28,24.9,13.8,Kochi
2020-08-05,27.8,25.2,12.8,Kochi
2020-08-06,28.2,24.2,32.3,Kochi
2020-08-07,26.4,23.8,62.2,Kochi
2020-08-08,25.9,24,43.9,Kochi
2020-08-09,25.1,23.5,82,Kochi
2020-08-10,25.8,24.2,24.5,Kochi
2020-08-11,27.3,24.7,9.1,Kochi
2020-08-12,27.8,24.4,2.1,Kochi
2020-08-13,27.3,24.8,3.8,Kochi
2020-08-14,27.4,24.8,3.5,Kochi
2020-08-15,28.2,24.8,3.9,Kochi
2020-08-16,28,24.7,2.8,Kochi
2020-08-17,28.4,24.8,2.9,Kochi
2020-08-18,27.8,24.7,3.7,Kochi
2020-08-19,28.3,24.7,1.9,Kochi
2020-08-20,27.9,25,2.9,Kochi
2020-08-21,28.2,25,2.3,Kochi
2020-08-22,28.3,25.1,1.2,Kochi
2020-08-23,28,25.1,5.1,Kochi
2020-08-24,28.5,25.2,3.9,Kochi
2020-08-25,28.7,25.3,2.5,Kochi
2020-08-26,28.6,25.7,1.9,Kochi
2020-08-27,28.3,25.3,3,Kochi
2020-08-28,28.3,24.5,1.2,Kochi
2020-08-29,27.9,24.7,3,Kochi
2020-08-30,28.1,24.9,8.7,Kochi
2020-08-31,28.5,25,8.1,Kochi
2020-09-01,28,24.6,10.3,Kochi
2020-09-02,26.1,24.8,30.4,Kochi
2020-09-03,28.6,24.1,37.6,Kochi
2020-09-04,28.8,24.8,2.3,Kochi
2020-09-05,27.8,24.7,6.4,Kochi
2020-09-06,27.3,24.6,21.9,Kochi
2020-09-07,27,24.3,20.7,Kochi
2020-09-08,27.7,24.7,14.3,Kochi
2020-09-09,27.2,24.3,21.8,Kochi
2020-09-10,26.4,24.6,26.5,Kochi
2020-09-11,27,24.4,27.5,Kochi
2020-09-12,26.6,24.4,10.9,Kochi
2020-09-13,26.2,24.3,13.5,Kochi
2020-09-14,26.8,24.5,16.9,Kochi
2020-09-15,26.8,24.5,11.7,Kochi
2020-09-16,27.7,24.7,9.2,Kochi
2020-09-17,27.1,24.7,7.4,Kochi
2020-09-18,26.7,24.6,11.7,Kochi
2020-09-19,26.6,24.7,25.4,Kochi
2020-09-20,27.1,24.5,16.4,Kochi
2020-09-21,26.9,25.2,12.9,Kochi
2020-09-22,27.7,25,8.9,Kochi
2020-09-23,27.4,24.8,5.8,Kochi
2020-09-24,27.8,24.1,8.2,Kochi
2020-09-25,27.4,24.5,2.6,Kochi
2020-09-26,27.2,24.5,9.4,Kochi
2020-09-27,28.1,24.1,2.6,Kochi
2020-09-28,27.9,24.3,1.3,Kochi
2020-09-29,28,24.2,3.6,Kochi
2020-09-30,27.1,24.2,3.4,Kochi
2020-10-01,28,24.3,2.6,Kochi
2020-10-02,28.2,24.2,4,Kochi
2020-10-03,27.6,24.1,2.7,Kochi
2020-10-04,28.4,23.7,1.6,Kochi
2020-10-05,28.2,24.2,0.8,Kochi
2020-10-06,28.4,24.9,8.4,Kochi
2020-10-07,28,24.6,6.1,Kochi
2020-10-08,27.9,23.9,33.8,Kochi
2020-10-09,28.1,23.9,9.9,Kochi
2020-10-10,27.3,24.5,15.7,Kochi
2020-10-11,27,24.7,15.5,Kochi
2020-10-12,27,24.6,15.9,Kochi
2020-10-13,27.9,24.7,7.7,Kochi
2020-10-14,27.3,24.9,9.5,Kochi
2020-10-15,28.2,25.2,8.5,Kochi
2020-10-16,27.1,24.9,12.2,Kochi
2020-10-17,27.7,24.3,2.8,Kochi
2020-10-18,28,24.7,4.1,Kochi
2020-10-19,27.7,24.9,4.6,Kochi
2020-10-20,27.6,24.6,11.4,Kochi
2020-10-21,28,24.6,4.8,Kochi
2020-10-22,28.5,24.5,2.7,Kochi
2020-10-23,28.3,23.5,0.8,Kochi
2020-10-24,28.6,23.5,0,Kochi
2020-10-25,28.8,23.4,0,Kochi
2020-10-26,28.7,24,0,Kochi
2020-10-27,28.4,24.9,4.5,Kochi
2020-10-28,29.3,24,8.6,Kochi
2020-10-29,28.8,23.9,3.9,Kochi
2020-10-30,28.3,23.7,2.2,Kochi
2020-10-31,28.5,23.7,0.6,Kochi
2020-11-01,29,24.4,3.7,Kochi
2020-11-02,28.6,24.1,2.7,Kochi
2020-11-03,29.1,24.4,2.8,Kochi
2020-11-04,28.8,23.8,20.2,Kochi
2020-11-05,28.8,24.7,4.9,Kochi
2020-11-06,28.9,24.7,0,Kochi
2020-11-07,29.6,25.3,0.1,Kochi
2020-11-08,29.2,25.2,6.3,Kochi
2020-11-09,29.1,24.7,2.4,Kochi
2020-11-10,29.5,24.9,1.3,Kochi
2020-11-11,28.6,23.1,0,Kochi
2020-11-12,29.9,24.9,0.3,Kochi
2020-11-13,28.6,25.2,9.1,Kochi
2020-11-14,29.6,24.8,0.5,Kochi
2020-11-15,29.5,24.5,4.1,Kochi
2020-11-16,28.7,25.1,5.7,Kochi
2020-11-17,30.5,24.2,9.5,Kochi
2020-11-18,29.7,24.5,11.3,Kochi
2020-11-19,29.2,25,1.4,Kochi
2020-11-20,28.4,24.6,2.7,Kochi
2020-11-21,29.3,23.3,0.2,Kochi
2020-11-22,28.9,23.9,0,Kochi
2020-11-23,29.2,22.7,0,Kochi
2020-11-24,28.7,23.5,0.1,Kochi
2020-11-25,28.8,24.6,1.9,Kochi
2020-11-26,28.4,25.4,6.1,Kochi
2020-11-27,28.6,24.6,3.7,Kochi
2020-11-28,29.3,24.1,2.3,Kochi
2020-11-29,29,24.6,0.8,Kochi
2020-11-30,29.4,25.2,0,Kochi
2020-12-01,29.6,25.2,0.1,Kochi
2020-12-02,29.2,23.1,0.1,Kochi
2020-12-03,27,24.3,5.1,Kochi
2020-12-04,28.7,24.3,5.1,Kochi
2020-12-05,26.8,24.1,5.5,Kochi
2020-12-06,28.4,24,7.2,Kochi
2020-12-07,27.4,23.9,29.3,Kochi
2020-12-08,29.3,23.7,0.4,Kochi
2020-12-09,29.5,24.7,0.2,Kochi
2020-12-10,29.9,24.3,0.5,Kochi
2020-12-11,28.9,24.3,1.6,Kochi
2020-12-12,29,23.9,1.6,Kochi
2020-12-13,28.4,23.5,0.2,Kochi
2020-12-14,29.6,23.5,0,Kochi
2020-12-15,28.4,21.9,0,Kochi
2020-12-16,28,24.3,4.1,Kochi
2020-12-17,27.9,24.1,4.1,Kochi
2020-12-18,27.4,23.6,1.9,Kochi
2020-12-19,29.7,23.9,0,Kochi
2020-12-20,30.2,23.1,0,Kochi
2020-12-21,29.8,21.7,0,Kochi
2020-12-22,28.4,23.4,2.2,Kochi
2020-12-23,28.7,23.6,0,Kochi
2020-12-24,29.8,23.8,0,Kochi
2020-12-25,30.6,24.4,0.1,Kochi
2020-12-26,30.1,23.5,0,Kochi
2020-12-27,29.1,21.3,0,Kochi
2020-12-28,29,22.7,0,Kochi
2020-12-29,28.9,23.7,0,Kochi
2020-12-30,30.4,24.1,0,Kochi
2020-12-31,29.7,24.4,2.1,Kochi
2021-01-01,29.6,23.1,0,Kochi
2021-01-02,30.1,22.3,0,Kochi
2021-01-03,29,24.4,0,Kochi
2021-01-04,29.6,24.2,0.9,Kochi
2021-01-05,29.6,24.1,4.7,Kochi
2021-01-06,28.6,24.3,7.2,Kochi
2021-01-07,28.7,23.7,9.3,Kochi
2021-01-08,28,24.2,53.9,Kochi
2021-01-09,28.4,23.7,3.8,Kochi
2021-01-10,29,24.6,2.9,Kochi
2021-01-11,27.9,24.9,1.7,Kochi
2021-01-12,26.5,24.1,25.3,Kochi
2021-01-13,28.4,23.7,10.3,Kochi
2021-01-14,28.8,24,1.6,Kochi
2021-01-15,29,24,0.1,Kochi
2021-01-16,29.6,24.3,2,Kochi
2021-01-17,28.9,24.4,4,Kochi
2021-01-18,29,23.3,0.2,Kochi
2021-01-19,28.4,21.9,0,Kochi
2021-01-20,28.8,23.3,0,Kochi
2021-01-21,28.9,24.4,0.7,Kochi
2021-01-22,28.7,24.6,0.8,Kochi
2021-01-23,28.3,24,4.3,Kochi
2021-01-24,28.9,23.7,0.2,Kochi
2021-01-25,29.3,23.4,0,Kochi
2021-01-26,28.1,21.1,0,Kochi
2021-01-27,28.5,21.5,0,Kochi
2021-01-28,29.2,21,0,Kochi
2021-01-29,28.9,21.6,0,Kochi
2021-01-30,29.3,23.2,0,Kochi
2021-01-31,29.5,23.9,1.1,Kochi
2021-02-01,30.6,24.1,0.1,Kochi
2021-02-02,31.1,23.7,0,Kochi
2021-02-03,30.9,23.9,0,Kochi
2021-02-04,30.5,24.9,0,Kochi
2021-02-05,30.7,23.5,0,Kochi
2021-02-06,29.8,23.9,2.2,Kochi
2021-02-07,30.8,23.6,0,Kochi
2021-02-08,31.6,23.4,0,Kochi
2021-02-09,31.2,22.8,0,Kochi
2021-02-10,30.6,22.6,0,Kochi
2021-02-11,30.5,21.9,0,Kochi
2021-02-12,30.6,22.5,0,Kochi
2021-02-13,30.1,23.2,0,Kochi
2021-02-14,29.8,23.4,0,Kochi
2021-02-15,31.1,24.1,0,Kochi
2021-02-16,29.6,24.2,1.3,Kochi
2021-02-17,30.3,24,2,Kochi
2021-02-18,29.9,23.5,2.2,Kochi
2021-02-19,29.9,23.9,1,Kochi
2021-02-20,29.5,24.7,1.3,Kochi
2021-02-21,29.8,24,1.4,Kochi
2021-02-22,29.9,24.1,1.1,Kochi
2021-02-23,30.3,24,0.7,Kochi
2021-02-24,30.2,24.6,0.9,Kochi
2021-02-25,29.2,24.9,2.1,Kochi
2021-02-26,29.9,25,2.1,Kochi
2021-02-27,30.5,24.7,3.6,Kochi
2021-02-28,30.7,25.3,0.2,Kochi
2021-03-01,29.9,25.1,0.6,Kochi
2021-03-02,31,24.6,0.4,Kochi
2021-03-03,31.7,24.3,0,Kochi
2021-03-04,31,23.6,0,Kochi
2021-03-05,31.4,23.1,0,Kochi
2021-03-06,31,24.4,0,Kochi
2021-03-07,31.2,25.3,0,Kochi
2021-03-08,30.8,25.6,0.2,Kochi
2021-03-09,30.4,25.3,0.8,Kochi
2021-03-10,31.6,25.2,2,Kochi
2021-03-11,29.5,24.2,7,Kochi
2021-03-12,30.3,24.1,2.4,Kochi
2021-03-13,30.6,24.1,0,Kochi
2021-03-14,31.4,24.7,0,Kochi
2021-03-15,31.2,25,0.5,Kochi
2021-03-16,31.7,24.9,0.1,Kochi
2021-03-17,31.3,25.4,0.2,Kochi
2021-03-18,31.3,25.2,1.3,Kochi
2021-03-19,30.2,25.2,2.7,Kochi
2021-03-20,29.1,25.1,3.9,Kochi
2021-03-21,30.1,25,0.2,Kochi
2021-03-22,30.3,25.4,0.6,Kochi
2021-03-23,30.8,25.5,2.1,Kochi
2021-03-24,30.4,25.3,1,Kochi
2021-03-25,30,25,3.4,Kochi
2021-03-26,29.8,25,0.2,Kochi
2021-03-27,30.2,26.2,2,Kochi
2021-03-28,28.9,25.9,3.2,Kochi
2021-03-29,29.9,24.9,1.9,Kochi
2021-03-30,31.5,24.4,0.3,Kochi
2021-03-31,30.6,26.2,3.4,Kochi
2021-04-01,30.2,25.4,6.5,Kochi
2021-04-02,30.7,25,0,Kochi
2021-04-03,30.5,26,0.8,Kochi
2021-04-04,30.8,25.9,0,Kochi
2021-04-05,30.9,26.6,0,Kochi
2021-04-06,30.9,26.4,0.3,Kochi
2021-04-07,30.2,25.6,4.8,Kochi
2021-04-08,30.2,24.8,1.4,Kochi
2021-04-09,30.1,25.5,3.3,Kochi
2021-04-10,30.2,25.4,2.3,Kochi
2021-04-11,29.6,25,5.3,Kochi
2021-04-12,30,25.2,10.3,Kochi
2021-04-13,29.7,24.9,1.4,Kochi
2021-04-14,28.9,25.2,6.6,Kochi
2021-04-15,29.4,24.8,2.9,Kochi
2021-04-16,29.5,25.1,5.6,Kochi
2021-04-17,30.1,25.1,3.5,Kochi
2021-04-18,28.8,24.8,20,Kochi
2021-04-19,29.6,24.9,4.6,Kochi
2021-04-20,28.7,24.2,11.3,Kochi
2021-04-21,30.1,25.4,5,Kochi
2021-04-22,29.9,25.5,1.9,Kochi
2021-04-23,29.3,24.3,4.1,Kochi
2021-04-24,30.2,25,7.3,Kochi
2021-04-25,30.3,25.1,5,Kochi
2021-04-26,29.9,24.6,5.6,Kochi
2021-04-27,29.6,24.8,9,Kochi
2021-04-28,29.6,25.2,12.9,Kochi
2021-04-29,30.2,25,2.7,Kochi
2021-04-30,30.4,25.5,10.3,Kochi
2021-05-01,30.8,24.4,7.2,Kochi
2021-05-02,30,25.9,7.1,Kochi
2021-05-03,29.3,24.6,12.6,Kochi
2021-05-04,29.5,24.6,9.4,Kochi
2021-05-05,30.2,25.4,5.5,Kochi
2021-05-06,30.6,25.3,10.8,Kochi
2021-05-07,29.6,25.2,11.5,Kochi
2021-05-08,30.1,24.7,0.5,Kochi
2021-05-09,30.1,25,6.7,Kochi
2021-05-10,29.5,25,11.9,Kochi
2021-05-11,29.8,25.7,19.6,Kochi
2021-05-12,28.8,25.2,17.8,Kochi
2021-05-13,28.3,25,18.7,Kochi
2021-05-14,26.6,24.5,94.4,Kochi
2021-05-15,26.8,25,90.3,Kochi
2021-05-16,27.5,24.8,42.2,Kochi
2021-05-17,28.8,25,8.6,Kochi
2021-05-18,28.8,25.6,10.6,Kochi
2021-05-19,28.6,25.6,24,Kochi
2021-05-20,28.8,25,24.3,Kochi
2021-05-21,27.3,24.7,18.6,Kochi
2021-05-22,27.6,25.3,20,Kochi
2021-05-23,29.3,25.2,5.8,Kochi
2021-05-24,30.1,26.3,4.2,Kochi
2021-05-25,28,25.6,28.8,Kochi
2021-05-26,26.3,25.3,34.6,Kochi
2021-05-27,28.5,24.9,10.1,Kochi
2021-05-28,27.9,25.1,5.7,Kochi
2021-05-29,27.5,25.4,9.7,Kochi
2021-05-30,28.4,24.7,2.8,Kochi
2021-05-31,28.3,25.8,8.7,Kochi
2021-06-01,27.7,25,11.5,Kochi
2021-06-02,29.3,24.9,5.6,Kochi
2021-06-03,28.7,25.7,19,Kochi
2021-06-04,28.7,25.4,19.9,Kochi
2021-06-05,27.2,24.7,35.1,Kochi
2021-06-06,28,25,10.6,Kochi
2021-06-07,28.7,25.2,5.7,Kochi
2021-06-08,28.1,25.3,17.7,Kochi
2021-06-09,27.7,24.8,6.3,Kochi
2021-06-10,28.3,24.9,4.5,Kochi
2021-06-11,29.4,24.2,7.2,Kochi
2021-06-12,27.3,25,16.5,Kochi
2021-06-13,27.5,24.9,30.6,Kochi
2021-06-14,26.8,25,17.9,Kochi
2021-06-15,28.4,25.2,13.3,Kochi
2021-06-16,28,25.1,14,Kochi
2021-06-17,28.4,24.1,16.7,Kochi
2021-06-18,29.1,24.5,4.4,Kochi
2021-06-19,27.2,24.9,5.1,Kochi
2021-06-20,27.5,24.8,5,Kochi
2021-06-21,27.8,24.9,4.1,Kochi
2021-06-22,27.5,24.8,18,Kochi
2021-06-23,28.5,24.8,12.7,Kochi
2021-06-24,27.9,24,3,Kochi
2021-06-25,29,25.3,1.7,Kochi
2021-06-26,27.1,24.9,9.9,Kochi
2021-06-27,27.9,24.4,11.7,Kochi
2021-06-28,27.2,24.7,14.2,Kochi
2021-06-29,28.7,24.5,1.2,Kochi
2021-06-30,29,25.1,1.7,Kochi
2021-07-01,27.5,25.1,12.8,Kochi
2021-07-02,28.1,24.6,10,Kochi
2021-07-03,27.7,24.3,18.5,Kochi
2021-07-04,28.2,24.6,18.3,Kochi
2021-07-05,28.7,24.2,3.9,Kochi
2021-07-06,28,24.5,4.6,Kochi
2021-07-07,28,24.8,11.3,Kochi
2021-07-08,27.8,24.9,11.6,Kochi
2021-07-09,26.1,24.3,41.2,Kochi
2021-07-10,26.3,24.5,64.9,Kochi
2021-07-11,26.5,23.9,23.3,Kochi
2021-07-12,27.7,24.8,10.5,Kochi
2021-07-13,28,24.4,10.3,Kochi
2021-07-14,26.4,24.6,18.2,Kochi
2021-07-15,27.6,23.7,3,Kochi
2021-07-16,26.8,24.3,13,Kochi
2021-07-17,28.1,24.3,7.2,Kochi
2021-07-18,26.4,24.2,15.8,Kochi
2021-07-19,27.2,24.8,7.6,Kochi
2021-07-20,27.6,24.1,4.4,Kochi
2021-07-21,27.7,24.9,9.2,Kochi
2021-07-22,27.9,25,10.9,Kochi
2021-07-23,26.7,24.9,12.6,Kochi
2021-07-24,26.6,24.3,28.6,Kochi
2021-07-25,26.4,24.6,22.4,Kochi
2021-07-26,27,23.7,10,Kochi
2021-07-27,26.5,24.5,9.1,Kochi
2021-07-28,27.1,24.6,9.6,Kochi
2021-07-29,27.6,24.5,3.3,Kochi
2021-07-30,27.7,24.7,3.9,Kochi
2021-07-31,28.2,24.9,4.6,Kochi
2021-08-01,27.8,24.8,3.3,Kochi
2021-08-02,27.1,24.7,6.1,Kochi
2021-08-03,27.9,24.8,5.7,Kochi
2021-08-04,27.4,24.8,6,Kochi
2021-08-05,26.9,25,10.7,Kochi
2021-08-06,27.3,24.8,18.9,Kochi
2021-08-07,26.2,24.8,20,Kochi
2021-08-08,26.9,24.4,14.9,Kochi
2021-08-09,27.2,24.3,18.5,Kochi
2021-08-10,27.2,24.3,11.5,Kochi
2021-08-11,27.4,24.7,19.8,Kochi
2021-08-12,27,24.4,13.4,Kochi
2021-08-13,27.3,25,6.3,Kochi
2021-08-14,26.9,24.6,6.9,Kochi
2021-08-15,27,24.3,3.7,Kochi
2021-08-16,26.5,24,6,Kochi
2021-08-17,27,24.1,21.9,Kochi
2021-08-18,26.4,24.1,22.3,Kochi
2021-08-19,26.8,23.7,6.4,Kochi
2021-08-20,27.6,24,1.7,Kochi
2021-08-21,27.3,24.5,4.8,Kochi
2021-08-22,27.6,24.3,0.6,Kochi
2021-08-23,26.9,24.3,18,Kochi
2021-08-24,27.5,24.3,2.4,Kochi
2021-08-25,27.8,24.3,4.3,Kochi
2021-08-26,27.6,24.5,12,Kochi
2021-08-27,27.2,24.8,26.3,Kochi
2021-08-28,26.2,24.5,29.2,Kochi
2021-08-29,25,23.7,73.7,Kochi
2021-08-30,25.9,23.1,29.5,Kochi
2021-08-31,27.8,24.8,4.2,Kochi
2021-09-01,27.6,24.8,4.4,Kochi
2021-09-02,27.2,24.6,8.4,Kochi
2021-09-03,27.1,24,7.8,Kochi
2021-09-04,26.4,24.1,13,Kochi
2021-09-05,26.5,24.4,20.5,Kochi
2021-09-06,26.1,24.4,12.1,Kochi
2021-09-07,26.5,24,12.2,Kochi
2021-09-08,27,24.1,5.4,Kochi
2021-09-09,27.3,24.3,3.4,Kochi
2021-09-10,27.8,24.7,4.2,Kochi
2021-09-11,27,24.6,4.7,Kochi
2021-09-12,26.7,24.7,11.8,Kochi
2021-09-13,27.4,24.6,10.6,Kochi
2021-09-14,27.4,24.9,10.2,Kochi
2021-09-15,27.4,24.7,8.6,Kochi
2021-09-16,26.8,24.7,6.8,Kochi
2021-09-17,28.2,24.1,1,Kochi
2021-09-18,27.9,25,2.8,Kochi
2021-09-19,28.1,25.3,2.6,Kochi
2021-09-20,28.3,25.5,2,Kochi
2021-09-21,28.2,25.1,3.5,Kochi
2021-09-22,28.2,24.7,1.6,Kochi
2021-09-23,28.3,25.2,5.1,Kochi
2021-09-24,28.2,24.9,3.2,Kochi
2021-09-25,27.4,24.9,7.9,Kochi
2021-09-26,27.8,24.8,10.5,Kochi
2021-09-27,26.2,24.4,27.4,Kochi
2021-09-28,26.8,23.9,23.2,Kochi
2021-09-29,27.9,23.8,10.5,Kochi
2021-09-30,27.9,24.7,7.1,Kochi
2021-10-01,27.1,24.5,28.3,Kochi
2021-10-02,27.5,23.9,87.1,Kochi
2021-10-03,28,24.5,12.5,Kochi
2021-10-04,28.3,24.4,14.1,Kochi
2021-10-05,28.4,24.2,30,Kochi
2021-10-06,26.7,24.1,22.5,Kochi
2021-10-07,28.6,24.7,6.5,Kochi
2021-10-08,28,24.9,16.3,Kochi
2021-10-09,26.3,24.7,23.3,Kochi
2021-10-10,27.5,24.2,14.1,Kochi
2021-10-11,26.5,24.2,46.8,Kochi
2021-10-12,25.8,24.2,58,Kochi
2021-10-13,28.1,23.6,3.9,Kochi
2021-10-14,27.8,23.8,12.3,Kochi
2021-10-15,27.9,24.3,2.7,Kochi
2021-10-16,26.4,24.1,57.4,Kochi
2021-10-17,27.5,24.3,42.6,Kochi
2021-10-18,27,23.8,8.2,Kochi
2021-10-19,28.4,23.9,0.6,Kochi
2021-10-20,29.1,24,12.5,Kochi
2021-10-21,28.6,24,14,Kochi
2021-10-22,28.3,23.8,2.6,Kochi
2021-10-23,27.5,23.6,22,Kochi
2021-10-24,27.8,23.3,0.7,Kochi
2021-10-25,28.6,23.5,21.4,Kochi
2021-10-26,28.9,22.9,5.7,Kochi
2021-10-27,28.7,23.8,15.7,Kochi
2021-10-28,28.2,23,0.5,Kochi
2021-10-29,27.1,23.8,2.4,Kochi
2021-10-30,27.9,24.1,7.7,Kochi
2021-10-31,27,23.9,13.3,Kochi
2021-11-01,27.3,23.9,10.3,Kochi
2021-11-02,28.1,23.6,37.3,Kochi
2021-11-03,28,23.4,8.8,Kochi
2021-11-04,27.9,23.3,19.8,Kochi
2021-11-05,26.9,23.2,27.8,Kochi
2021-11-06,28,23.4,3.4,Kochi
2021-11-07,28.3,23.9,2.4,Kochi
2021-11-08,27.2,23,10.7,Kochi
2021-11-09,27.1,23.7,2.2,Kochi
2021-11-10,28.1,23.2,0.8,Kochi
2021-11-11,28.8,23.5,2.5,Kochi
2021-11-12,27.4,23.7,8.5,Kochi
2021-11-13,27.2,24.2,38.6,Kochi
2021-11-14,25.7,24.1,63.1,Kochi
2021-11-15,26.7,24.2,44.5,Kochi
2021-11-16,27.5,23.5,14.7,Kochi
2021-11-17,28.6,23.6,3,Kochi
2021-11-18,27.1,23.9,10.5,Kochi
2021-11-19,27.3,23.9,27.3,Kochi
2021-11-20,27.7,23.6,13.5,Kochi
2021-11-21,29.2,23.4,0,Kochi
2021-11-22,28.3,23.2,0.2,Kochi
2021-11-23,28.3,23.4,16.9,Kochi
2021-11-24,27.9,23.7,1.6,Kochi
2021-11-25,27.6,23.8,5.5,Kochi
2021-11-26,27.8,23.7,12.1,Kochi
2021-11-27,28.6,23.7,6.1,Kochi
2021-11-28,27.6,23.8,27,Kochi
2021-11-29,28,23.3,1.8,Kochi
2021-11-30,28.4,23.2,29.5,Kochi
2021-12-01,28.6,23,10.6,Kochi
2021-12-02,28.6,22.9,1.6,Kochi
2021-12-03,28.2,24.1,2.4,Kochi
2021-12-04,27.9,24,2.7,Kochi
2021-12-05,28.7,24,0.5,Kochi
2021-12-06,28.1,23.9,1.9,Kochi
2021-12-07,29,24,0.1,Kochi
2021-12-08,29.7,24.5,1.2,Kochi
2021-12-09,28.8,24.1,0.5,Kochi
2021-12-10,28.5,23.8,1.9,Kochi
2021-12-11,28.9,23.3,0,Kochi
2021-12-12,29,23.8,0,Kochi
2021-12-13,29.1,24.4,0,Kochi
2021-12-14,29.4,24.3,2.4,Kochi
2021-12-15,28.5,23.9,1,Kochi
2021-12-16,28.4,24,0,Kochi
2021-12-17,29,24.1,0,Kochi
2021-12-18,29.1,24,0.1,Kochi
2021-12-19,30.3,23.8,0,Kochi
2021-12-20,29.9,23.2,0,Kochi
2021-12-21,29.3,23.1,0,Kochi
2021-12-22,28.9,22.8,0,Kochi
2021-12-23,28.6,23.6,0,Kochi
2021-12-24,29.1,22.8,0,Kochi
2021-12-25,29,22.2,0,Kochi
2021-12-26,29,22.5,0.3,Kochi
2021-12-27,28.8,22.5,0,Kochi
2021-12-28,29,22.7,0,Kochi
2021-12-29,28.8,22.3,0,Kochi
2021-12-30,29.6,22.5,0,Kochi
2021-12-31,31,23.4,0.1,Kochi
2022-01-01,31,23.9,0,Kochi
2022-01-02,31.6,23.7,0,Kochi
2022-01-03,31.4,24.7,0,Kochi
2022-01-04,31.1,24,0,Kochi
2022-01-05,29.7,23.6,0,Kochi
2022-01-06,30.4,23.9,0.3,Kochi
2022-01-07,30.1,24.1,0.1,Kochi
2022-01-08,31,23.8,1.2,Kochi
2022-01-09,29.7,23.9,0.2,Kochi
2022-01-10,29.6,23.4,0.4,Kochi
2022-01-11,30.4,24.1,0,Kochi
2022-01-12,30.1,24.4,0,Kochi
2022-01-13,30.2,24.1,0,Kochi
2022-01-14,30.7,23.4,0,Kochi
2022-01-15,31.1,24,0,Kochi
2022-01-16,31.8,24.2,0,Kochi
2022-01-17,31.9,24.4,0,Kochi
2022-01-18,31.6,24.5,0,Kochi
2022-01-19,29.9,24.2,0.6,Kochi
2022-01-20,29.5,23.6,0.2,Kochi
2022-01-21,29.8,23.6,0.2,Kochi
2022-01-22,29.4,23.4,0.2,Kochi
2022-01-23,29.6,24.1,0.1,Kochi
2022-01-24,29.6,22.7,0,Kochi
2022-01-25,29.6,23.4,0,Kochi
2022-01-26,29.1,23.6,0.6,Kochi
2022-01-27,29.7,22.5,0.1,Kochi
2022-01-28,30,23.3,0.5,Kochi
2022-01-29,30.9,23.4,0,Kochi
2022-01-30,31.4,24.4,0.1,Kochi
2022-01-31,30.5,24.7,0,Kochi
2022-02-01,31.2,24.6,0,Kochi
2022-02-02,29.7,24.7,3.2,Kochi
2022-02-03,29.7,24.1,0.4,Kochi
2022-02-04,30,23.9,0.3,Kochi
2022-02-05,29.7,22.8,0,Kochi
2022-02-06,29.3,23.3,0.1,Kochi
2022-02-07,30.7,23.5,0,Kochi
2022-02-08,30.3,24.5,0,Kochi
2022-02-09,30.9,24,0.2,Kochi
2022-02-10,31.1,23.7,1.3,Kochi
2022-02-11,30.7,24.4,0,Kochi
2022-02-12,29.7,24.8,1.8,Kochi
2022-02-13,29,23.7,0.4,Kochi
2022-02-14,29.4,23.8,0.7,Kochi
2022-02-15,29.1,23.9,1.8,Kochi
2022-02-16,29.4,23.3,6.1,Kochi
2022-02-17,28.8,23.5,1.5,Kochi
2022-02-18,28.6,23.7,2.4,Kochi
2022-02-19,29.9,24.1,0,Kochi
2022-02-20,30.9,24.4,0,Kochi
2022-02-21,30.5,25,0.6,Kochi
2022-02-22,30.5,23.6,1,Kochi
2022-02-23,31.4,24.2,1.2,Kochi
2022-02-24,30.9,23.4,1.3,Kochi
2022-02-25,31.5,25.2,0,Kochi
2022-02-26,31.5,24.5,0,Kochi
2022-02-27,32.2,24.5,0,Kochi
2022-02-28,30.3,22.6,23,Kochi
2022-03-01,32.3,24,0,Kochi
2022-03-02,33.3,23.1,0,Kochi
2022-03-03,32.6,23,0,Kochi
2022-03-04,32.6,23.2,0,Kochi
2022-03-05,31,24.2,0,Kochi
2022-03-06,30.6,24.7,0.4,Kochi
2022-03-07,30.9,24.8,0.4,Kochi
2022-03-08,30.8,24.4,3.3,Kochi
2022-03-09,30.8,24,0.1,Kochi
2022-03-10,31,24.9,0,Kochi
2022-03-11,31.6,24.6,0,Kochi
2022-03-12,31.3,25.1,0,Kochi
2022-03-13,32.1,24.6,0,Kochi
2022-03-14,33,24.8,0,Kochi
2022-03-15,30.7,25.4,0,Kochi
2022-03-16,30.4,24.5,4.6,Kochi
2022-03-17,30.3,24.8,0.6,Kochi
2022-03-18,31.2,25.8,1.2,Kochi
2022-03-19,30.1,23.7,3.1,Kochi
2022-03-20,29.2,24.4,3,Kochi
2022-03-21,30.6,24.6,0.9,Kochi
2022-03-22,30.5,24.7,0.5,Kochi
2022-03-23,30.5,25.3,1.8,Kochi
2022-03-24,29,24.3,1.9,Kochi
2022-03-25,30.1,25.1,0.4,Kochi
2022-03-26,30.9,26,0.8,Kochi
2022-03-27,29.8,25.9,1.8,Kochi
2022-03-28,31.4,25.2,3.1,Kochi
2022-03-29,30.3,25.4,0.7,Kochi
2022-03-30,29.5,24.1,7.1,Kochi
2022-03-31,30.2,23.3,1.5,Kochi
2022-04-01,30.2,25.4,1.3,Kochi
2022-04-02,30.5,24.9,1.9,Kochi
2022-04-03,30.8,25.1,13.1,Kochi
2022-04-04,30.7,24.2,0.2,Kochi
2022-04-05,30,25.3,4.3,Kochi
2022-04-06,29.8,24.3,0.4,Kochi
2022-04-07,30.8,24.3,0.1,Kochi
2022-04-08,30.2,24.7,15.1,Kochi
2022-04-09,29.8,23.3,19.4,Kochi
2022-04-10,29.5,23.5,14,Kochi
2022-04-11,29.9,24.5,5.3,Kochi
2022-04-12,28.1,24.1,32.4,Kochi
2022-04-13,28.5,24.7,25.7,Kochi
2022-04-14,28.8,24.4,5.3,Kochi
2022-04-15,29.8,24.2,1.4,Kochi
2022-04-16,30.8,24.7,1.5,Kochi
2022-04-17,30.2,24.2,9.5,Kochi
2022-04-18,30,24.9,5.7,Kochi
2022-04-19,29,24.3,6.5,Kochi
2022-04-20,30.9,25.4,0.3,Kochi
2022-04-21,31.2,25.9,0.8,Kochi
2022-04-22,29.7,25.3,0.4,Kochi
2022-04-23,29.4,25.2,7.9,Kochi
2022-04-24,30.5,24.9,13.6,Kochi
2022-04-25,31.1,26.3,6,Kochi
2022-04-26,30.9,25.7,0.3,Kochi
2022-04-27,31.2,26.4,1.1,Kochi
2022-04-28,30.3,24.2,4.9,Kochi
2022-04-29,30.7,24.1,10.8,Kochi
2022-04-30,30.5,24.8,0.1,Kochi
2022-05-01,29.6,25.4,22.1,Kochi
2022-05-02,30.4,25.3,2.4,Kochi
2022-05-03,31.4,26.5,1.2,Kochi
2022-05-04,30.7,26.5,3.3,Kochi
2022-05-05,29.1,24.2,23.8,Kochi
2022-05-06,29,24.8,12,Kochi
2022-05-07,30.5,25.5,6,Kochi
2022-05-08,30.7,25.9,5.6,Kochi
2022-05-09,29.3,25.1,22,Kochi
2022-05-10,29.4,24.2,29.5,Kochi
2022-05-11,28.6,23.4,15.6,Kochi
2022-05-12,28.2,23.1,10.2,Kochi
2022-05-13,29.1,24.2,3.3,Kochi
2022-05-14,27.6,25.4,40.1,Kochi
2022-05-15,27.6,25.1,48.9,Kochi
2022-05-16,26.6,25.1,80,Kochi
2022-05-17,26.5,24.6,141,Kochi
2022-05-18,26.7,24.4,75.4,Kochi
2022-05-19,26.7,24.3,45.3,Kochi
2022-05-20,26.4,24,28.7,Kochi
2022-05-21,27.1,24.3,40.7,Kochi
2022-05-22,26.8,24,15,Kochi
2022-05-23,28.4,23.1,19.5,Kochi
2022-05-24,28,24.8,4,Kochi
2022-05-25,28.7,23.8,0.7,Kochi
2022-05-26,27.8,23.8,11,Kochi
2022-05-27,28,24.1,8.9,Kochi
2022-05-28,28.1,24.2,3.3,Kochi
2022-05-29,27.8,24.7,9,Kochi
2022-05-30,28.3,24.3,2,Kochi
2022-05-31,28.9,23.6,7.9,Kochi
2022-06-01,28.3,23.5,2.2,Kochi
2022-06-02,28.3,24.3,6.8,Kochi
2022-06-03,28.5,24.7,8.4,Kochi
2022-06-04,28.8,24.6,3.6,Kochi
2022-06-05,29,25,9.9,Kochi
2022-06-06,28.8,25,10.7,Kochi
2022-06-07,27.9,23.8,23.5,Kochi
2022-06-08,28.4,24,16.9,Kochi
2022-06-09,28.5,24.1,13,Kochi
2022-06-10,27.2,24.5,11.2,Kochi
2022-06-11,27.7,24.1,5.9,Kochi
2022-06-12,27,23.2,20.2,Kochi
2022-06-13,28.6,24.4,5.6,Kochi
2022-06-14,28.5,23.7,5.8,Kochi
2022-06-15,27.9,24.5,22.7,Kochi
2022-06-16,28.4,23.5,13.4,Kochi
2022-06-17,27.8,23.2,16.3,Kochi
2022-06-18,27,23.9,21,Kochi
2022-06-19,27.8,23.8,6.3,Kochi
2022-06-20,27.9,24.3,15.1,Kochi
2022-06-21,28,23.5,11.8,Kochi
2022-06-22,28.2,23.7,7.3,Kochi
2022-06-23,27.4,23.8,11.2,Kochi
2022-06-24,27.6,24.2,13.7,Kochi
2022-06-25,26.9,24.7,8.7,Kochi
2022-06-26,28.9,23.8,5.4,Kochi
2022-06-27,27.7,23.9,7.5,Kochi
2022-06-28,27,23.7,11,Kochi
2022-06-29,27.6,24.1,5.7,Kochi
2022-06-30,27,24.2,30,Kochi
2022-07-01,27.5,24.5,17.4,Kochi
2022-07-02,27.8,24.4,11.4,Kochi
2022-07-03,27,24.3,34.6,Kochi
2022-07-04,27.3,23.3,12.3,Kochi
2022-07-05,26.2,23.4,18.5,Kochi
2022-07-06,27,23.2,8.2,Kochi
2022-07-07,25,23.3,34.2,Kochi
2022-07-08,27.3,23.6,6.5,Kochi
2022-07-09,26.4,23.7,16,Kochi
2022-07-10,27.4,23.8,7.1,Kochi
2022-07-11,26.2,23.5,12,Kochi
2022-07-12,26.2,23.7,7.7,Kochi
2022-07-13,26.7,23.6,19.9,Kochi
2022-07-14,27.5,24.2,21.8,Kochi
2022-07-15,27.8,24,9.8,Kochi
2022-07-16,27.1,23.7,7.9,Kochi
2022-07-17,26.7,24.4,7.6,Kochi
2022-07-18,27.7,24.6,10.5,Kochi
2022-07-19,27.3,24.1,6.1,Kochi
2022-07-20,27.5,24.7,14.7,Kochi
2022-07-21,27.9,24.9,3.2,Kochi
2022-07-22,26.5,24.8,9.6,Kochi
2022-07-23,26.6,23.9,9.3,Kochi
2022-07-24,27.4,23,4.5,Kochi
2022-07-25,27.7,24.5,0.6,Kochi
2022-07-26,27.9,24.1,3.7,Kochi
2022-07-27,27.1,24.4,1.9,Kochi
2022-07-28,27.3,24.2,2.5,Kochi
2022-07-29,29,25,5.2,Kochi
2022-07-30,28,24.6,9,Kochi
2022-07-31,28,24.2,20.3,Kochi
2022-08-01,26,24,94.5,Kochi
2022-08-02,25.8,24.5,36.1,Kochi
2022-08-03,25.9,23.9,51.9,Kochi
2022-08-04,25.4,24.1,46.8,Kochi
2022-08-05,26,24.3,27.8,Kochi
2022-08-06,26.2,22.6,12.2,Kochi
2022-08-07,27,23.8,14.9,Kochi
2022-08-08,27.1,24.2,12.7,Kochi
2022-08-09,27.9,24.7,4.5,Kochi
2022-08-10,27.8,25.2,1.5,Kochi
2022-08-11,28.2,23.9,3.1,Kochi
2022-08-12,28.4,24.2,2.1,Kochi
2022-08-13,27.8,24.3,1.3,Kochi
2022-08-14,28.2,24.5,1.1,Kochi
2022-08-15,28.4,24.8,0.3,Kochi
2022-08-16,28.3,24.7,0,Kochi
2022-08-17,27.9,25.1,0.8,Kochi
2022-08-18,28,25.2,4.8,Kochi
2022-08-19,27.6,24.4,7.1,Kochi
2022-08-20,27.9,24.9,2.3,Kochi
2022-08-21,26.8,24.3,20.1,Kochi
2022-08-22,25.6,23.7,32.5,Kochi
2022-08-23,25.6,23.1,33.4,Kochi
2022-08-24,24.9,23.5,17.5,Kochi
2022-08-25,26.4,23.8,8.2,Kochi
2022-08-26,27.1,24.2,12.6,Kochi
2022-08-27,25.4,23.9,17.5,Kochi
2022-08-28,27.3,24.1,6.4,Kochi
2022-08-29,26.9,23.6,21.2,Kochi
2022-08-30,27.2,24,6.1,Kochi
2022-08-31,26.7,23.7,6.5,Kochi
2022-09-01,27,24.1,8.3,Kochi
2022-09-02,27.6,22.8,8,Kochi
2022-09-03,27.2,24.1,4.5,Kochi
2022-09-04,27.6,24.7,2.8,Kochi
2022-09-05,27.7,23.5,26.4,Kochi
2022-09-06,26.9,23.6,19.2,Kochi
2022-09-07,26.3,23.9,10,Kochi
2022-09-08,26.6,24.2,11.8,Kochi
2022-09-09,27,23.8,12,Kochi
2022-09-10,26.3,23.9,21.8,Kochi
2022-09-11,27.6,24.3,7.4,Kochi
2022-09-12,26.6,24.3,10,Kochi
2022-09-13,27.2,23.7,2.4,Kochi
2022-09-14,27.6,24.4,3.2,Kochi
2022-09-15,27.8,24.3,2.5,Kochi
2022-09-16,27.7,24.3,1.6,Kochi
2022-09-17,27.5,24.4,3.3,Kochi
2022-09-18,27.7,24.1,3.1,Kochi
2022-09-19,27.3,24.1,2.3,Kochi
2022-09-20,27.9,24.6,3.5,Kochi
2022-09-21,27.5,24,1.7,Kochi
2022-09-22,27.4,23.3,0.5,Kochi
2022-09-23,27.6,23.5,0.5,Kochi
2022-09-24,27.7,24.1,1.3,Kochi
2022-09-25,28.3,24.8,2.4,Kochi
2022-09-26,28.9,23.6,6.2,Kochi
2022-09-27,28,25,1,Kochi
2022-09-28,28.1,24.1,0.8,Kochi
2022-09-29,27.8,24.3,2.6,Kochi
2022-09-30,27.5,24.1,2.6,Kochi
2022-10-01,27.3,22.8,2.6,Kochi
2022-10-02,27.9,23.4,16.4,Kochi
2022-10-03,27.5,23.3,11.8,Kochi
2022-10-04,28.2,23,9.3,Kochi
2022-10-05,27.4,23.4,10.9,Kochi
2022-10-06,26.6,23.4,4,Kochi
2022-10-07,26.7,23.5,3.3,Kochi
2022-10-08,27.8,23.1,0.7,Kochi
2022-10-09,27.9,23.8,0.6,Kochi
2022-10-10,28.3,24.4,0.1,Kochi
2022-10-11,27.8,23.7,0,Kochi
2022-10-12,28.7,24.1,1.3,Kochi
2022-10-13,28.4,23.8,4,Kochi
2022-10-14,28,23.2,5.8,Kochi
2022-10-15,28,23.9,3,Kochi
2022-10-16,28.3,23.4,5.2,Kochi
2022-10-17,27.8,24,9.4,Kochi
2022-10-18,25.9,23.6,14.6,Kochi
2022-10-19,27.1,23.5,20,Kochi
2022-10-20,27.1,22.8,2.6,Kochi
2022-10-21,26.5,23.4,8.9,Kochi
2022-10-22,28.1,23.3,0.2,Kochi
2022-10-23,28,23.2,6.3,Kochi
2022-10-24,28,24,3.5,Kochi
2022-10-25,28.5,23.7,0.5,Kochi
2022-10-26,28.3,22.6,0.5,Kochi
2022-10-27,28.7,23.6,0.9,Kochi
2022-10-28,28.8,23.6,0.6,Kochi
2022-10-29,28.2,23.5,2.7,Kochi
2022-10-30,27.5,24.7,3.9,Kochi
2022-10-31,28.3,24,11.2,Kochi
2022-11-01,26.6,24.1,7.5,Kochi
2022-11-02,27.4,23.1,14.6,Kochi
2022-11-03,28.4,23,0.5,Kochi
2022-11-04,28.8,23.7,5.5,Kochi
2022-11-05,28.3,23.7,8.2,Kochi
2022-11-06,27.8,23.5,13,Kochi
2022-11-07,28.5,23.1,2.1,Kochi
2022-11-08,28.9,24.2,9.3,Kochi
2022-11-09,28.4,24.3,0.2,Kochi
2022-11-10,28.7,23.6,2.3,Kochi
2022-11-11,28.1,23.3,0.9,Kochi
2022-11-12,27.1,22.9,14.5,Kochi
2022-11-13,29.1,23.6,9.9,Kochi
2022-11-14,28.2,23.3,11.3,Kochi
2022-11-15,28.4,23.2,3.8,Kochi
2022-11-16,28.5,23.4,2.1,Kochi
2022-11-17,28.1,23,8.6,Kochi
2022-11-18,27.6,22.5,2.4,Kochi
2022-11-19,28.2,22.8,0.1,Kochi
2022-11-20,28.2,23.1,2.1,Kochi
2022-11-21,28.1,22.6,1.2,Kochi
2022-11-22,28.2,23.3,0.8,Kochi
2022-11-23,28.6,23.7,0.9,Kochi
2022-11-24,28.7,23.2,0,Kochi
2022-11-25,29.3,23,0,Kochi
2022-11-26,28.3,24.2,0.4,Kochi
2022-11-27,27.4,23.7,3.7,Kochi
2022-11-28,27.8,23.3,2.9,Kochi
2022-11-29,27.9,23.2,3.4,Kochi
2022-11-30,28,24.4,1.2,Kochi
2022-12-01,29.1,23.3,0.4,Kochi
2022-12-02,28.8,24.1,4.4,Kochi
2022-12-03,28.5,23.8,2.3,Kochi
2022-12-04,28.4,24,2.9,Kochi
2022-12-05,29.2,23.7,0,Kochi
2022-12-06,28.3,23.7,0.7,Kochi
2022-12-07,28.1,23.9,0.6,Kochi
2022-12-08,28.4,23.5,0.2,Kochi
2022-12-09,29.2,23.1,0.5,Kochi
2022-12-10,28.7,22.8,7.6,Kochi
2022-12-11,25.4,22.7,52.3,Kochi
2022-12-12,26.6,23,12.7,Kochi
2022-12-13,29,22.9,0,Kochi
2022-12-14,29.4,23.4,9.1,Kochi
2022-12-15,28,22.1,0,Kochi
2022-12-16,28.6,21.6,0,Kochi
2022-12-17,29.4,22.6,0,Kochi
2022-12-18,29,22.6,0,Kochi
2022-12-19,29,23.7,0,Kochi
2022-12-20,29,24,0,Kochi
2022-12-21,30.1,24.2,0,Kochi
2022-12-22,28.9,22.8,0,Kochi
2022-12-23,28.7,23.1,0,Kochi
2022-12-24,28.9,23.2,0,Kochi
2022-12-25,30.1,23,3.5,Kochi
2022-12-26,29.6,24,0.3,Kochi
2022-12-27,28.4,25.2,1.5,Kochi
2022-12-28,29.9,24.5,0.5,Kochi
2022-12-29,28.9,23.9,0,Kochi
2022-12-30,29.2,23.8,0,Kochi
2022-12-31,29,22.6,0,Kochi
2023-01-01,29.8,22,0,Kochi
2023-01-02,28.9,22.3,0,Kochi
2023-01-03,28.8,21.5,0,Kochi
2023-01-04,29.2,22.9,0,Kochi
2023-01-05,29.1,22.7,0,Kochi
2023-01-06,30,22.6,0,Kochi
2023-01-07,30,23.3,0,Kochi
2023-01-08,30.3,23.8,0,Kochi
2023-01-09,30.9,23.1,0,Kochi
2023-01-10,29.2,22.2,0,Kochi
2023-01-11,28.6,21.9,0,Kochi
2023-01-12,29.2,21.4,0,Kochi
2023-01-13,28.6,21.3,0,Kochi
2023-01-14,29.4,21.3,0,Kochi
2023-01-15,29.2,22.6,0,Kochi
2023-01-16,29.7,22.3,0,Kochi
2023-01-17,29,23.1,0.1,Kochi
2023-01-18,30.8,22.2,0,Kochi
2023-01-19,29.4,22.9,0,Kochi
2023-01-20,29.5,22.4,0,Kochi
2023-01-21,30.5,22,0,Kochi
2023-01-22,29.3,22.3,0,Kochi
2023-01-23,30.4,23.1,0,Kochi
2023-01-24,30.1,23.4,13.9,Kochi
2023-01-25,28,22.3,0.6,Kochi
2023-01-26,28.7,22.7,0,Kochi
2023-01-27,28,23.1,0.8,Kochi
2023-01-28,29,22.7,0,Kochi
2023-01-29,28.4,21.8,0,Kochi
2023-01-30,29.1,22.5,0.3,Kochi
2023-01-31,29.5,23.4,6.2,Kochi
2023-02-01,29.3,22.7,0,Kochi
2023-02-02,29.7,23.9,0.8,Kochi
2023-02-03,28.2,22.3,1.6,Kochi
2023-02-04,29.1,23.3,0,Kochi
2023-02-05,29.1,23.6,0,Kochi
2023-02-06,28.9,22.5,0,Kochi
2023-02-07,29.5,22.7,0,Kochi
2023-02-08,30.6,23.4,0,Kochi
2023-02-09,29.2,23.6,0.2,Kochi
2023-02-10,30.7,23.7,0,Kochi
2023-02-11,29.3,22.5,0,Kochi
2023-02-12,29.6,22.7,0,Kochi
2023-02-13,30.1,22.1,0,Kochi
2023-02-14,29.6,22.5,0,Kochi
2023-02-15,30.7,22.6,0,Kochi
2023-02-16,30.2,22.6,0,Kochi
2023-02-17,30.5,22.8,0,Kochi
2023-02-18,29.9,23,0,Kochi
2023-02-19,31.1,22.6,0,Kochi
2023-02-20,30.4,23.6,0,Kochi
2023-02-21,30.7,24.1,0,Kochi
2023-02-22,30.6,24.4,0.5,Kochi
2023-02-23,29.5,23.9,0,Kochi
2023-02-24,30.2,22.7,0,Kochi
2023-02-25,31.5,23.7,0,Kochi
2023-02-26,32.5,23.4,0,Kochi
2023-02-27,31.5,22.7,0,Kochi
2023-02-28,30.5,21.4,0,Kochi
2023-03-01,31.7,24.3,0,Kochi
2023-03-02,31.5,24.5,0,Kochi
2023-03-03,32.8,23.5,0,Kochi
2023-03-04,31.5,22.6,0,Kochi
2023-03-05,32.1,24.5,0,Kochi
2023-03-06,31.6,25.3,0,Kochi
2023-03-07,31.8,24.5,0,Kochi
2023-03-08,31.7,24.5,0,Kochi
2023-03-09,31.8,24,0.5,Kochi
2023-03-10,32.9,24.9,0.1,Kochi
2023-03-11,30.8,25.2,0.5,Kochi
2023-03-12,31.8,24.9,0,Kochi
2023-03-13,31.5,25.3,0,Kochi
2023-03-14,32.2,26.1,0,Kochi
2023-03-15,30.8,24.2,2.2,Kochi
2023-03-16,30.8,24.4,0.8,Kochi
2023-03-17,31.4,24.2,1.4,Kochi
2023-03-18,29.9,23.7,0.7,Kochi
2023-03-19,29.2,23.3,3.6,Kochi
2023-03-20,30.2,24.5,4.6,Kochi
2023-03-21,31.4,24.4,0.3,Kochi
2023-03-22,30.7,24.7,0,Kochi
2023-03-23,31.2,24.9,0,Kochi
2023-03-24,31.5,25.4,1.3,Kochi
2023-03-25,31.7,25,0,Kochi
2023-03-26,30.9,25.3,1.6,Kochi
2023-03-27,31.2,24.5,0,Kochi
2023-03-28,31.5,26.1,0,Kochi
2023-03-29,30.4,25.5,4,Kochi
2023-03-30,30.8,24.1,8.3,Kochi
2023-03-31,31,24.5,0.1,Kochi
2023-04-01,31.3,25.3,0.3,Kochi
2023-04-02,30.3,23.9,2.5,Kochi
2023-04-03,30.9,25.7,1.1,Kochi
2023-04-04,30.4,24.4,12.8,Kochi
2023-04-05,30.3,24.7,2.3,Kochi
2023-04-06,30.6,24.6,0.2,Kochi
2023-04-07,30,24.7,2.7,Kochi
2023-04-08,30.7,24.8,0,Kochi
2023-04-09,30.7,25.4,3.8,Kochi
2023-04-10,31.1,24.7,0,Kochi
2023-04-11,31.1,25.9,0.3,Kochi
2023-04-12,31.4,25.8,0.2,Kochi
2023-04-13,31.7,25.9,0,Kochi
2023-04-14,31.5,26.1,0.1,Kochi
2023-04-15,32.1,26.3,0.2,Kochi
2023-04-16,32,25.8,1,Kochi
2023-04-17,31.9,26,0.1,Kochi
2023-04-18,31.9,25.9,2.2,Kochi
2023-04-19,32,26.4,1.8,Kochi
2023-04-20,31.4,25.2,4.3,Kochi
2023-04-21,31,26.1,3.9,Kochi
2023-04-22,30.7,24.9,9.7,Kochi
2023-04-23,31.8,25.1,1,Kochi
2023-04-24,31.8,27.2,7.8,Kochi
2023-04-25,29.3,25,14.5,Kochi
2023-04-26,30.3,25.1,11.6,Kochi
2023-04-27,31.3,25.1,3.4,Kochi
2023-04-28,30,25.3,10.3,Kochi
2023-04-29,29.6,24.5,16.9,Kochi
2023-04-30,30.2,24.9,18.4,Kochi
2023-05-01,29.2,24,26.6,Kochi
2023-05-02,29.5,24.5,14.5,Kochi
2023-05-03,29.3,24,6.1,Kochi
2023-05-04,30.8,25.7,0.3,Kochi
2023-05-05,29.8,25.6,2,Kochi
2023-05-06,30.6,26.1,6,Kochi
2023-05-07,29.6,24.3,2.7,Kochi
2023-05-08,30.7,26,1.1,Kochi
2023-05-09,30.5,25.1,20.2,Kochi
2023-05-10,30.4,25.1,8.1,Kochi
2023-05-11,29.1,24,9.4,Kochi
2023-05-12,30.5,24.9,11.6,Kochi
2023-05-13,30.4,26.4,1.1,Kochi
2023-05-14,31,26.1,8.1,Kochi
2023-05-15,30.3,26.1,3.3,Kochi
2023-05-16,31.4,26.6,0.7,Kochi
2023-05-17,31.4,26.8,2.2,Kochi
2023-05-18,31.6,27.1,6.2,Kochi
2023-05-19,29.3,26.6,7.1,Kochi
2023-05-20,29.9,26,2.2,Kochi
2023-05-21,29.8,25.1,4.5,Kochi
2023-05-22,30.5,25.4,2.5,Kochi
2023-05-23,30.5,25.5,3.4,Kochi
2023-05-24,30.1,25.3,3,Kochi
2023-05-25,30.1,25.4,3.5,Kochi
2023-05-26,29.5,25.5,4.7,Kochi
2023-05-27,30.1,25.7,1.5,Kochi
2023-05-28,31.1,24.8,19.1,Kochi
2023-05-29,31.2,26.5,3.7,Kochi
2023-05-30,30.7,26.3,2.6,Kochi
2023-05-31,29.8,25.8,3.2,Kochi
2023-06-01,29.1,25,9.1,Kochi
2023-06-02,30.3,25.7,1,Kochi
2023-06-03,30.1,25,13.5,Kochi
2023-06-04,30.2,24.7,12.6,Kochi
2023-06-05,29.7,25.6,11.3,Kochi
2023-06-06,30.5,24.3,6.1,Kochi
2023-06-07,28.3,24.1,22.1,Kochi
2023-06-08,28.7,25.3,5.4,Kochi
2023-06-09,28.9,24.8,16.3,Kochi
2023-06-10,29.3,23.9,14.6,Kochi
2023-06-11,30.1,25.2,15.6,Kochi
2023-06-12,27,24.7,28,Kochi
2023-06-13,28.3,24.9,17.7,Kochi
2023-06-14,28.7,24.9,6,Kochi
2023-06-15,29.6,25.8,1,Kochi
2023-06-16,30.2,25.8,2.4,Kochi
2023-06-17,28.7,24.9,4,Kochi
2023-06-18,29.1,24.7,11.1,Kochi
2023-06-19,28.4,24.4,6.1,Kochi
2023-06-20,27.9,24.5,4.8,Kochi
2023-06-21,29.2,24.9,5.7,Kochi
2023-06-22,28.8,24.6,4.5,Kochi
2023-06-23,27.9,24.4,4,Kochi
2023-06-24,29,23.9,1.7,Kochi
2023-06-25,28.1,24.5,14.7,Kochi
2023-06-26,28.3,24.7,16.9,Kochi
2023-06-27,26.4,24.1,43.3,Kochi
2023-06-28,29.2,23.8,12.8,Kochi
2023-06-29,27.5,24.1,13.9,Kochi
2023-06-30,28.3,24.5,3.7,Kochi
2023-07-01,29.2,24.9,4.4,Kochi
2023-07-02,28,24.2,18.8,Kochi
2023-07-03,27.1,23.6,46.4,Kochi
2023-07-04,26.6,24,66.9,Kochi
2023-07-05,25.4,24.4,75,Kochi
2023-07-06,25.6,24.1,62,Kochi
2023-07-07,26.5,24,23.9,Kochi
2023-07-08,26.4,23.6,47.5,Kochi
2023-07-09,28.7,23.7,2.2,Kochi
2023-07-10,27.6,24.5,3.4,Kochi
2023-07-11,27.3,23.7,5.8,Kochi
2023-07-12,28.2,24.2,3.6,Kochi
2023-07-13,27.5,24,25.7,Kochi
2023-07-14,27.3,24,10.4,Kochi
2023-07-15,28.1,24.8,2.6,Kochi
2023-07-16,28,25.1,8.9,Kochi
2023-07-17,27.6,24.6,4.5,Kochi
2023-07-18,28.3,23.8,12.7,Kochi
2023-07-19,28.5,24.1,15.3,Kochi
2023-07-20,29.4,23.9,8.6,Kochi
2023-07-21,29.3,25.2,5.5,Kochi
2023-07-22,28.2,24.1,12.3,Kochi
2023-07-23,26.3,23.8,20.8,Kochi
2023-07-24,26.7,23.7,16.9,Kochi
2023-07-25,26.9,23.2,1.8,Kochi
2023-07-26,27.5,23.2,10.1,Kochi
2023-07-27,28.6,23.7,7.1,Kochi
2023-07-28,28.2,24.2,1.2,Kochi
2023-07-29,28.7,24.9,0.6,Kochi
2023-07-30,28.4,24.9,1.1,Kochi
2023-07-31,28.3,25,1.3,Kochi
2023-08-01,28.7,24.6,2.6,Kochi
2023-08-02,28.5,25.1,1.6,Kochi
2023-08-03,28.9,25.2,3.7,Kochi
2023-08-04,28.1,24.1,4.1,Kochi
2023-08-05,29.6,24.2,2.9,Kochi
2023-08-06,28.4,24.3,3.1,Kochi
2023-08-07,28.8,24.9,3.6,Kochi
2023-08-08,28.1,24.2,2.6,Kochi
2023-08-09,28.9,24.3,2.1,Kochi
2023-08-10,28.7,25,4.1,Kochi
2023-08-11,29,25,4.6,Kochi
2023-08-12,28.3,23.8,4,Kochi
2023-08-13,28.4,25.2,2.2,Kochi
2023-08-14,28.5,24.4,3.1,Kochi
2023-08-15,28.8,24.1,1.7,Kochi
2023-08-16,28.9,24,0.1,Kochi
2023-08-17,28.5,24.1,2.8,Kochi
2023-08-18,28.5,24.3,5.7,Kochi
2023-08-19,28,23.9,2.5,Kochi
2023-08-20,28.8,24.5,1.4,Kochi
2023-08-21,29,24.8,1.1,Kochi
2023-08-22,29.6,25.2,1.3,Kochi
2023-08-23,29.3,25.4,1.2,Kochi
2023-08-24,29.5,24.4,2.6,Kochi
2023-08-25,29.5,24.3,0.9,Kochi
2023-08-26,29.1,24.6,1.7,Kochi
2023-08-27,29.1,25.1,2,Kochi
2023-08-28,29.5,24.6,19.6,Kochi
2023-08-29,29.1,23.5,18.2,Kochi
2023-08-30,28.9,24.1,7.5,Kochi
2023-08-31,29.3,24.5,12.1,Kochi
2023-09-01,29.4,23.9,9.3,Kochi
2023-09-02,28.7,24.7,11.1,Kochi
2023-09-03,26.9,24,20.7,Kochi
2023-09-04,27.2,24.1,25.3,Kochi
2023-09-05,26.4,24,27.8,Kochi
2023-09-06,25.9,23.8,28.1,Kochi
2023-09-07,25.7,24,34.4,Kochi
2023-09-08,26.2,23.4,36.1,Kochi
2023-09-09,28.3,24,27.5,Kochi
2023-09-10,27,23.9,52.2,Kochi
2023-09-11,28,24,34.5,Kochi
2023-09-12,28.9,23.4,6.9,Kochi
2023-09-13,27.6,24.2,8.1,Kochi
2023-09-14,28.2,24,10.5,Kochi
2023-09-15,26.4,24.2,26.7,Kochi
2023-09-16,28.6,23.9,24.2,Kochi
2023-09-17,28.4,23.8,12.6,Kochi
2023-09-18,25.6,23.6,34,Kochi
2023-09-19,27.8,23.3,40.6,Kochi
2023-09-20,28.2,23.9,10,Kochi
2023-09-21,28.5,23.8,13.2,Kochi
2023-09-22,28,23.7,29.7,Kochi
2023-09-23,28.4,23.8,22.4,Kochi
2023-09-24,28.4,23.5,10.2,Kochi
2023-09-25,28.3,23.8,20.8,Kochi
2023-09-26,28.5,24.5,8.9,Kochi
2023-09-27,28.6,24,4.7,Kochi
2023-09-28,26.5,23.8,26.9,Kochi
2023-09-29,26.2,23.6,32.9,Kochi
2023-09-30,26.6,23.2,43.6,Kochi
2023-10-01,26.7,24.4,35.9,Kochi
2023-10-02,26.7,23.6,14.3,Kochi
2023-10-03,29,23.8,3.2,Kochi
2023-10-04,29.1,24,4.4,Kochi
2023-10-05,29.1,23.8,0.5,Kochi
2023-10-06,30,24.7,1.2,Kochi
2023-10-07,29.7,24.7,0,Kochi
2023-10-08,29.6,24.5,0.2,Kochi
2023-10-09,30.7,24.6,0,Kochi
2023-10-10,30.5,25,4.2,Kochi
2023-10-11,28.9,23.9,28.9,Kochi
2023-10-12,28.1,23.7,19.6,Kochi
2023-10-13,29.3,23.5,5.5,Kochi
2023-10-14,29,23.8,46.4,Kochi
2023-10-15,28.3,23.4,19.2,Kochi
2023-10-16,29.6,24.2,3.4,Kochi
2023-10-17,29.8,23.7,32.2,Kochi
2023-10-18,28.7,23.5,22.7,Kochi
2023-10-19,29,24,6.7,Kochi
2023-10-20,28.8,24,1.9,Kochi
2023-10-21,29.2,24,3.6,Kochi
2023-10-22,29.1,23.6,13.9,Kochi
2023-10-23,28.3,23.3,19.9,Kochi
2023-10-24,28.2,23,5.4,Kochi
2023-10-25,29.1,23.7,1.4,Kochi
2023-10-26,29.7,24.6,0.7,Kochi
2023-10-27,29,23.7,3.5,Kochi
2023-10-28,29.2,23.4,15.5,Kochi
2023-10-29,29.8,24,28.1,Kochi
2023-10-30,28.9,23.7,10.6,Kochi
2023-10-31,29,24.1,9.2,Kochi
2023-11-01,29.5,23.9,10.4,Kochi
2023-11-02,29.4,23.6,11.5,Kochi
2023-11-03,29.4,23.6,12,Kochi
2023-11-04,27.1,23.6,22.5,Kochi
2023-11-05,28.3,23.5,21.5,Kochi
2023-11-06,29.8,23.8,5.9,Kochi
2023-11-07,29.1,23.5,5.3,Kochi
2023-11-08,29.2,24.1,49,Kochi
2023-11-09,29.4,24.1,15,Kochi
2023-11-10,29.5,24.1,5.2,Kochi
2023-11-11,30.1,24.1,1.2,Kochi
2023-11-12,29.8,24.7,0.1,Kochi
2023-11-13,30.4,23.6,0,Kochi
2023-11-14,28.9,24.5,1,Kochi
2023-11-15,29.6,23.8,2.2,Kochi
2023-11-16,29.9,23.8,1.9,Kochi
2023-11-17,30.1,24.3,2.2,Kochi
2023-11-18,28.9,24.6,9.2,Kochi
2023-11-19,29.3,24.2,0.2,Kochi
2023-11-20,29.4,24.1,0.1,Kochi
2023-11-21,30.5,24.7,3.6,Kochi
2023-11-22,29.3,24.3,34.9,Kochi
2023-11-23,27,23.8,35,Kochi
2023-11-24,30.4,24.2,12.6,Kochi
2023-11-25,29.6,24.1,2.8,Kochi
2023-11-26,30.1,23.7,0,Kochi
2023-11-27,30.2,24.8,0,Kochi
2023-11-28,30.4,24.8,2.5,Kochi
2023-11-29,30.1,23.9,0.3,Kochi
2023-11-30,30.4,24.1,1.4,Kochi
2023-12-01,29.5,24.7,10.9,Kochi
2023-12-02,29.2,24.1,0,Kochi
2023-12-03,29.2,23.9,1.1,Kochi
2023-12-04,29.3,24.4,1.1,Kochi
2023-12-05,30.1,24.5,2,Kochi
2023-12-06,30,24.2,0.5,Kochi
2023-12-07,30,24.6,0,Kochi
2023-12-08,31.1,24.9,3.4,Kochi
2023-12-09,29,24.3,2.8,Kochi
2023-12-10,30.5,24.4,8.8,Kochi
2023-12-11,29,24.1,0,Kochi
2023-12-12,29.4,24.8,8.3,Kochi
2023-12-13,30.7,23.7,0,Kochi
2023-12-14,30.4,23.8,0,Kochi
2023-12-15,30.2,23.5,0,Kochi
2023-12-16,29.8,24.1,1.3,Kochi
2023-12-17,27.3,24.2,11.1,Kochi
2023-12-18,26.6,24.4,19.8,Kochi
2023-12-19,30.3,24.2,0,Kochi
2023-12-20,31.2,24.6,0,Kochi
2023-12-21,30.3,24.4,0.1,Kochi
2023-12-22,30.7,24.3,0,Kochi
2023-12-23,31.3,23.9,0,Kochi
2023-12-24,32,21.9,0,Kochi
2023-12-25,31.1,24.3,0,Kochi
2023-12-26,31.3,24.2,0,Kochi
2023-12-27,32,22.1,0,Kochi
2023-12-28,32.4,24.2,0.1,Kochi
2023-12-29,32.6,24.3,0.1,Kochi
2023-12-30,33,24.2,0.2,Kochi
2023-12-31,33.1,25,0,Kochi
2024-01-01,31.2,24.6,0.1,Kochi
2024-01-02,31.5,24.6,0.2,Kochi
2024-01-03,30.6,24.7,18.9,Kochi
2024-01-04,30.5,23.9,35.4,Kochi
2024-01-05,28.1,24.4,36.3,Kochi
2024-01-06,29.5,23.5,26.6,Kochi
2024-01-07,29.7,23.8,1.7,Kochi
2024-01-08,29.5,24.3,8.9,Kochi
2024-01-09,27.8,23.8,33.9,Kochi
2024-01-10,29.4,24.2,5.6,Kochi
2024-01-11,31.3,23.6,0,Kochi
2024-01-12,31.5,24,0,Kochi
2024-01-13,30.2,23.6,0,Kochi
2024-01-14,30.4,23.6,0,Kochi
2024-01-15,29.8,23,0,Kochi
2024-01-16,29,23.6,4.2,Kochi
2024-01-17,28.8,23.9,2.8,Kochi
2024-01-18,30.1,23.7,2.4,Kochi
2024-01-19,29.7,24.4,2,Kochi
2024-01-20,29.2,23.3,14.3,Kochi
2024-01-21,31.8,23.8,3.2,Kochi
2024-01-22,30.9,23.8,3.4,Kochi
2024-01-23,30.6,24.4,1.6,Kochi
2024-01-24,28.7,24.4,45.8,Kochi
2024-01-25,30.6,23.7,0.2,Kochi
2024-01-26,32.5,23.5,0,Kochi
2024-01-27,33.1,23.5,0,Kochi
2024-01-28,31,23.2,0,Kochi
2024-01-29,31.2,23.8,0,Kochi
2024-01-30,32,23.4,0,Kochi
2024-01-31,31.7,24.2,0,Kochi
2024-02-01,32.7,24.2,1,Kochi
2024-02-02,31.6,24.2,0.4,Kochi
2024-02-03,30.7,24.4,1.8,Kochi
2024-02-04,32,24.7,0,Kochi
2024-02-05,33.3,24.6,0,Kochi
2024-02-06,33.2,23.2,0,Kochi
2024-02-07,32.2,23.6,0,Kochi
2024-02-08,32.4,23.7,0,Kochi
2024-02-09,32.4,23.8,0.3,Kochi
2024-02-10,33.9,24.1,0,Kochi
2024-02-11,33.2,24.7,0,Kochi
2024-02-12,32.2,24.4,0,Kochi
2024-02-13,33,23.7,0.2,Kochi
2024-02-14,33,25.5,0,Kochi
2024-02-15,32.5,25,0.2,Kochi
2024-02-16,34.8,24.9,0,Kochi
2024-02-17,33.7,24.6,0.3,Kochi
2024-02-18,31.7,23.5,5.5,Kochi
2024-02-19,34.4,24.9,0,Kochi
2024-02-20,33.4,25.4,0.1,Kochi
2024-02-21,30.9,24.4,11.3,Kochi
2024-02-22,31.7,24.8,1.4,Kochi
2024-02-23,32,25.5,0.3,Kochi
2024-02-24,31.1,23.3,4.9,Kochi
2024-02-25,32.9,26.3,0,Kochi
2024-02-26,33,25.5,0.6,Kochi
2024-02-27,34.9,25.3,0,Kochi
2024-02-28,33,25.3,0,Kochi
2024-02-29,33.4,25.4,0,Kochi
2024-03-01,33.2,25.5,0.1,Kochi
2024-03-02,32.7,25.7,0,Kochi
2024-03-03,31.5,25.6,2.3,Kochi
2024-03-04,31.2,24.3,1.4,Kochi
2024-03-05,33.1,25.5,0.7,Kochi
2024-03-06,32.5,25.3,1.9,Kochi
2024-03-07,32.4,26,0,Kochi
2024-03-08,32.2,25.1,0,Kochi
2024-03-09,32.5,25.2,1,Kochi
2024-03-10,32.7,25.2,0.1,Kochi
2024-03-11,31.2,24.9,11.2,Kochi
2024-03-12,32.5,24.7,0,Kochi
2024-03-13,31,26.3,1.8,Kochi
2024-03-14,31.8,25.6,0.6,Kochi
2024-03-15,31.7,24.8,3.8,Kochi
2024-03-16,31.6,24.1,2.4,Kochi
2024-03-17,32.1,25.3,2.3,Kochi
2024-03-18,31.7,24.4,2,Kochi
2024-03-19,32.4,24.3,0.9,Kochi
2024-03-20,32.3,25.1,1.1,Kochi
2024-03-21,33.1,25.1,0,Kochi
2024-03-22,32.4,25.2,6.5,Kochi
2024-03-23,32.3,24.8,3,Kochi
2024-03-24,31.9,24.7,3.7,Kochi
2024-03-25,31.9,24.1,4.4,Kochi
2024-03-26,32.1,24.9,1.3,Kochi
2024-03-27,32.4,25.6,1,Kochi
2024-03-28,31.7,25.4,5.8,Kochi
2024-03-29,29.9,23.2,23.6,Kochi
2024-03-30,32.3,26.1,0.8,Kochi
2024-03-31,31.5,25.7,0.5,Kochi
2024-04-01,32.5,26,1.3,Kochi
2024-04-02,31.8,24.9,19.4,Kochi
2024-04-03,30.8,25.1,11.2,Kochi
2024-04-04,31.9,25.4,31.1,Kochi
2024-04-05,30.9,24.1,4.6,Kochi
2024-04-06,33.4,26.6,0,Kochi
2024-04-07,32.2,25.5,9.7,Kochi
2024-04-08,33,25,24.9,Kochi
2024-04-09,32.2,25.7,1.9,Kochi
2024-04-10,32.6,26.3,0.9,Kochi
2024-04-11,32.3,25.9,18.4,Kochi
2024-04-12,32.5,25.2,16,Kochi
2024-04-13,31.8,25.5,9.6,Kochi
2024-04-14,32.1,25.1,3.7,Kochi
2024-04-15,34,25.8,0,Kochi
2024-04-16,32.4,25.1,2.6,Kochi
2024-04-17,31.5,25.9,0.8,Kochi
2024-04-18,32.2,26.3,2.8,Kochi
2024-04-19,31.4,26.1,4.7,Kochi
2024-04-20,32.8,26.2,4.2,Kochi
2024-04-21,32.9,24.9,18.3,Kochi
2024-04-22,32,25.4,5.4,Kochi
2024-04-23,33.3,25.7,1.6,Kochi
2024-04-24,31.8,25.7,0.6,Kochi
2024-04-25,33,26.3,3.1,Kochi
2024-04-26,33.7,25.7,16.7,Kochi
2024-04-27,33.5,25.8,1.8,Kochi
2024-04-28,32.5,26,3.3,Kochi
2024-04-29,33.3,26,1.7,Kochi
2024-04-30,32.3,24.7,13.8,Kochi
2024-05-01,32.7,25.8,1.2,Kochi
2024-05-02,33.9,26.3,1.7,Kochi
2024-05-03,33.4,25.6,10.2,Kochi
2024-05-04,32.9,25.7,5.2,Kochi
2024-05-05,32.5,25.3,13.5,Kochi
2024-05-06,34,28.4,0.3,Kochi
2024-05-07,34.5,27.4,0.1,Kochi
2024-05-08,33.5,25.8,27.5,Kochi
2024-05-09,32.9,25.6,7.9,Kochi
2024-05-10,31,24.8,9.9,Kochi
2024-05-11,31.6,27.1,42,Kochi
2024-05-12,31.3,25.8,35.7,Kochi
2024-05-13,30.5,26.1,0.9,Kochi
2024-05-14,29.7,26.3,9.5,Kochi
2024-05-15,31.9,25.6,27.8,Kochi
2024-05-16,30.4,25.7,13.8,Kochi
2024-05-17,29.6,24.7,56.7,Kochi
2024-05-18,28.9,25.2,15.6,Kochi
2024-05-19,29.2,24.5,25.7,Kochi
2024-05-20,26.7,24.6,69.2,Kochi
2024-05-21,29,25.2,34.2,Kochi
2024-05-22,27.1,25.2,152.2,Kochi
2024-05-23,27.9,25.2,146.7,Kochi
2024-05-24,27.5,25.2,62.7,Kochi
2024-05-25,28.7,23.9,66.9,Kochi
2024-05-26,29.6,24,27,Kochi
2024-05-27,28.3,24.4,56.7,Kochi
2024-05-28,26.5,24.9,171.9,Kochi
2024-05-29,28.1,25.2,28.3,Kochi
2024-05-30,28.2,24.1,87.4,Kochi
2024-05-31,29.5,25.2,38.8,Kochi
2024-06-01,29.7,24.6,10.1,Kochi
2024-06-02,27.9,25.1,33.2,Kochi
2024-06-03,28.9,23.8,33.6,Kochi
2024-06-04,28.9,24.8,13,Kochi
2024-06-05,28.4,24.5,36.2,Kochi
2024-06-06,27.3,24.9,37.4,Kochi
2024-06-07,27.4,24.9,15.2,Kochi
2024-06-08,27.4,24.3,37.9,Kochi
2024-06-09,28.4,24.5,12.6,Kochi
2024-06-10,28.5,24.3,10.6,Kochi
2024-06-11,28.6,24.5,13.6,Kochi
2024-06-12,26.7,24.6,8.9,Kochi
2024-06-13,28.3,24.3,9.4,Kochi
2024-06-14,28.9,24.8,2,Kochi
2024-06-15,29.5,24,1.2,Kochi
2024-06-16,29.3,25,5.7,Kochi
2024-06-17,28.5,25.2,24.6,Kochi
2024-06-18,28,24.2,29.2,Kochi
2024-06-19,27.7,24,26.8,Kochi
2024-06-20,27.1,23.6,34.6,Kochi
2024-06-21,26.1,23.5,29.4,Kochi
2024-06-22,26.8,24,32.1,Kochi
2024-06-23,26.8,24.4,50.8,Kochi
2024-06-24,27,24.5,43.7,Kochi
2024-06-25,26.6,24.2,53.2,Kochi
2024-06-26,26.4,24.4,47,Kochi
2024-06-27,26.8,23.7,26.7,Kochi
2024-06-28,28.6,23.9,6.4,Kochi
2024-06-29,28.7,24.3,4.9,Kochi
2024-06-30,27.8,24.3,18,Kochi
2024-07-01,27.5,24.9,13.3,Kochi
2024-07-02,28.5,24.8,3.1,Kochi
2024-07-03,28.8,24.5,9.3,Kochi
2024-07-04,29,23.9,14.4,Kochi
2024-07-05,27.4,24.4,5.9,Kochi
2024-07-06,27.7,24.3,5.8,Kochi
2024-07-07,28.3,24.7,5.4,Kochi
2024-07-08,26.2,23.9,25.7,Kochi
2024-07-09,27.9,23.5,5.5,Kochi
2024-07-10,28.6,23.6,35.4,Kochi
2024-07-11,28.6,23.9,0.6,Kochi
2024-07-12,27,24.8,23.7,Kochi
2024-07-13,26.5,24.5,33.3,Kochi
2024-07-14,27.7,23.9,14.7,Kochi
2024-07-15,26.6,24.1,39.3,Kochi
2024-07-16,27.5,24,35.4,Kochi
2024-07-17,26.4,24.6,25.5,Kochi
2024-07-18,26.3,24.5,27.2,Kochi
2024-07-19,26.9,23.8,6.7,Kochi
2024-07-20,29,24.3,8.6,Kochi
2024-07-21,29.3,25,4,Kochi
2024-07-22,28.1,24.8,3.6,Kochi
2024-07-23,28.4,24.8,3.5,Kochi
2024-07-24,28.7,24.2,2.5,Kochi
2024-07-25,27.9,24.1,12.4,Kochi
2024-07-26,28.3,24.5,11.8,Kochi
2024-07-27,28,24.6,7,Kochi
2024-07-28,28,23.8,15.6,Kochi
2024-07-29,26.2,23.6,44.2,Kochi
2024-07-30,26.5,24,33.6,Kochi
2024-07-31,26.2,24.1,22,Kochi
2024-08-01,27.3,24,5.9,Kochi
2024-08-02,27.7,23.6,4.9,Kochi
2024-08-03,28.8,24.2,4.1,Kochi
2024-08-04,28.2,24.4,8.8,Kochi
2024-08-05,28.2,24.4,8.1,Kochi
2024-08-06,28.2,23.8,7.9,Kochi
2024-08-07,27.4,24.6,2.4,Kochi
2024-08-08,26.9,24.4,16.5,Kochi
2024-08-09,28.5,24,1.3,Kochi
2024-08-10,27.7,24.3,11.4,Kochi
2024-08-11,28.9,25.3,3.5,Kochi
2024-08-12,28.9,25.4,32.2,Kochi
2024-08-13,28.6,24.4,16.7,Kochi
2024-08-14,28.9,24.3,8.3,Kochi
2024-08-15,28.8,24.8,1.6,Kochi
2024-08-16,28.1,25.1,10.5,Kochi
2024-08-17,28.2,25.1,5,Kochi
2024-08-18,28.2,24.8,0.8,Kochi
2024-08-19,28.6,25.2,10.4,Kochi
2024-08-20,29.2,24.7,14.1,Kochi
2024-08-21,29.1,24.1,11.7,Kochi
2024-08-22,28.8,24.3,2.6,Kochi
2024-08-23,28.7,24.2,1.6,Kochi
2024-08-24,27.7,24.8,7.1,Kochi
2024-08-25,29,24.6,5.4,Kochi
2024-08-26,28.8,24.4,6.3,Kochi
2024-08-27,27.7,24.1,7.6,Kochi
2024-08-28,27.2,24.3,4,Kochi
2024-08-29,26.2,23.9,12.7,Kochi
2024-08-30,27.8,23.5,26.3,Kochi
2024-08-31,26.8,23.9,7.5,Kochi
2024-09-01,27.1,24.4,13.7,Kochi
2024-09-02,28.2,24.1,7.4,Kochi
2024-09-03,26.6,23.8,12.1,Kochi
2024-09-04,27.3,24.4,5.1,Kochi
2024-09-05,28.5,24.8,3.5,Kochi
2024-09-06,28.3,23.8,2.8,Kochi
2024-09-07,28.7,24.9,4.5,Kochi
2024-09-08,27.7,24.3,10.6,Kochi
2024-09-09,26.7,24.6,22.6,Kochi
2024-09-10,28.2,24.1,9.9,Kochi
2024-09-11,26.7,23.7,10.3,Kochi
2024-09-12,28,23.9,1.3,Kochi
2024-09-13,28.6,24.5,1.7,Kochi
2024-09-14,28.5,24.7,8.5,Kochi
2024-09-15,28.7,24.8,4.6,Kochi
2024-09-16,29,25,1.2,Kochi
2024-09-17,28.9,24.8,3,Kochi
2024-09-18,29,24.4,2.3,Kochi
2024-09-19,28.4,24.3,1.3,Kochi
2024-09-20,28.5,23.5,1.9,Kochi
2024-09-21,28.4,24,2.1,Kochi
2024-09-22,28.1,24.4,5.9,Kochi
2024-09-23,27.9,24.5,25.7,Kochi
2024-09-24,28.7,24.4,4.6,Kochi
2024-09-25,28.8,24.4,4.7,Kochi
2024-09-26,28.9,24,1.7,Kochi
2024-09-27,29,24.7,3.6,Kochi
2024-09-28,29,25,0.4,Kochi
2024-09-29,30.6,24.4,17.1,Kochi
2024-09-30,30.3,23.8,10.7,Kochi
2024-10-01,29.7,24,1.4,Kochi
2024-10-02,29.8,25.2,3.6,Kochi
2024-10-03,29.3,25.1,4.1,Kochi
2024-10-04,29.5,24.9,6.8,Kochi
2024-10-05,27.8,23.6,1,Kochi
2024-10-06,29,24.9,15.9,Kochi
2024-10-07,28.7,23.9,23.4,Kochi
2024-10-08,29,24.1,2.3,Kochi
2024-10-09,27.6,24.2,28.9,Kochi
2024-10-10,27.5,23.7,8.8,Kochi
2024-10-11,27.7,24.1,15.2,Kochi
2024-10-12,28.7,24.1,30,Kochi
2024-10-13,28.5,24.2,2.9,Kochi
2024-10-14,28.4,23.9,23.8,Kochi
2024-10-15,26.7,23.2,21.7,Kochi
2024-10-16,27,24.1,10.4,Kochi
2024-10-17,28.1,24.3,3.5,Kochi
2024-10-18,28.8,23.7,1.5,Kochi
2024-10-19,28.6,24.1,2.5,Kochi
2024-10-20,29.5,24.3,0.4,Kochi
2024-10-21,28.4,24.2,20.9,Kochi
2024-10-22,29.5,24.8,1.1,Kochi
2024-10-23,29.2,23.6,13.8,Kochi
2024-10-24,28.3,23.1,20.7,Kochi
2024-10-25,26.8,23.6,29.6,Kochi
2024-10-26,28.7,23,13.6,Kochi
2024-10-27,28.4,23.4,2,Kochi
2024-10-28,28.8,24,1.3,Kochi
2024-10-29,29.4,23.3,0.6,Kochi
2024-10-30,29.2,24.3,0.5,Kochi
2024-10-31,29.7,24.5,1.2,Kochi
2024-11-01,29.2,23.9,3.9,Kochi
2024-11-02,29,24,29.9,Kochi
2024-11-03,29.7,23.2,11.7,Kochi
2024-11-04,28.5,22.9,8,Kochi
2024-11-05,28.4,22.8,0.6,Kochi
2024-11-06,28.5,23.5,1.2,Kochi
2024-11-07,29.1,23.8,1.3,Kochi
2024-11-08,28.5,23.9,11.3,Kochi
2024-11-09,29,23.8,0.5,Kochi
2024-11-10,29,23.4,1.4,Kochi
2024-11-11,29.1,23.9,1.6,Kochi
2024-11-12,29.4,23.8,0.8,Kochi
2024-11-13,31.1,24.1,1.5,Kochi
2024-11-14,30.3,24.4,16.3,Kochi
2024-11-15,30,24.2,14.2,Kochi
2024-11-16,29.7,24.2,12.5,Kochi
2024-11-17,30.5,24.3,2.2,Kochi
2024-11-18,29.9,24.6,0,Kochi
2024-11-19,32.4,24.4,0.4,Kochi
2024-11-20,27.8,24,7.2,Kochi
2024-11-21,31.5,24.3,0.2,Kochi
2024-11-22,31.9,24.8,0.4,Kochi
2024-11-23,31.2,24.5,0.3,Kochi
2024-11-24,31.3,24.5,0.8,Kochi
2024-11-25,32.5,25.2,1.9,Kochi
2024-11-26,28.8,24.4,14.7,Kochi
2024-11-27,29.2,24.1,1.8,Kochi
2024-11-28,30,24.1,0.1,Kochi
2024-11-29,30.9,25,0.2,Kochi
2024-11-30,30,25.1,2.3,Kochi
2024-12-01,29,24.7,11,Kochi
2024-12-02,27.2,24.1,33.3,Kochi
2024-12-03,28.8,23.6,4.8,Kochi
2024-12-04,29,24.7,1.9,Kochi
2024-12-05,29.8,23.9,3.1,Kochi
2024-12-06,30.1,23.8,0.2,Kochi
2024-12-07,29.6,24.3,2.7,Kochi
2024-12-08,30.2,24.1,1.2,Kochi
2024-12-09,30.4,23.8,0.3,Kochi
2024-12-10,29.7,24,4.8,Kochi
2024-12-11,31.1,23.9,0,Kochi
2024-12-12,27,24.7,35.6,Kochi
2024-12-13,27.9,24.7,23.1,Kochi
2024-12-14,28.5,24,3.7,Kochi
2024-12-15,30,22.9,0,Kochi
2024-12-16,30.4,22.8,0,Kochi
2024-12-17,30.1,24.5,0,Kochi
2024-12-18,29.9,23.2,0,Kochi
2024-12-19,30.5,23.4,0.1,Kochi
2024-12-20,30.4,24.3,0.5,Kochi
2024-12-21,30.5,24.4,0.4,Kochi
2024-12-22,30.4,24.5,2.4,Kochi
2024-12-23,30.6,23.8,0.4,Kochi
2024-12-24,30.2,22.9,0,Kochi
2024-12-25,30.1,23,0.1,Kochi
2024-12-26,29.8,23.6,0.3,Kochi
2024-12-27,30.1,24.3,1.9,Kochi
2024-12-28,30.9,24.6,0,Kochi
2024-12-29,31.2,24.4,0.1,Kochi
2024-12-30,32.3,24.1,0.5,Kochi
2024-12-31,32.8,25.6,0.3,Kochi
2025-01-01,33.9,24.2,0,Kochi
2025-01-02,31.7,23.6,0,Kochi
2025-01-03,34,22.5,0,Kochi
2025-01-04,32.3,23.1,0,Kochi
2025-01-05,32.8,22.4,0,Kochi
2025-01-06,32.4,22.7,0,Kochi
2025-01-07,31.2,22.7,0,Kochi
2025-01-08,31.2,23.5,0.4,Kochi
2025-01-09,33,24.3,0,Kochi
2025-01-10,33,24.3,0,Kochi
2025-01-11,31.6,25.6,0.6,Kochi
2025-01-12,33,25.2,0.4,Kochi
2025-01-13,32.3,25.3,2.4,Kochi
2025-01-14,30.2,25,1,Kochi
2025-01-15,30.9,25,1.4,Kochi
2025-01-16,31.3,24.4,0,Kochi
2025-01-17,32.9,24.3,0,Kochi
2025-01-18,33.1,23.1,0,Kochi
2025-01-19,28.4,25.1,2.5,Kochi
2025-01-20,30.9,24.7,0,Kochi
2025-01-21,32.6,24.1,0,Kochi
2025-01-22,32.4,23.5,0,Kochi
2025-01-23,33.3,25.6,0.8,Kochi
2025-01-24,32.7,24.3,0,Kochi
2025-01-25,33.6,24.7,0,Kochi
2025-01-26,32.5,25.5,0,Kochi
2025-01-27,32.8,23.5,0,Kochi
2025-01-28,31.3,23.5,0,Kochi
2025-01-29,32.7,25,0,Kochi
2025-01-30,32.6,24.9,0,Kochi
2025-01-31,32.4,25,2.6,Kochi
2025-02-01,30.8,24,2.1,Kochi
2025-02-02,31.5,23.8,2,Kochi
2025-02-03,30.4,24.9,1.1,Kochi
2025-02-04,34,24.6,0,Kochi
2025-02-05,32.8,24,0,Kochi
2025-02-06,32.1,24.1,0,Kochi
2025-02-07,33.3,24.3,0,Kochi
2025-02-08,32.9,23.4,0,Kochi
2025-02-09,34,23.9,0,Kochi
2025-02-10,32.3,24.3,0,Kochi
2025-02-11,32,24.5,0,Kochi
2025-02-12,32.2,23.8,0,Kochi
2025-02-13,31.6,24.4,0,Kochi
2025-02-14,31.4,24,0,Kochi
2025-02-15,32.2,24.4,0,Kochi
2025-02-16,31.9,25.1,0.2,Kochi
2025-02-17,31.2,24.9,0.2,Kochi
2025-02-18,31.1,25,0,Kochi
2025-02-19,31.7,24.5,0.1,Kochi
2025-02-20,32.2,25.4,0.3,Kochi
2025-02-21,32,25.4,0,Kochi
2025-02-22,30.9,25.7,1,Kochi
2025-02-23,32.2,25.1,1,Kochi
2025-02-24,32.6,25.1,0,Kochi
2025-02-25,32.9,24.3,2.6,Kochi
2025-02-26,34.5,25.9,0,Kochi
2025-02-27,33.8,26.6,0.3,Kochi
2025-02-28,34.7,25.5,0.7,Kochi
2025-03-01,32.5,26.1,3.2,Kochi
2025-03-02,33.6,26.1,4.9,Kochi
2025-03-03,33.4,25.2,0.1,Kochi
2025-03-04,31.9,26.2,0.7,Kochi
2025-03-05,32,25.9,0.7,Kochi
2025-03-06,32.2,25.1,0.2,Kochi
2025-03-07,32.9,25.6,5.5,Kochi
2025-03-08,30.3,25,1.2,Kochi
2025-03-09,32.1,25.4,1.8,Kochi
2025-03-10,34.1,25.4,0.4,Kochi
2025-03-11,34.8,25.5,0.2,Kochi
2025-03-12,33.2,25.9,10.4,Kochi
2025-03-13,31.5,24.4,0,Kochi
2025-03-14,31.8,25.4,0.3,Kochi
2025-03-15,32.9,25.5,3.2,Kochi
2025-03-16,31.8,25.2,20.9,Kochi
2025-03-17,30.2,23.5,13.2,Kochi
2025-03-18,31.4,25.1,11.5,Kochi
2025-03-19,31.3,24.2,1.8,Kochi
2025-03-20,32.1,25.4,0.5,Kochi
2025-03-21,31.7,26.2,5,Kochi
2025-03-22,30.8,25.1,2.1,Kochi
2025-03-23,31.5,25,3,Kochi
2025-03-24,32.4,25.5,0.8,Kochi
2025-03-25,31.5,25.3,9.1,Kochi
2025-03-26,31.5,24.9,2.3,Kochi
2025-03-27,31.5,24.8,0,Kochi
2025-03-28,33.3,24.5,3.4,Kochi
2025-03-29,31.9,24.3,0.3,Kochi
2025-03-30,31.9,26.4,0.4,Kochi
2025-03-31,32.4,25.8,1.6,Kochi
2025-04-01,33,24.7,1.4,Kochi
2025-04-02,31.3,25.2,8.8,Kochi
2025-04-03,31.9,25.1,2.4,Kochi
2025-04-04,32.7,25,3.6,Kochi
2025-04-05,30.4,24.3,8.3,Kochi
2025-04-06,30.7,24.9,18.5,Kochi
2025-04-07,31,25.5,1.3,Kochi
2025-04-08,31.6,25.4,0.6,Kochi
2025-04-09,31.1,23.4,9.8,Kochi
2025-04-10,30.1,24.8,0.9,Kochi
2025-04-11,30.5,25,6.7,Kochi
2025-04-12,29.7,24.6,3.4,Kochi
2025-04-13,29.7,24.5,10.1,Kochi
2025-04-14,30.9,25.4,0.2,Kochi
2025-04-15,31.8,22.9,9.7,Kochi
2025-04-16,31.9,24.8,1.4,Kochi
2025-04-17,31.2,24.6,3.7,Kochi
2025-04-18,32.4,26,1.7,Kochi
2025-04-19,31.9,25.6,2.8,Kochi
2025-04-20,33.6,26.3,2.3,Kochi
2025-04-21,33,26.2,9.6,Kochi
2025-04-22,31.5,25.1,1,Kochi
2025-04-23,31.2,25,3.1,Kochi
2025-04-24,31.4,25.3,3.6,Kochi
2025-04-25,30.6,24.3,6.8,Kochi
2025-04-26,31.3,25.4,12.3,Kochi
2025-04-27,31,24,5.1,Kochi
2025-04-28,30.3,24.1,17,Kochi
2025-04-29,30.7,25.3,4.9,Kochi
2025-04-30,31.1,25.2,2.2,Kochi
2025-05-01,31,25.3,1,Kochi
2013-01-01,29,18.9,0,Bangalore
2013-01-02,29.5,16.8,0,Bangalore
2013-01-03,30.4,14.9,0,Bangalore
2013-01-04,30.3,16.4,0,Bangalore
2013-01-05,29.5,17.1,0,Bangalore
2013-01-06,28.7,17.6,0,Bangalore
2013-01-07,29.1,17.4,0,Bangalore
2013-01-08,29.4,16,0,Bangalore
2013-01-09,28.5,16.7,0,Bangalore
2013-01-10,28.3,15.8,0,Bangalore
2013-01-11,28.3,15.2,0,Bangalore
2013-01-12,28.1,14.6,0,Bangalore
2013-01-13,28.4,13,0,Bangalore
2013-01-14,28.8,12.4,0,Bangalore
2013-01-15,28.3,12.3,0,Bangalore
2013-01-16,27.7,13.4,0,Bangalore
2013-01-17,26.9,14.1,0,Bangalore
2013-01-18,27.5,13.2,0,Bangalore
2013-01-19,28.5,15.3,0,Bangalore
2013-01-20,28,13.7,0,Bangalore
2013-01-21,28.3,16.4,0,Bangalore
2013-01-22,27.8,14.7,0,Bangalore
2013-01-23,27.5,14.1,0,Bangalore
2013-01-24,27.9,13.4,0,Bangalore
2013-01-25,27.9,13.8,0,Bangalore
2013-01-26,27.7,12.7,0,Bangalore
2013-01-27,27.7,13.7,0,Bangalore
2013-01-28,28.2,14.2,0,Bangalore
2013-01-29,28.2,15.1,0,Bangalore
2013-01-30,28.5,15.7,0,Bangalore
2013-01-31,28.6,16.9,0,Bangalore
2013-02-01,28.2,14.3,0,Bangalore
2013-02-02,27.8,13.8,0,Bangalore
2013-02-03,28.2,13,0,Bangalore
2013-02-04,28.5,13.7,0,Bangalore
2013-02-05,28.6,16.3,0,Bangalore
2013-02-06,28.7,18.1,0,Bangalore
2013-02-07,29.3,17.3,0,Bangalore
2013-02-08,28.2,19,0,Bangalore
2013-02-09,30.3,18.3,0,Bangalore
2013-02-10,30,16,0,Bangalore
2013-02-11,28.3,15.6,0,Bangalore
2013-02-12,29.9,16.7,0,Bangalore
2013-02-13,28.1,17.5,0.1,Bangalore
2013-02-14,26.3,19.3,0,Bangalore
2013-02-15,28.8,18.3,1.7,Bangalore
2013-02-16,28.7,18.8,1.8,Bangalore
2013-02-17,28.3,19.7,1.4,Bangalore
2013-02-18,26.9,19.2,6.9,Bangalore
2013-02-19,29.4,19.3,0,Bangalore
2013-02-20,30,18.5,0,Bangalore
2013-02-21,30.1,16.4,0,Bangalore
2013-02-22,29.9,15.2,0,Bangalore
2013-02-23,30.3,15.2,0,Bangalore
2013-02-24,31.3,14,0,Bangalore
2013-02-25,31,13.2,0,Bangalore
2013-02-26,31.1,14,0,Bangalore
2013-02-27,31.3,15.7,0,Bangalore
2013-02-28,31.7,15.9,0,Bangalore
2013-03-01,31.9,16.7,0,Bangalore
2013-03-02,31.6,18.2,0,Bangalore
2013-03-03,31.6,16.4,0,Bangalore
2013-03-04,31.4,15.4,0,Bangalore
2013-03-05,30.6,17.9,0,Bangalore
2013-03-06,28,19.1,1.7,Bangalore
2013-03-07,29.6,19.7,4.6,Bangalore
2013-03-08,30.2,19.5,0,Bangalore
2013-03-09,31.8,19.1,0,Bangalore
2013-03-10,32.3,19.2,0,Bangalore
2013-03-11,32.5,19,0,Bangalore
2013-03-12,32.6,19.2,0,Bangalore
2013-03-13,33.5,19.4,0,Bangalore
2013-03-14,32.9,18.5,0,Bangalore
2013-03-15,32.2,17.5,0,Bangalore
2013-03-16,31.6,17.6,0,Bangalore
2013-03-17,32.6,19.1,0,Bangalore
2013-03-18,32.9,19.4,0,Bangalore
2013-03-19,33.7,17.4,0,Bangalore
2013-03-20,34.3,18.4,0,Bangalore
2013-03-21,34.2,19.7,0,Bangalore
2013-03-22,33.6,20.2,0,Bangalore
2013-03-23,33.3,22.2,0,Bangalore
2013-03-24,34.3,18.6,0,Bangalore
2013-03-25,33.9,18.8,0,Bangalore
2013-03-26,32.8,21.5,0,Bangalore
2013-03-27,33.6,21.5,0,Bangalore
2013-03-28,34.3,21.7,0,Bangalore
2013-03-29,33.8,21.4,0,Bangalore
2013-03-30,34.7,22.3,0,Bangalore
2013-03-31,34.5,23.1,0.2,Bangalore
2013-04-01,32.1,23.1,6.3,Bangalore
2013-04-02,31.8,21.9,3.6,Bangalore
2013-04-03,31.8,22.1,0.4,Bangalore
2013-04-04,33.4,21.3,0,Bangalore
2013-04-05,33.2,22.1,0,Bangalore
2013-04-06,34.4,22.6,0,Bangalore
2013-04-07,35.4,19.9,0,Bangalore
2013-04-08,34.7,21.3,0,Bangalore
2013-04-09,33.3,22.7,0,Bangalore
2013-04-10,34.1,22.1,0,Bangalore
2013-04-11,34.8,20.5,0,Bangalore
2013-04-12,35.6,20.9,0,Bangalore
2013-04-13,34.4,19.4,0,Bangalore
2013-04-14,34.5,21.1,0,Bangalore
2013-04-15,32.9,22.4,0,Bangalore
2013-04-16,34.5,21.9,0,Bangalore
2013-04-17,35,21.3,0,Bangalore
2013-04-18,34.3,21.4,0,Bangalore
2013-04-19,32.9,21.7,0,Bangalore
2013-04-20,32.9,21.3,0,Bangalore
2013-04-21,33.4,21.7,0,Bangalore
2013-04-22,32.2,21.8,0,Bangalore
2013-04-23,31.4,21.9,0,Bangalore
2013-04-24,32.5,21.5,3,Bangalore
2013-04-25,31.1,21.5,8.1,Bangalore
2013-04-26,31.4,21,1,Bangalore
2013-04-27,31.3,21,0,Bangalore
2013-04-28,32.1,21.7,0.2,Bangalore
2013-04-29,32.9,20.8,0,Bangalore
2013-04-30,34.8,21.7,0,Bangalore
2013-05-01,34.8,20.1,0,Bangalore
2013-05-02,34.4,22.1,0,Bangalore
2013-05-03,34.2,22.3,0.7,Bangalore
2013-05-04,33.5,22.9,2.2,Bangalore
2013-05-05,32.7,22.1,3.2,Bangalore
2013-05-06,32.3,21.7,0,Bangalore
2013-05-07,33,22.5,0,Bangalore
2013-05-08,33.7,22.5,1,Bangalore
2013-05-09,34.3,22.3,4.6,Bangalore
2013-05-10,33.2,22.3,0.3,Bangalore
2013-05-11,33.7,22.1,7.7,Bangalore
2013-05-12,30.5,21.7,0.6,Bangalore
2013-05-13,31.2,22.6,0,Bangalore
2013-05-14,31.9,21.5,0,Bangalore
2013-05-15,32.4,20.9,0,Bangalore
2013-05-16,31.9,20.6,0,Bangalore
2013-05-17,33.2,21.5,0,Bangalore
2013-05-18,33.4,22.8,7.2,Bangalore
2013-05-19,32.1,21.5,21.9,Bangalore
2013-05-20,31.7,21.8,24.4,Bangalore
2013-05-21,31.3,20.2,66.4,Bangalore
2013-05-22,30.8,21.3,2.2,Bangalore
2013-05-23,31.1,21.5,0.4,Bangalore
2013-05-24,30.9,20.6,0,Bangalore
2013-05-25,30.3,20.8,0.4,Bangalore
2013-05-26,29.7,20.8,1.1,Bangalore
2013-05-27,28.9,21,13.5,Bangalore
2013-05-28,27.3,21.1,11.3,Bangalore
2013-05-29,27.2,20.7,4.7,Bangalore
2013-05-30,28,20.6,18,Bangalore
2013-05-31,27.5,20.4,5.8,Bangalore
2013-06-01,24.4,20,16.9,Bangalore
2013-06-02,24,19.5,16.3,Bangalore
2013-06-03,23.9,19.4,0.8,Bangalore
2013-06-04,27.1,19.7,2.9,Bangalore
2013-06-05,26.7,19.3,2.1,Bangalore
2013-06-06,27.2,20.1,7,Bangalore
2013-06-07,27.5,20.4,5.6,Bangalore
2013-06-08,26,20,1.2,Bangalore
2013-06-09,26.7,20.4,0,Bangalore
2013-06-10,26.6,19.8,5.1,Bangalore
2013-06-11,25.2,20.5,16.2,Bangalore
2013-06-12,22.9,20.1,1.9,Bangalore
2013-06-13,25.9,19.7,0.3,Bangalore
2013-06-14,26.4,20.4,3.9,Bangalore
2013-06-15,26.4,20.7,1.7,Bangalore
2013-06-16,26.5,20.3,1.2,Bangalore
2013-06-17,25.2,20.4,10.1,Bangalore
2013-06-18,24.6,19.8,4.6,Bangalore
2013-06-19,24.2,19.7,3.4,Bangalore
2013-06-20,25.4,19.8,7.8,Bangalore
2013-06-21,25.1,20.2,0.7,Bangalore
2013-06-22,25.5,20.3,8.6,Bangalore
2013-06-23,25.3,20.3,3.6,Bangalore
2013-06-24,25.6,20.6,3.2,Bangalore
2013-06-25,25.6,20.1,5.3,Bangalore
2013-06-26,26,20,4.6,Bangalore
2013-06-27,25.3,20,10.4,Bangalore
2013-06-28,26.3,19,0.4,Bangalore
2013-06-29,25.6,19.1,1.9,Bangalore
2013-06-30,26,19,0.6,Bangalore
2013-07-01,25.9,19.7,0.1,Bangalore
2013-07-02,25.9,19.5,5.7,Bangalore
2013-07-03,26.2,19.6,7,Bangalore
2013-07-04,26.3,19.3,3.7,Bangalore
2013-07-05,25.7,20,0.6,Bangalore
2013-07-06,25.8,20.4,1,Bangalore
2013-07-07,26,19.7,6.9,Bangalore
2013-07-08,26.1,19.3,7.3,Bangalore
2013-07-09,25.7,20.1,2.9,Bangalore
2013-07-10,24.9,19.4,1.5,Bangalore
2013-07-11,24,18.8,6.3,Bangalore
2013-07-12,23.2,18.9,9.2,Bangalore
2013-07-13,25.9,19.2,3,Bangalore
2013-07-14,26.4,20.2,1.9,Bangalore
2013-07-15,26.1,19.9,8.7,Bangalore
2013-07-16,26.1,19.7,8.9,Bangalore
2013-07-17,25.9,19.8,3.2,Bangalore
2013-07-18,25.3,19.5,4.4,Bangalore
2013-07-19,22,19.5,10.1,Bangalore
2013-07-20,24.9,18.8,4.6,Bangalore
2013-07-21,24.6,19.4,6.9,Bangalore
2013-07-22,23.3,19.3,4.4,Bangalore
2013-07-23,23.9,18.5,4.1,Bangalore
2013-07-24,24.5,18.4,10.4,Bangalore
2013-07-25,24.1,19.8,1.6,Bangalore
2013-07-26,24.2,19.6,2.3,Bangalore
2013-07-27,24.2,19.5,0,Bangalore
2013-07-28,25.2,19.8,9.7,Bangalore
2013-07-29,25.5,19,0.2,Bangalore
2013-07-30,25,18.7,0.6,Bangalore
2013-07-31,24.9,19.5,0.1,Bangalore
2013-08-01,24.3,19.9,2.6,Bangalore
2013-08-02,25.7,20.3,1.3,Bangalore
2013-08-03,25.3,19.5,4.3,Bangalore
2013-08-04,26.1,20.2,2.5,Bangalore
2013-08-05,24.6,19.4,5,Bangalore
2013-08-06,25.9,19.6,4,Bangalore
2013-08-07,25.7,19.7,0.7,Bangalore
2013-08-08,25.7,19.4,1.3,Bangalore
2013-08-09,26.2,19,1.2,Bangalore
2013-08-10,25.9,19.4,7,Bangalore
2013-08-11,25.9,18.6,1.5,Bangalore
2013-08-12,26.5,19.2,2.7,Bangalore
2013-08-13,25.3,19.8,9.5,Bangalore
2013-08-14,25,19.6,5.3,Bangalore
2013-08-15,23.7,18.7,10.2,Bangalore
2013-08-16,23.2,19.4,17.7,Bangalore
2013-08-17,25.3,19.3,6.4,Bangalore
2013-08-18,24.3,19.6,9.6,Bangalore
2013-08-19,24.4,19,3.8,Bangalore
2013-08-20,25.8,19.5,4.3,Bangalore
2013-08-21,25.8,20.2,1.2,Bangalore
2013-08-22,25.5,18.9,0.7,Bangalore
2013-08-23,26,19.3,0.8,Bangalore
2013-08-24,26.5,19.5,1.2,Bangalore
2013-08-25,26.4,19.9,0.5,Bangalore
2013-08-26,26.5,18.4,0,Bangalore
2013-08-27,27.1,18.7,0,Bangalore
2013-08-28,26.9,18.8,0,Bangalore
2013-08-29,26.9,19.6,0.1,Bangalore
2013-08-30,27.4,19.5,2,Bangalore
2013-08-31,27.4,19.8,9.6,Bangalore
2013-09-01,28.3,19.3,14.3,Bangalore
2013-09-02,27.7,19.5,14.2,Bangalore
2013-09-03,27.1,19.4,11.1,Bangalore
2013-09-04,25.7,19.5,11.1,Bangalore
2013-09-05,25.7,19.4,6,Bangalore
2013-09-06,25.7,19.1,3.3,Bangalore
2013-09-07,24.6,18.8,10.5,Bangalore
2013-09-08,23,19.1,3.3,Bangalore
2013-09-09,24.8,18.9,7.2,Bangalore
2013-09-10,24.9,18.7,2.8,Bangalore
2013-09-11,23.8,19.3,9,Bangalore
2013-09-12,23.9,19.6,31.8,Bangalore
2013-09-13,25.3,18.8,18.5,Bangalore
2013-09-14,26.7,19.4,11,Bangalore
2013-09-15,26,19.5,0.5,Bangalore
2013-09-16,25.7,19.7,7.2,Bangalore
2013-09-17,25.8,19.9,28.2,Bangalore
2013-09-18,23.8,20.1,8.3,Bangalore
2013-09-19,26.2,19.9,1,Bangalore
2013-09-20,24.5,20.2,5.9,Bangalore
2013-09-21,26.1,20,0.8,Bangalore
2013-09-22,26.2,19,0,Bangalore
2013-09-23,26.9,17.5,0,Bangalore
2013-09-24,25.9,17.4,0.2,Bangalore
2013-09-25,26.1,17.5,0.2,Bangalore
2013-09-26,27.5,18.1,0,Bangalore
2013-09-27,27.7,17.9,0,Bangalore
2013-09-28,26.3,19.1,0,Bangalore
2013-09-29,26.1,17.7,0,Bangalore
2013-09-30,25.2,18.1,2.4,Bangalore
2013-10-01,25.9,18.7,0,Bangalore
2013-10-02,26.4,18.8,0.4,Bangalore
2013-10-03,26.6,19.3,0,Bangalore
2013-10-04,27.4,17.3,0,Bangalore
2013-10-05,24.9,16.3,1.1,Bangalore
2013-10-06,25.5,19,0.4,Bangalore
2013-10-07,27.3,18.6,6.6,Bangalore
2013-10-08,26.5,19.3,8.8,Bangalore
2013-10-09,25.2,19.3,7.2,Bangalore
2013-10-10,26.1,18.8,0.1,Bangalore
2013-10-11,25.9,18.2,0,Bangalore
2013-10-12,26.1,17.3,0,Bangalore
2013-10-13,26.1,19.1,0.4,Bangalore
2013-10-14,26.5,19,0.3,Bangalore
2013-10-15,27.4,19,3.9,Bangalore
2013-10-16,27,19.6,10.2,Bangalore
2013-10-17,27.2,18.7,1.8,Bangalore
2013-10-18,27.2,18.1,4.5,Bangalore
2013-10-19,26.2,16.9,0.3,Bangalore
2013-10-20,25.1,18.8,3.8,Bangalore
2013-10-21,24.2,18.6,2.1,Bangalore
2013-10-22,22,18.5,6,Bangalore
2013-10-23,23.2,19.1,5,Bangalore
2013-10-24,24.3,19.6,7.7,Bangalore
2013-10-25,24.8,19.5,10.5,Bangalore
2013-10-26,25.8,19.2,0.3,Bangalore
2013-10-27,25.4,18.5,0,Bangalore
2013-10-28,24.9,18.4,3.3,Bangalore
2013-10-29,26.1,19.1,0.5,Bangalore
2013-10-30,26.2,19.8,0.3,Bangalore
2013-10-31,26.1,18.2,0,Bangalore
2013-11-01,26.5,17.4,0.1,Bangalore
2013-11-02,26.3,19.9,1.5,Bangalore
2013-11-03,25.8,19.4,1.6,Bangalore
2013-11-04,25.4,19,1.4,Bangalore
2013-11-05,25.6,17,0,Bangalore
2013-11-06,26.1,17.2,0,Bangalore
2013-11-07,26.7,17.7,0,Bangalore
2013-11-08,26.2,17.5,0,Bangalore
2013-11-09,25.9,15.4,0,Bangalore
2013-11-10,26.6,16,0,Bangalore
2013-11-11,26.6,16.5,0,Bangalore
2013-11-12,26.1,16.4,0,Bangalore
2013-11-13,26.3,15.7,0,Bangalore
2013-11-14,26.1,15.2,0,Bangalore
2013-11-15,25.9,13.6,0,Bangalore
2013-11-16,23.6,16.2,4.1,Bangalore
2013-11-17,24.7,16.8,0.8,Bangalore
2013-11-18,26.2,18.9,8.1,Bangalore
2013-11-19,26.8,17.6,0,Bangalore
2013-11-20,27,16.1,0,Bangalore
2013-11-21,27.1,14.1,0,Bangalore
2013-11-22,27.4,15.2,0,Bangalore
2013-11-23,26.8,17.2,0,Bangalore
2013-11-24,26.2,18.7,0.1,Bangalore
2013-11-25,25.7,18.8,0.2,Bangalore
2013-11-26,27.3,18.8,0,Bangalore
2013-11-27,28,17,0,Bangalore
2013-11-28,25,15.6,0,Bangalore
2013-11-29,26.1,15.3,0,Bangalore
2013-11-30,27.9,17,0,Bangalore
2013-12-01,26.8,18.9,0.4,Bangalore
2013-12-02,25.6,18.7,4.8,Bangalore
2013-12-03,26.5,17.8,0,Bangalore
2013-12-04,26.2,14.5,0,Bangalore
2013-12-05,26.4,16.8,0,Bangalore
2013-12-06,26.6,14.3,0,Bangalore
2013-12-07,26.3,14.7,0,Bangalore
2013-12-08,26.8,16,0,Bangalore
2013-12-09,27.1,14.7,0,Bangalore
2013-12-10,27.7,12.3,0,Bangalore
2013-12-11,27.8,13.6,0,Bangalore
2013-12-12,24.4,17.8,0,Bangalore
2013-12-13,26.1,19,0,Bangalore
2013-12-14,27.1,18.5,0,Bangalore
2013-12-15,28.5,16.7,0,Bangalore
2013-12-16,27.2,12.1,0,Bangalore
2013-12-17,25.5,12.4,0,Bangalore
2013-12-18,25.4,12.2,0,Bangalore
2013-12-19,25.8,12.3,0,Bangalore
2013-12-20,26.9,11.4,0,Bangalore
2013-12-21,27.1,12.8,0,Bangalore
2013-12-22,26.1,12.5,0,Bangalore
2013-12-23,24.4,15.6,0,Bangalore
2013-12-24,24.5,14.1,0,Bangalore
2013-12-25,26.1,14.9,0,Bangalore
2013-12-26,26.1,13.1,0,Bangalore
2013-12-27,26.4,12.9,0,Bangalore
2013-12-28,26.1,15.4,0,Bangalore
2013-12-29,26.6,13.3,0,Bangalore
2013-12-30,26.6,13,0,Bangalore
2013-12-31,25.3,13.7,0,Bangalore
2014-01-01,25.5,15.7,0,Bangalore
2014-01-02,26.1,15.4,0,Bangalore
2014-01-03,27.4,13.6,0,Bangalore
2014-01-04,26.5,14.7,0,Bangalore
2014-01-05,28,14,0,Bangalore
2014-01-06,28.6,14,0,Bangalore
2014-01-07,27.6,13.7,0,Bangalore
2014-01-08,27.3,14,0,Bangalore
2014-01-09,27.1,15.1,0,Bangalore
2014-01-10,27.8,15.9,0,Bangalore
2014-01-11,27.8,15.7,0,Bangalore
2014-01-12,28.4,14.7,0,Bangalore
2014-01-13,27.5,15,0,Bangalore
2014-01-14,27.5,15.9,0,Bangalore
2014-01-15,27.8,15.5,0,Bangalore
2014-01-16,26.2,15.8,0,Bangalore
2014-01-17,27,16.8,0,Bangalore
2014-01-18,27.5,15.2,0,Bangalore
2014-01-19,27.5,14.8,0,Bangalore
2014-01-20,27,16.7,0,Bangalore
2014-01-21,26,14.2,0,Bangalore
2014-01-22,26.1,15.1,0,Bangalore
2014-01-23,27.2,13.6,0,Bangalore
2014-01-24,28.2,14.6,0,Bangalore
2014-01-25,27.2,14.7,0,Bangalore
2014-01-26,26.5,14.2,0,Bangalore
2014-01-27,25.8,13.9,0,Bangalore
2014-01-28,26.3,14.7,0,Bangalore
2014-01-29,27,15.7,0,Bangalore
2014-01-30,27.1,14.8,0,Bangalore
2014-01-31,27.8,14.5,0,Bangalore
2014-02-01,27.5,14.8,0,Bangalore
2014-02-02,27.7,16.8,0,Bangalore
2014-02-03,29.1,15,0,Bangalore
2014-02-04,30.1,14.4,0,Bangalore
2014-02-05,30,14.8,0,Bangalore
2014-02-06,30.6,14.7,0,Bangalore
2014-02-07,29.7,14.7,0,Bangalore
2014-02-08,29.8,14.1,0,Bangalore
2014-02-09,30.1,14.8,0,Bangalore
2014-02-10,29.5,15.5,0,Bangalore
2014-02-11,29.2,16.2,0,Bangalore
2014-02-12,28.9,15.9,0,Bangalore
2014-02-13,29.5,16.9,0,Bangalore
2014-02-14,28.7,17.2,0,Bangalore
2014-02-15,27.7,17.6,0,Bangalore
2014-02-16,28.7,18.5,0.2,Bangalore
2014-02-17,29.4,17.7,0,Bangalore
2014-02-18,27.8,18.6,0,Bangalore
2014-02-19,27.5,17.9,0,Bangalore
2014-02-20,27.9,18.3,0,Bangalore
2014-02-21,28,18,0,Bangalore
2014-02-22,29.1,17.7,0,Bangalore
2014-02-23,30.3,16.2,0,Bangalore
2014-02-24,29.1,14.7,0,Bangalore
2014-02-25,27.6,19.1,0.1,Bangalore
2014-02-26,30.1,17.5,0,Bangalore
2014-02-27,30.7,15.5,0,Bangalore
2014-02-28,27.9,17.8,0,Bangalore
2014-03-01,28,18.6,2.1,Bangalore
2014-03-02,28.1,19.3,0.1,Bangalore
2014-03-03,27.3,19.2,1.7,Bangalore
2014-03-04,27.3,18.5,0.9,Bangalore
2014-03-05,27.1,18.6,0.2,Bangalore
2014-03-06,27.4,18.5,0.1,Bangalore
2014-03-07,27.8,18.4,1.7,Bangalore
2014-03-08,30.5,18,0,Bangalore
2014-03-09,29.2,17,0,Bangalore
2014-03-10,30.3,17.5,0.1,Bangalore
2014-03-11,30,18.2,0,Bangalore
2014-03-12,30.2,16.3,0,Bangalore
2014-03-13,31,15.3,0,Bangalore
2014-03-14,31.8,15.7,0,Bangalore
2014-03-15,32.4,16.1,0,Bangalore
2014-03-16,32.8,16.1,0,Bangalore
2014-03-17,33.3,17.4,0,Bangalore
2014-03-18,33.7,17.5,0,Bangalore
2014-03-19,33.7,17.7,0,Bangalore
2014-03-20,34.4,18.3,0,Bangalore
2014-03-21,34.4,20,0,Bangalore
2014-03-22,33.2,21,0,Bangalore
2014-03-23,34,21.3,0,Bangalore
2014-03-24,34.1,19.4,0,Bangalore
2014-03-25,34,18.3,0,Bangalore
2014-03-26,34,19.1,0,Bangalore
2014-03-27,33.6,17.1,0,Bangalore
2014-03-28,34.1,17.4,0,Bangalore
2014-03-29,34.9,18.9,0,Bangalore
2014-03-30,35.2,19.1,0,Bangalore
2014-03-31,35,19.8,0,Bangalore
2014-04-01,34.8,20.5,0,Bangalore
2014-04-02,33.6,22.1,0,Bangalore
2014-04-03,35.1,20.4,0,Bangalore
2014-04-04,34.3,19.5,0,Bangalore
2014-04-05,34.9,19.8,0,Bangalore
2014-04-06,34.8,20.2,0,Bangalore
2014-04-07,34.8,20.6,0,Bangalore
2014-04-08,35.2,21.3,0,Bangalore
2014-04-09,32.8,22.3,0.9,Bangalore
2014-04-10,33.3,21.4,1.6,Bangalore
2014-04-11,32.9,20.3,0,Bangalore
2014-04-12,32,21.2,0.2,Bangalore
2014-04-13,32.8,21.7,0.8,Bangalore
2014-04-14,32.4,22.1,0.7,Bangalore
2014-04-15,31.8,20.8,0.1,Bangalore
2014-04-16,33.4,20.7,0,Bangalore
2014-04-17,31.5,21.3,0.2,Bangalore
2014-04-18,32.2,21.6,2.8,Bangalore
2014-04-19,33.6,20.5,0,Bangalore
2014-04-20,35.2,22.2,0,Bangalore
2014-04-21,35.1,19.1,0,Bangalore
2014-04-22,35.4,19.2,0,Bangalore
2014-04-23,34.9,19.8,0,Bangalore
2014-04-24,36.1,21,0,Bangalore
2014-04-25,36.1,22.2,0,Bangalore
2014-04-26,34.9,23.8,0.2,Bangalore
2014-04-27,35.1,23.1,0,Bangalore
2014-04-28,35.5,23.4,0,Bangalore
2014-04-29,36.3,23.1,0,Bangalore
2014-04-30,36,23.3,0,Bangalore
2014-05-01,35.3,24,0,Bangalore
2014-05-02,34.7,23.5,0,Bangalore
2014-05-03,33.9,22.8,1.4,Bangalore
2014-05-04,34.8,22.3,3.9,Bangalore
2014-05-05,32.1,21.7,0.7,Bangalore
2014-05-06,31.7,21.7,7.7,Bangalore
2014-05-07,26.5,20.6,7.7,Bangalore
2014-05-08,22.4,20.2,18.8,Bangalore
2014-05-09,26.9,20.1,29.2,Bangalore
2014-05-10,29.5,20.2,0,Bangalore
2014-05-11,29.9,20.7,0,Bangalore
2014-05-12,31.5,19.6,0,Bangalore
2014-05-13,31.5,19.9,0,Bangalore
2014-05-14,32.5,21.2,0,Bangalore
2014-05-15,32.1,21.1,0,Bangalore
2014-05-16,32.1,20.3,0,Bangalore
2014-05-17,31.7,20.8,2.3,Bangalore
2014-05-18,33,21.7,1.4,Bangalore
2014-05-19,33.5,22.5,0.3,Bangalore
2014-05-20,32.1,21.8,23.8,Bangalore
2014-05-21,30.8,21.5,6.2,Bangalore
2014-05-22,31.4,20.9,5.8,Bangalore
2014-05-23,31.9,21.3,0,Bangalore
2014-05-24,32.1,21.8,0,Bangalore
2014-05-25,32.5,21.5,0,Bangalore
2014-05-26,32.2,21.5,0.6,Bangalore
2014-05-27,31.6,22.4,12.3,Bangalore
2014-05-28,31.5,21,17.7,Bangalore
2014-05-29,30.5,20.7,0.1,Bangalore
2014-05-30,31.5,21.4,6,Bangalore
2014-05-31,31.5,21.6,9.1,Bangalore
2014-06-01,30,21.5,15.3,Bangalore
2014-06-02,30.2,21.6,20.1,Bangalore
2014-06-03,27.6,21.2,5.8,Bangalore
2014-06-04,29.7,20.5,1.5,Bangalore
2014-06-05,29.8,21.1,5,Bangalore
2014-06-06,29.7,21.1,4.5,Bangalore
2014-06-07,30.3,21.6,0.3,Bangalore
2014-06-08,30.4,21.2,0.6,Bangalore
2014-06-09,28.6,20.7,0.9,Bangalore
2014-06-10,27.8,20.8,1,Bangalore
2014-06-11,28.6,22,0.2,Bangalore
2014-06-12,29,20.9,1.6,Bangalore
2014-06-13,28.5,20.9,6.9,Bangalore
2014-06-14,29.1,21.1,0,Bangalore
2014-06-15,28.4,20.5,0.3,Bangalore
2014-06-16,29,20.7,0,Bangalore
2014-06-17,28.8,21.4,0.2,Bangalore
2014-06-18,27.2,21.3,1,Bangalore
2014-06-19,28.5,21,0.1,Bangalore
2014-06-20,28.2,21,0.1,Bangalore
2014-06-21,28.2,21.5,1.2,Bangalore
2014-06-22,27.9,21.3,0.2,Bangalore
2014-06-23,28.8,21.4,0.2,Bangalore
2014-06-24,30.9,20.4,0.1,Bangalore
2014-06-25,30.6,20.3,0,Bangalore
2014-06-26,30.6,19.7,0,Bangalore
2014-06-27,30.8,20.9,0.2,Bangalore
2014-06-28,30.3,21.8,0.4,Bangalore
2014-06-29,31.6,21.5,1.4,Bangalore
2014-06-30,30.2,21.4,1.5,Bangalore
2014-07-01,31.4,20.8,0,Bangalore
2014-07-02,30.5,21,0.5,Bangalore
2014-07-03,30.5,20.6,0.1,Bangalore
2014-07-04,29.1,20.7,6.4,Bangalore
2014-07-05,29.3,20.6,13.9,Bangalore
2014-07-06,26.2,20.5,11.9,Bangalore
2014-07-07,26.7,20.1,9.7,Bangalore
2014-07-08,26.6,20.3,9.3,Bangalore
2014-07-09,26.8,20.8,2.1,Bangalore
2014-07-10,24.9,19.7,2.9,Bangalore
2014-07-11,25,19.1,0.9,Bangalore
2014-07-12,25.3,19.6,1,Bangalore
2014-07-13,22.4,20.3,5.6,Bangalore
2014-07-14,23.4,19.9,6.6,Bangalore
2014-07-15,24.3,19.8,6.6,Bangalore
2014-07-16,26,19.8,1,Bangalore
2014-07-17,26.4,20.1,0,Bangalore
2014-07-18,26.7,19.8,0.6,Bangalore
2014-07-19,25.3,20.5,0.5,Bangalore
2014-07-20,25,20.7,0,Bangalore
2014-07-21,25.7,20.3,0.4,Bangalore
2014-07-22,26.3,20.3,2,Bangalore
2014-07-23,26.2,20,5.1,Bangalore
2014-07-24,26.4,19.8,1.6,Bangalore
2014-07-25,26.5,20,1.9,Bangalore
2014-07-26,26.2,20.5,0.9,Bangalore
2014-07-27,26.6,20.1,3.3,Bangalore
2014-07-28,25.7,20.5,0,Bangalore
2014-07-29,26.8,20.4,0.2,Bangalore
2014-07-30,25.6,20,2.7,Bangalore
2014-07-31,25.5,19.4,8.8,Bangalore
2014-08-01,25.4,20.4,20.1,Bangalore
2014-08-02,24.9,19.3,4.5,Bangalore
2014-08-03,26,20,2.2,Bangalore
2014-08-04,25.9,20.7,0.7,Bangalore
2014-08-05,25.2,20.3,1.7,Bangalore
2014-08-06,26.3,19.9,5.8,Bangalore
2014-08-07,24.9,19.5,5.9,Bangalore
2014-08-08,24.5,19.6,0.3,Bangalore
2014-08-09,25.9,19.3,3.9,Bangalore
2014-08-10,25.3,19.7,8.4,Bangalore
2014-08-11,24.6,19.7,7.1,Bangalore
2014-08-12,24.1,19.6,9.6,Bangalore
2014-08-13,25.6,19,0.3,Bangalore
2014-08-14,26.9,19.4,0.8,Bangalore
2014-08-15,26.7,19.6,0,Bangalore
2014-08-16,26.4,19,0.2,Bangalore
2014-08-17,26.6,18.8,7.1,Bangalore
2014-08-18,27,19.1,11.9,Bangalore
2014-08-19,27.3,19.5,16.4,Bangalore
2014-08-20,28,18.8,4.7,Bangalore
2014-08-21,28,20.1,3.2,Bangalore
2014-08-22,28.8,19.6,2,Bangalore
2014-08-23,28.1,20.2,9.6,Bangalore
2014-08-24,26.4,19.2,0.6,Bangalore
2014-08-25,25.6,19.7,0,Bangalore
2014-08-26,25.8,19.3,3.3,Bangalore
2014-08-27,23,19.2,8.8,Bangalore
2014-08-28,23.8,18.7,8.5,Bangalore
2014-08-29,24.2,18.8,1.3,Bangalore
2014-08-30,25.3,20,0.2,Bangalore
2014-08-31,25.5,20.5,1.1,Bangalore
2014-09-01,25.5,20.4,2.5,Bangalore
2014-09-02,25.9,20,8.1,Bangalore
2014-09-03,25.4,19.3,6.2,Bangalore
2014-09-04,25.4,19.6,2.8,Bangalore
2014-09-05,25.5,19.8,1.1,Bangalore
2014-09-06,24.9,19.7,0.9,Bangalore
2014-09-07,25.5,19.3,2,Bangalore
2014-09-08,26.2,19.6,0,Bangalore
2014-09-09,26.6,19.5,0.2,Bangalore
2014-09-10,26.9,18.7,0,Bangalore
2014-09-11,27.3,18.5,0,Bangalore
2014-09-12,28,18.8,0,Bangalore
2014-09-13,27.1,18.9,0,Bangalore
2014-09-14,27.4,19.6,2.6,Bangalore
2014-09-15,27.4,19.6,0.9,Bangalore
2014-09-16,26.9,19.5,1.5,Bangalore
2014-09-17,26.6,19.1,0.6,Bangalore
2014-09-18,25.7,19.5,8.1,Bangalore
2014-09-19,25.5,18.8,8.4,Bangalore
2014-09-20,25.7,19,0.2,Bangalore
2014-09-21,26.4,18.9,0.1,Bangalore
2014-09-22,27.6,19.6,6.3,Bangalore
2014-09-23,27.7,19.5,4.9,Bangalore
2014-09-24,27.6,19.3,14.5,Bangalore
2014-09-25,27.8,18.9,14.9,Bangalore
2014-09-26,28,19.5,10.4,Bangalore
2014-09-27,28.1,19.3,0,Bangalore
2014-09-28,27.3,20.1,9,Bangalore
2014-09-29,27.9,20.2,3.8,Bangalore
2014-09-30,28.1,19.8,3.9,Bangalore
2014-10-01,28,19.2,2.8,Bangalore
2014-10-02,29.5,17.9,0,Bangalore
2014-10-03,27.3,18,0.1,Bangalore
2014-10-04,28.2,18.4,12.9,Bangalore
2014-10-05,28,18.7,4.9,Bangalore
2014-10-06,28.2,19.4,11.9,Bangalore
2014-10-07,27,19.4,11.6,Bangalore
2014-10-08,25,19.3,2.7,Bangalore
2014-10-09,26.6,19.1,8.9,Bangalore
2014-10-10,27.6,19.5,8.2,Bangalore
2014-10-11,26.7,20.3,7.9,Bangalore
2014-10-12,27,20.6,0.6,Bangalore
2014-10-13,27.9,19,0,Bangalore
2014-10-14,28.1,18.4,0,Bangalore
2014-10-15,27.5,20,0,Bangalore
2014-10-16,26.2,20.5,0.5,Bangalore
2014-10-17,27,19.4,1.4,Bangalore
2014-10-18,23.7,19.4,3.5,Bangalore
2014-10-19,23.1,19.3,9.8,Bangalore
2014-10-20,22.6,19.3,11,Bangalore
2014-10-21,24.8,19.3,0.6,Bangalore
2014-10-22,25.9,19.1,1.5,Bangalore
2014-10-23,25.2,18.8,4.9,Bangalore
2014-10-24,25.4,18.8,7.9,Bangalore
2014-10-25,25.8,19.6,15.8,Bangalore
2014-10-26,25.4,19,5,Bangalore
2014-10-27,25.4,19.1,20.1,Bangalore
2014-10-28,25.3,19.5,3.2,Bangalore
2014-10-29,26.2,18.6,0,Bangalore
2014-10-30,26.1,17.4,0,Bangalore
2014-10-31,25.5,15.6,0,Bangalore
2014-11-01,25,17.4,1.3,Bangalore
2014-11-02,23.6,18.6,0.5,Bangalore
2014-11-03,25.5,17.5,0,Bangalore
2014-11-04,25.8,16.6,0,Bangalore
2014-11-05,26.3,15,0,Bangalore
2014-11-06,26.6,14.2,0,Bangalore
2014-11-07,27.3,16,0,Bangalore
2014-11-08,27.2,16.5,0,Bangalore
2014-11-09,27.9,17.7,0,Bangalore
2014-11-10,27.9,18.5,0,Bangalore
2014-11-11,27.9,20.1,0,Bangalore
2014-11-12,26.1,18.9,5.3,Bangalore
2014-11-13,21.2,19.2,22.2,Bangalore
2014-11-14,24.1,19.3,2.7,Bangalore
2014-11-15,26.1,19.1,0.5,Bangalore
2014-11-16,26.1,16.1,0,Bangalore
2014-11-17,26.3,16.5,0,Bangalore
2014-11-18,26.1,14.4,0,Bangalore
2014-11-19,26.4,16.5,0,Bangalore
2014-11-20,26.5,14.4,0,Bangalore
2014-11-21,26.4,15.9,0,Bangalore
2014-11-22,25.6,14.8,0,Bangalore
2014-11-23,27,17.5,0,Bangalore
2014-11-24,26.9,15.8,0,Bangalore
2014-11-25,25.6,16.7,0,Bangalore
2014-11-26,25.8,15.1,0,Bangalore
2014-11-27,26.9,14,0,Bangalore
2014-11-28,25.2,14.2,0,Bangalore
2014-11-29,24.2,15,0,Bangalore
2014-11-30,25,16.5,4.6,Bangalore
2014-12-01,25.8,17.5,0,Bangalore
2014-12-02,26.7,15.5,0,Bangalore
2014-12-03,26.8,13,0,Bangalore
2014-12-04,27.1,12.2,0,Bangalore
2014-12-05,26.7,12.6,0,Bangalore
2014-12-06,26.7,13.6,0,Bangalore
2014-12-07,27.8,14.9,0,Bangalore
2014-12-08,27.4,18,0.1,Bangalore
2014-12-09,28.3,17.3,0,Bangalore
2014-12-10,26.4,18.9,0.5,Bangalore
2014-12-11,26.6,19.4,0.6,Bangalore
2014-12-12,26,19.2,0.5,Bangalore
2014-12-13,24.7,18.3,0.1,Bangalore
2014-12-14,25.1,18.7,6.8,Bangalore
2014-12-15,25.7,18.7,0.8,Bangalore
2014-12-16,27.5,17.4,0,Bangalore
2014-12-17,25,18,0.3,Bangalore
2014-12-18,24.2,17.1,0,Bangalore
2014-12-19,23.8,18,0.1,Bangalore
2014-12-20,26.3,16.7,0,Bangalore
2014-12-21,26.6,16.9,0,Bangalore
2014-12-22,26.4,16.1,0,Bangalore
2014-12-23,26.6,14.7,0,Bangalore
2014-12-24,26.9,17.4,0,Bangalore
2014-12-25,26.4,14.9,0,Bangalore
2014-12-26,25.5,13.6,0,Bangalore
2014-12-27,25.9,13.2,0,Bangalore
2014-12-28,23.6,17.4,2.1,Bangalore
2014-12-29,24.5,16.4,4.5,Bangalore
2014-12-30,26.9,16.6,0,Bangalore
2014-12-31,27.5,15.7,0,Bangalore
2015-01-01,26.5,18.5,4.8,Bangalore
2015-01-02,26.2,18.9,0.8,Bangalore
2015-01-03,26.6,18.1,0,Bangalore
2015-01-04,27.1,16.5,0,Bangalore
2015-01-05,26.8,17.7,0,Bangalore
2015-01-06,25.8,16.1,0,Bangalore
2015-01-07,26.2,17.2,0,Bangalore
2015-01-08,26.3,16.8,0,Bangalore
2015-01-09,25.7,17.1,0,Bangalore
2015-01-10,27,15.7,0,Bangalore
2015-01-11,26.4,10.9,0,Bangalore
2015-01-12,26.2,12.2,0,Bangalore
2015-01-13,26.4,12.2,0,Bangalore
2015-01-14,26.5,12.2,0,Bangalore
2015-01-15,26.7,13,0,Bangalore
2015-01-16,26.7,14.7,0,Bangalore
2015-01-17,26.9,15.5,0,Bangalore
2015-01-18,27.7,14.8,0,Bangalore
2015-01-19,28.1,14.5,0,Bangalore
2015-01-20,27,14.8,0,Bangalore
2015-01-21,26.8,14.4,0,Bangalore
2015-01-22,27.6,14.3,0,Bangalore
2015-01-23,27.4,16.9,0,Bangalore
2015-01-24,26.3,17.5,0.4,Bangalore
2015-01-25,28.4,17.6,0,Bangalore
2015-01-26,26.9,13.3,0,Bangalore
2015-01-27,27.2,13.6,0,Bangalore
2015-01-28,27.1,16.1,0,Bangalore
2015-01-29,28.2,16.5,0,Bangalore
2015-01-30,28.5,17.5,0,Bangalore
2015-01-31,28.4,15.8,0,Bangalore
2015-02-01,27.8,14.9,0,Bangalore
2015-02-02,27.3,15.9,0,Bangalore
2015-02-03,27.3,13.6,0,Bangalore
2015-02-04,27.4,14.5,0,Bangalore
2015-02-05,27.9,14.7,0,Bangalore
2015-02-06,28.5,13.9,0,Bangalore
2015-02-07,28.7,15.6,0,Bangalore
2015-02-08,29.2,15.2,0,Bangalore
2015-02-09,29.1,15.1,0,Bangalore
2015-02-10,27.7,14.1,0,Bangalore
2015-02-11,28.5,14.6,0,Bangalore
2015-02-12,28.7,17.4,0,Bangalore
2015-02-13,29.4,16.6,0,Bangalore
2015-02-14,30.8,16.7,0,Bangalore
2015-02-15,30.7,16.4,0,Bangalore
2015-02-16,30.7,16.6,0,Bangalore
2015-02-17,30.8,15.6,0,Bangalore
2015-02-18,31,15.3,0,Bangalore
2015-02-19,30.4,15.9,0,Bangalore
2015-02-20,29.9,15.7,0,Bangalore
2015-02-21,29.5,15.5,0,Bangalore
2015-02-22,29.7,15.2,0,Bangalore
2015-02-23,29.8,15.4,0,Bangalore
2015-02-24,30.2,13.9,0,Bangalore
2015-02-25,30.5,14.3,0,Bangalore
2015-02-26,31.2,16,0,Bangalore
2015-02-27,31.2,19.3,0,Bangalore
2015-02-28,30,19.7,0.6,Bangalore
2015-03-01,29.5,19.7,1.6,Bangalore
2015-03-02,29.9,19.8,0,Bangalore
2015-03-03,29.6,20.1,0.3,Bangalore
2015-03-04,28.8,18.6,1.1,Bangalore
2015-03-05,29.9,19.1,1.9,Bangalore
2015-03-06,29.6,19.7,3,Bangalore
2015-03-07,28.7,19.6,3.4,Bangalore
2015-03-08,29,19.3,0,Bangalore
2015-03-09,29.7,17.7,0,Bangalore
2015-03-10,30.7,18.1,0,Bangalore
2015-03-11,30.2,13.9,0,Bangalore
2015-03-12,30,16.6,0,Bangalore
2015-03-13,30.8,17.3,0,Bangalore
2015-03-14,30.8,15.9,0,Bangalore
2015-03-15,30.2,19.8,0.1,Bangalore
2015-03-16,31.3,21.2,0,Bangalore
2015-03-17,33.4,18,0,Bangalore
2015-03-18,33.8,17.2,0,Bangalore
2015-03-19,33.8,17.7,0,Bangalore
2015-03-20,33.8,17.5,0,Bangalore
2015-03-21,33.9,18.1,0,Bangalore
2015-03-22,34.8,18.1,0,Bangalore
2015-03-23,34,19.5,0,Bangalore
2015-03-24,35,20.8,0,Bangalore
2015-03-25,33.7,19.9,0,Bangalore
2015-03-26,33.8,19.4,0,Bangalore
2015-03-27,33.2,18,0,Bangalore
2015-03-28,33.2,17.7,0,Bangalore
2015-03-29,33.6,18.9,0,Bangalore
2015-03-30,33.5,19.5,0,Bangalore
2015-03-31,32,20.2,0,Bangalore
2015-04-01,31,21,1.9,Bangalore
2015-04-02,32.4,21.5,0.1,Bangalore
2015-04-03,32.5,22.2,0,Bangalore
2015-04-04,34.1,21.6,0,Bangalore
2015-04-05,34.4,23.5,0.2,Bangalore
2015-04-06,33.4,23.1,0.5,Bangalore
2015-04-07,33.8,22.4,0.1,Bangalore
2015-04-08,33.4,22.3,0,Bangalore
2015-04-09,33.6,22.3,0,Bangalore
2015-04-10,33.1,22.2,0,Bangalore
2015-04-11,32.8,21.9,0.1,Bangalore
2015-04-12,30.4,20.4,22.7,Bangalore
2015-04-13,26.6,19.4,16.1,Bangalore
2015-04-14,27,18.6,9.8,Bangalore
2015-04-15,26.2,18.2,1,Bangalore
2015-04-16,27.8,19.2,1.5,Bangalore
2015-04-17,28.1,19.2,0,Bangalore
2015-04-18,28.5,19.4,0.4,Bangalore
2015-04-19,29.8,19.4,0,Bangalore
2015-04-20,30.2,19.9,0,Bangalore
2015-04-21,30.6,20.2,0.8,Bangalore
2015-04-22,31.4,20.9,2.2,Bangalore
2015-04-23,29.5,21.5,4.8,Bangalore
2015-04-24,30.6,20.3,4.3,Bangalore
2015-04-25,30,20.2,0.3,Bangalore
2015-04-26,29.6,20.1,4.1,Bangalore
2015-04-27,29.7,19.7,0,Bangalore
2015-04-28,31.4,19.6,0,Bangalore
2015-04-29,31.3,19.9,0.4,Bangalore
2015-04-30,32.2,20.8,7.8,Bangalore
2015-05-01,31.9,20.7,0,Bangalore
2015-05-02,32.3,21.5,2.8,Bangalore
2015-05-03,31.1,21.3,6.7,Bangalore
2015-05-04,30.8,20.4,1.8,Bangalore
2015-05-05,30.8,20,0,Bangalore
2015-05-06,30.1,21.2,3.8,Bangalore
2015-05-07,30.8,20,1.1,Bangalore
2015-05-08,32.1,20.9,0,Bangalore
2015-05-09,33.3,21.7,0,Bangalore
2015-05-10,32.8,22.1,0.5,Bangalore
2015-05-11,32.1,22,1.1,Bangalore
2015-05-12,30.3,21.5,0,Bangalore
2015-05-13,29.7,20.7,2,Bangalore
2015-05-14,28.6,21.3,6.2,Bangalore
2015-05-15,27,21.4,3.6,Bangalore
2015-05-16,28.2,20.9,20.4,Bangalore
2015-05-17,28.3,20.5,13.6,Bangalore
2015-05-18,29.4,20.1,15.9,Bangalore
2015-05-19,29.6,20.2,7.8,Bangalore
2015-05-20,31.4,21.3,0.5,Bangalore
2015-05-21,31,21.5,0.8,Bangalore
2015-05-22,31.6,21.9,2.5,Bangalore
2015-05-23,31,21.6,5.7,Bangalore
2015-05-24,31.5,21.2,0.3,Bangalore
2015-05-25,31.4,21.1,0,Bangalore
2015-05-26,31.4,20.3,0,Bangalore
2015-05-27,30.9,21.2,0.8,Bangalore
2015-05-28,29.7,21.5,0,Bangalore
2015-05-29,30.3,22,11.9,Bangalore
2015-05-30,31.6,21.1,4.5,Bangalore
2015-05-31,31.2,21.1,43.3,Bangalore
2015-06-01,29.4,21.1,17.6,Bangalore
2015-06-02,28.3,20.7,8,Bangalore
2015-06-03,28.9,20.7,5.4,Bangalore
2015-06-04,28.3,20.6,10.8,Bangalore
2015-06-05,28.6,20.2,5.9,Bangalore
2015-06-06,29.1,20.4,0,Bangalore
2015-06-07,29.4,21.1,0.9,Bangalore
2015-06-08,28.2,20.5,2.2,Bangalore
2015-06-09,28.1,20.1,0.6,Bangalore
2015-06-10,29.2,21.2,0,Bangalore
2015-06-11,29,20.7,8.2,Bangalore
2015-06-12,27,20,6.8,Bangalore
2015-06-13,26.9,19.9,2.7,Bangalore
2015-06-14,26.7,19.9,8.3,Bangalore
2015-06-15,26.2,19.3,0.4,Bangalore
2015-06-16,26.7,20.6,2.8,Bangalore
2015-06-17,26,20.3,1.4,Bangalore
2015-06-18,24.2,20.2,5,Bangalore
2015-06-19,24.4,20.4,3.3,Bangalore
2015-06-20,24.3,20.3,5,Bangalore
2015-06-21,25,21.1,1.6,Bangalore
2015-06-22,26,21,0.5,Bangalore
2015-06-23,26.5,20.9,1.2,Bangalore
2015-06-24,26.7,20.7,0.4,Bangalore
2015-06-25,26.9,21,0.3,Bangalore
2015-06-26,26.9,21.6,0.4,Bangalore
2015-06-27,27,21.4,0.2,Bangalore
2015-06-28,27.7,21.6,0.6,Bangalore
2015-06-29,28.5,20,2,Bangalore
2015-06-30,28,20,0.2,Bangalore
2015-07-01,28.1,20,0.1,Bangalore
2015-07-02,28,19.7,0.3,Bangalore
2015-07-03,28,19.8,3.5,Bangalore
2015-07-04,28.5,20.7,0.1,Bangalore
2015-07-05,29,19.7,0,Bangalore
2015-07-06,29.6,18.9,0,Bangalore
2015-07-07,28.6,18.2,0,Bangalore
2015-07-08,28.4,20.6,1.4,Bangalore
2015-07-09,28,21.1,2.5,Bangalore
2015-07-10,27,21.6,2.4,Bangalore
2015-07-11,27.5,21,0.8,Bangalore
2015-07-12,28.4,20.9,0.3,Bangalore
2015-07-13,28.8,20.2,0.3,Bangalore
2015-07-14,27.9,20.6,0.6,Bangalore
2015-07-15,27.5,20.6,8,Bangalore
2015-07-16,26.7,21,0.4,Bangalore
2015-07-17,28.3,20.1,2.1,Bangalore
2015-07-18,27.6,21.1,4,Bangalore
2015-07-19,24.2,20.5,6.7,Bangalore
2015-07-20,27.6,19.3,3,Bangalore
2015-07-21,26.9,20.4,7.6,Bangalore
2015-07-22,25.9,20,17.1,Bangalore
2015-07-23,25.9,20.2,2.1,Bangalore
2015-07-24,26,20.1,1,Bangalore
2015-07-25,26,18.9,7,Bangalore
2015-07-26,25.5,19.8,1.5,Bangalore
2015-07-27,25.7,19.6,9.6,Bangalore
2015-07-28,27.4,19.4,2.3,Bangalore
2015-07-29,27.5,18.4,0,Bangalore
2015-07-30,27,18.6,0,Bangalore
2015-07-31,27,19.6,8,Bangalore
2015-08-01,27.1,19.1,5.3,Bangalore
2015-08-02,26.8,19.8,2.4,Bangalore
2015-08-03,26.8,19.2,2.3,Bangalore
2015-08-04,26.7,19.9,1.9,Bangalore
2015-08-05,26.9,20.1,1.7,Bangalore
2015-08-06,26.6,20.6,0.7,Bangalore
2015-08-07,27,20.9,0.6,Bangalore
2015-08-08,27.1,20.4,0.4,Bangalore
2015-08-09,27.4,20.8,9.5,Bangalore
2015-08-10,27.1,20.4,8.9,Bangalore
2015-08-11,27.2,20.5,6.4,Bangalore
2015-08-12,24.6,20,4.7,Bangalore
2015-08-13,26.2,20.5,0.6,Bangalore
2015-08-14,27.5,20.8,1,Bangalore
2015-08-15,27.8,19.9,0.3,Bangalore
2015-08-16,27.6,20.2,8.2,Bangalore
2015-08-17,27.2,19.9,21.4,Bangalore
2015-08-18,28,19.6,4.3,Bangalore
2015-08-19,28.5,20.8,2.7,Bangalore
2015-08-20,28,19.5,4.2,Bangalore
2015-08-21,27.2,20.2,12.6,Bangalore
2015-08-22,23.9,20.1,13.9,Bangalore
2015-08-23,26.5,19.4,4.2,Bangalore
2015-08-24,26.5,18.6,0,Bangalore
2015-08-25,26.7,18.1,0,Bangalore
2015-08-26,26.4,18.8,1.3,Bangalore
2015-08-27,26.5,19.8,8.6,Bangalore
2015-08-28,27,18.6,0,Bangalore
2015-08-29,26.7,18,0,Bangalore
2015-08-30,27,18.7,0,Bangalore
2015-08-31,28.3,18.9,0,Bangalore
2015-09-01,28.2,18.9,0,Bangalore
2015-09-02,28.4,18.7,0,Bangalore
2015-09-03,28.3,19.4,0.3,Bangalore
2015-09-04,28.8,20.2,25.7,Bangalore
2015-09-05,27.9,20.2,8.3,Bangalore
2015-09-06,27.7,19.7,6.9,Bangalore
2015-09-07,25.7,20.1,23,Bangalore
2015-09-08,24.7,18.8,3.9,Bangalore
2015-09-09,25.9,18.9,3.7,Bangalore
2015-09-10,25.8,18.8,0.3,Bangalore
2015-09-11,26.4,18.8,0,Bangalore
2015-09-12,27.3,18.3,0,Bangalore
2015-09-13,27,17.8,0,Bangalore
2015-09-14,26,19.3,0.5,Bangalore
2015-09-15,25,19.6,0.6,Bangalore
2015-09-16,25.8,20.3,2.6,Bangalore
2015-09-17,27.3,19.8,0,Bangalore
2015-09-18,26.9,18.6,0,Bangalore
2015-09-19,27.1,19.7,0.5,Bangalore
2015-09-20,26.6,19.4,2.1,Bangalore
2015-09-21,27,18.4,0,Bangalore
2015-09-22,28.4,17.4,0,Bangalore
2015-09-23,28.3,17.8,0,Bangalore
2015-09-24,28.9,20.4,13.3,Bangalore
2015-09-25,28.2,19,15.6,Bangalore
2015-09-26,26.8,19.6,6.1,Bangalore
2015-09-27,27.7,19.1,14.2,Bangalore
2015-09-28,27.2,19.7,3.1,Bangalore
2015-09-29,26.6,18.7,1.3,Bangalore
2015-09-30,26.3,19.9,4.9,Bangalore
2015-10-01,26.5,19.2,3.9,Bangalore
2015-10-02,27,20.2,0.8,Bangalore
2015-10-03,26.5,19.3,0,Bangalore
2015-10-04,26.4,20.6,22.8,Bangalore
2015-10-05,25.8,19.6,12.4,Bangalore
2015-10-06,26.6,19.4,6.2,Bangalore
2015-10-07,27.2,20,0,Bangalore
2015-10-08,26.7,19.1,0.6,Bangalore
2015-10-09,26.2,19.5,4.3,Bangalore
2015-10-10,27.1,19.4,4.8,Bangalore
2015-10-11,26.7,19.5,9.1,Bangalore
2015-10-12,27.6,19.8,1.9,Bangalore
2015-10-13,28.1,18.3,0,Bangalore
2015-10-14,27.9,16.3,0,Bangalore
2015-10-15,28.3,16,0,Bangalore
2015-10-16,28.2,17.7,0,Bangalore
2015-10-17,28.1,17.7,0,Bangalore
2015-10-18,27.9,18.6,0,Bangalore
2015-10-19,28.9,19,0,Bangalore
2015-10-20,28.4,19.9,0,Bangalore
2015-10-21,28.7,18.5,0,Bangalore
2015-10-22,29,17,0,Bangalore
2015-10-23,28.5,16.1,0,Bangalore
2015-10-24,28.6,17.6,0,Bangalore
2015-10-25,28.1,15,0,Bangalore
2015-10-26,26.9,17.9,0,Bangalore
2015-10-27,27.4,17.8,0,Bangalore
2015-10-28,27.9,18.8,0.1,Bangalore
2015-10-29,28.3,19.8,0,Bangalore
2015-10-30,28.6,19.1,0,Bangalore
2015-10-31,27.6,19.5,0.6,Bangalore
2015-11-01,26,19.9,18,Bangalore
2015-11-02,24.9,19.9,9.7,Bangalore
2015-11-03,26.4,19.6,16.3,Bangalore
2015-11-04,26.2,19.4,22.6,Bangalore
2015-11-05,26.3,18.2,0,Bangalore
2015-11-06,27,17.2,0,Bangalore
2015-11-07,26.8,19,0,Bangalore
2015-11-08,26.3,18.5,0,Bangalore
2015-11-09,20.9,18,32,Bangalore
2015-11-10,20.8,17,9.9,Bangalore
2015-11-11,22.8,18.7,4.7,Bangalore
2015-11-12,26,19.5,5.9,Bangalore
2015-11-13,24.8,18.5,5.3,Bangalore
2015-11-14,24.3,17.1,0,Bangalore
2015-11-15,22,16.7,24.4,Bangalore
2015-11-16,18.3,16.5,126.6,Bangalore
2015-11-17,20.1,17.1,17.6,Bangalore
2015-11-18,22.4,18,1.1,Bangalore
2015-11-19,23.6,18.9,13.8,Bangalore
2015-11-20,24.8,19.3,4.3,Bangalore
2015-11-21,25.2,19.1,2.3,Bangalore
2015-11-22,24.1,19.8,4.1,Bangalore
2015-11-23,23.8,19.4,14.5,Bangalore
2015-11-24,25.5,18.5,3.7,Bangalore
2015-11-25,25.4,16.7,0,Bangalore
2015-11-26,25.7,14.9,0,Bangalore
2015-11-27,26.6,17.2,0,Bangalore
2015-11-28,25.9,14.7,0,Bangalore
2015-11-29,23.7,17.5,4,Bangalore
2015-11-30,24.6,19,14.5,Bangalore
2015-12-01,23.2,19.4,4.8,Bangalore
2015-12-02,21.2,18.8,19.1,Bangalore
2015-12-03,23.1,18.4,9.9,Bangalore
2015-12-04,25.3,16.8,0,Bangalore
2015-12-05,24.7,17,0,Bangalore
2015-12-06,23.8,17,0,Bangalore
2015-12-07,25.1,16.7,0,Bangalore
2015-12-08,24.2,16,0,Bangalore
2015-12-09,24.7,16.4,0,Bangalore
2015-12-10,25.4,19.5,1.2,Bangalore
2015-12-11,25.2,19,0,Bangalore
2015-12-12,24.9,17.5,0.3,Bangalore
2015-12-13,26.6,16.7,0,Bangalore
2015-12-14,26.8,17.7,3.7,Bangalore
2015-12-15,26.7,18.6,0,Bangalore
2015-12-16,26.8,16.9,0,Bangalore
2015-12-17,25.6,15.2,0,Bangalore
2015-12-18,26.3,14.6,0,Bangalore
2015-12-19,25.9,18.1,0,Bangalore
2015-12-20,25.9,17.4,0,Bangalore
2015-12-21,26.3,16.8,0,Bangalore
2015-12-22,26.8,14.5,0,Bangalore
2015-12-23,25.6,15.6,0,Bangalore
2015-12-24,26.4,13.5,0,Bangalore
2015-12-25,25.7,15.7,0,Bangalore
2015-12-26,25.4,16.4,0,Bangalore
2015-12-27,25.7,16,0,Bangalore
2015-12-28,25.8,15.7,0,Bangalore
2015-12-29,26.6,13.6,0,Bangalore
2015-12-30,26.8,12.6,0,Bangalore
2015-12-31,26.6,13,0,Bangalore
2016-01-01,25.6,13.6,0,Bangalore
2016-01-02,26.1,12.9,0,Bangalore
2016-01-03,26.5,11.9,0,Bangalore
2016-01-04,26.3,11.8,0,Bangalore
2016-01-05,25.8,12.3,0,Bangalore
2016-01-06,26.3,13.3,0,Bangalore
2016-01-07,26.1,14.7,0,Bangalore
2016-01-08,26.2,14.5,0,Bangalore
2016-01-09,26.3,13.7,0,Bangalore
2016-01-10,26.2,13.1,0,Bangalore
2016-01-11,25.9,12.9,0,Bangalore
2016-01-12,26.6,13.2,0,Bangalore
2016-01-13,26,13.7,0,Bangalore
2016-01-14,26.7,13.8,0,Bangalore
2016-01-15,26.1,13.7,0,Bangalore
2016-01-16,26.1,13.8,0,Bangalore
2016-01-17,26,14.5,0,Bangalore
2016-01-18,25.9,15,0,Bangalore
2016-01-19,24.5,17.1,0,Bangalore
2016-01-20,23.5,18.8,0.6,Bangalore
2016-01-21,25.4,18.3,1.2,Bangalore
2016-01-22,26,18.5,0.6,Bangalore
2016-01-23,25.2,18.2,0.1,Bangalore
2016-01-24,25.3,18.2,0,Bangalore
2016-01-25,27.3,18.7,0,Bangalore
2016-01-26,27.5,17.9,0,Bangalore
2016-01-27,28.4,17.4,0,Bangalore
2016-01-28,29.2,16.5,0,Bangalore
2016-01-29,28.8,15.8,0,Bangalore
2016-01-30,28.2,14.6,0,Bangalore
2016-01-31,29,14.5,0,Bangalore
2016-02-01,29.6,12.7,0,Bangalore
2016-02-02,30.1,12.4,0,Bangalore
2016-02-03,29.7,12.9,0,Bangalore
2016-02-04,29.3,15.3,0,Bangalore
2016-02-05,27.9,14.6,0,Bangalore
2016-02-06,28.5,15.4,0,Bangalore
2016-02-07,29.5,16.3,0,Bangalore
2016-02-08,29.9,18.1,0,Bangalore
2016-02-09,29.9,17.4,0,Bangalore
2016-02-10,29.8,16.7,0,Bangalore
2016-02-11,30.1,19.1,0,Bangalore
2016-02-12,29.8,19,0,Bangalore
2016-02-13,29.4,18.1,0,Bangalore
2016-02-14,29.8,17.6,0,Bangalore
2016-02-15,28.8,15.3,0,Bangalore
2016-02-16,29.7,18.1,0,Bangalore
2016-02-17,28.7,16.1,0,Bangalore
2016-02-18,28.7,17.9,0,Bangalore
2016-02-19,29.9,16.8,0,Bangalore
2016-02-20,31.5,17.1,0,Bangalore
2016-02-21,32.4,18.3,0,Bangalore
2016-02-22,33.2,18.9,0,Bangalore
2016-02-23,32.8,17.2,0,Bangalore
2016-02-24,31.5,16.9,0,Bangalore
2016-02-25,31.7,18.5,0,Bangalore
2016-02-26,30.7,19.9,0,Bangalore
2016-02-27,30.5,18.3,0,Bangalore
2016-02-28,30.5,19.3,0,Bangalore
2016-02-29,29.3,19.1,0,Bangalore
2016-03-01,30.3,18.2,0,Bangalore
2016-03-02,30.5,17.9,0,Bangalore
2016-03-03,31.6,17.4,0,Bangalore
2016-03-04,32,16.2,0,Bangalore
2016-03-05,31.9,17.7,0,Bangalore
2016-03-06,32,17.3,0,Bangalore
2016-03-07,31.8,18,0,Bangalore
2016-03-08,32.4,17,0,Bangalore
2016-03-09,32.8,17.2,0,Bangalore
2016-03-10,32.7,19.3,0,Bangalore
2016-03-11,33.5,18.5,0,Bangalore
2016-03-12,33.4,19,0,Bangalore
2016-03-13,33.1,21.1,0.1,Bangalore
2016-03-14,31.7,22,0,Bangalore
2016-03-15,31,21.9,1,Bangalore
2016-03-16,32.2,20.5,0,Bangalore
2016-03-17,31.6,21.1,0,Bangalore
2016-03-18,34,21.9,0,Bangalore
2016-03-19,34.1,21.4,0,Bangalore
2016-03-20,35,20.9,0,Bangalore
2016-03-21,34.9,22.4,0,Bangalore
2016-03-22,34.1,23,0,Bangalore
2016-03-23,32.8,22,0,Bangalore
2016-03-24,33.9,21.9,0,Bangalore
2016-03-25,34.2,20.5,0,Bangalore
2016-03-26,34.1,19,0,Bangalore
2016-03-27,33.8,18,0,Bangalore
2016-03-28,33.7,18.1,0,Bangalore
2016-03-29,33.6,19.4,0,Bangalore
2016-03-30,33.7,20.3,0,Bangalore
2016-03-31,33.7,20.5,0,Bangalore
2016-04-01,33.2,20.5,0,Bangalore
2016-04-02,34.1,20.4,0,Bangalore
2016-04-03,33.8,20.6,0,Bangalore
2016-04-04,34.7,21.2,0,Bangalore
2016-04-05,34.1,20.3,0,Bangalore
2016-04-06,33.1,21.5,0,Bangalore
2016-04-07,33.9,21.7,0,Bangalore
2016-04-08,32.8,22.3,1.7,Bangalore
2016-04-09,31.9,23.3,0.5,Bangalore
2016-04-10,32.7,22.7,0.1,Bangalore
2016-04-11,35.1,22.1,0,Bangalore
2016-04-12,35.6,22.8,0,Bangalore
2016-04-13,35.2,23.2,0,Bangalore
2016-04-14,34.9,25,0,Bangalore
2016-04-15,35.9,24.7,0,Bangalore
2016-04-16,35.3,23.3,0,Bangalore
2016-04-17,35.8,22.9,0,Bangalore
2016-04-18,35,22.1,0,Bangalore
2016-04-19,34.8,22.7,0,Bangalore
2016-04-20,35.5,23.6,0,Bangalore
2016-04-21,35.2,23.2,0,Bangalore
2016-04-22,33.9,23,0.4,Bangalore
2016-04-23,36.1,23.7,0,Bangalore
2016-04-24,36.7,23.2,0,Bangalore
2016-04-25,35.2,23.8,0.2,Bangalore
2016-04-26,35.5,24,0,Bangalore
2016-04-27,35.8,21.2,0,Bangalore
2016-04-28,35.6,21.9,0,Bangalore
2016-04-29,35.5,22.2,0,Bangalore
2016-04-30,35.7,22.5,0,Bangalore
2016-05-01,35.5,23.3,0,Bangalore
2016-05-02,35.2,23.6,2.1,Bangalore
2016-05-03,34,23.1,0.3,Bangalore
2016-05-04,34.6,23,1.4,Bangalore
2016-05-05,34.2,22.8,2.4,Bangalore
2016-05-06,31.9,22.9,11,Bangalore
2016-05-07,32.1,21.6,6.2,Bangalore
2016-05-08,31.5,21.9,7,Bangalore
2016-05-09,31.7,21,1.3,Bangalore
2016-05-10,31.2,21.5,6,Bangalore
2016-05-11,31,20.9,0.1,Bangalore
2016-05-12,31.4,22.1,1.6,Bangalore
2016-05-13,32.8,21.6,0,Bangalore
2016-05-14,32.8,22.6,4.2,Bangalore
2016-05-15,34.2,22.2,0,Bangalore
2016-05-16,31.9,22.8,0.6,Bangalore
2016-05-17,29.7,22.1,1.2,Bangalore
2016-05-18,26.4,21.5,16.7,Bangalore
2016-05-19,28.7,21.2,6.1,Bangalore
2016-05-20,27.6,21.3,2.5,Bangalore
2016-05-21,32.2,21.9,0,Bangalore
2016-05-22,32.8,21,0,Bangalore
2016-05-23,33.1,21.5,0,Bangalore
2016-05-24,32.9,21.3,0,Bangalore
2016-05-25,32.8,21.8,0,Bangalore
2016-05-26,32.8,21.3,0,Bangalore
2016-05-27,32.8,22,4.6,Bangalore
2016-05-28,31.8,21.7,7.8,Bangalore
2016-05-29,28.3,21.5,4.5,Bangalore
2016-05-30,29.8,21.4,3.7,Bangalore
2016-05-31,30.1,20.8,13.1,Bangalore
2016-06-01,30.4,21.1,14.8,Bangalore
2016-06-02,28.5,21.1,6.7,Bangalore
2016-06-03,29.2,21.1,15.2,Bangalore
2016-06-04,28.4,21.2,12.6,Bangalore
2016-06-05,28.3,21,16.4,Bangalore
2016-06-06,28.4,20.7,3.6,Bangalore
2016-06-07,26.7,21.2,5.7,Bangalore
2016-06-08,28.2,21.1,18,Bangalore
2016-06-09,26.5,20.7,4.1,Bangalore
2016-06-10,27.2,20.8,0.2,Bangalore
2016-06-11,27.4,20.3,0,Bangalore
2016-06-12,28.7,20.8,0.9,Bangalore
2016-06-13,27.4,20.7,6.9,Bangalore
2016-06-14,27.7,20.4,1.9,Bangalore
2016-06-15,27.7,20.3,0,Bangalore
2016-06-16,27.7,19.6,1.9,Bangalore
2016-06-17,27.5,19.2,8.3,Bangalore
2016-06-18,27.9,20.3,2,Bangalore
2016-06-19,26.7,20.1,15.1,Bangalore
2016-06-20,25.9,19.8,0,Bangalore
2016-06-21,25,19.4,13.5,Bangalore
2016-06-22,26.2,18.9,23.2,Bangalore
2016-06-23,25,20.1,6,Bangalore
2016-06-24,25.6,19.5,6.2,Bangalore
2016-06-25,26,19.3,12.6,Bangalore
2016-06-26,25.6,20,5,Bangalore
2016-06-27,24,20.4,5.2,Bangalore
2016-06-28,22.8,19.9,37.4,Bangalore
2016-06-29,21.2,19.7,23.5,Bangalore
2016-06-30,26,20.2,1.9,Bangalore
2016-07-01,26.1,20.9,0.6,Bangalore
2016-07-02,26.7,20.3,0.1,Bangalore
2016-07-03,26.4,20.6,0,Bangalore
2016-07-04,25.9,20.9,7.5,Bangalore
2016-07-05,25.9,19.9,23.5,Bangalore
2016-07-06,25.7,20.1,15.9,Bangalore
2016-07-07,25.4,20,5,Bangalore
2016-07-08,26,20.6,1,Bangalore
2016-07-09,25.4,20.7,0.3,Bangalore
2016-07-10,26,20.8,0.2,Bangalore
2016-07-11,25.2,20.5,0,Bangalore
2016-07-12,25.6,20.5,0.4,Bangalore
2016-07-13,26.6,20.4,0.3,Bangalore
2016-07-14,27,19.6,3.3,Bangalore
2016-07-15,26.8,20.3,7.5,Bangalore
2016-07-16,26.5,19.8,4.8,Bangalore
2016-07-17,26.4,19.5,7,Bangalore
2016-07-18,25.7,19.4,8.4,Bangalore
2016-07-19,25.9,19.3,2.9,Bangalore
2016-07-20,26,20.1,4.2,Bangalore
2016-07-21,24.2,19.6,12.9,Bangalore
2016-07-22,24.1,19.6,4.1,Bangalore
2016-07-23,25.4,19,17,Bangalore
2016-07-24,26,20.1,8.1,Bangalore
2016-07-25,27,19.7,6.1,Bangalore
2016-07-26,26.8,19.8,15.3,Bangalore
2016-07-27,27.8,19.3,4.5,Bangalore
2016-07-28,26.8,20.1,6.8,Bangalore
2016-07-29,25.5,19.9,10.8,Bangalore
2016-07-30,23.7,19.1,23.6,Bangalore
2016-07-31,24.4,18.9,3.9,Bangalore
2016-08-01,25.3,19.1,0.5,Bangalore
2016-08-02,24.9,19.4,0,Bangalore
2016-08-03,25.3,19.4,0,Bangalore
2016-08-04,25.4,20.1,0.1,Bangalore
2016-08-05,25.5,19.9,1,Bangalore
2016-08-06,26.2,19.8,0,Bangalore
2016-08-07,25.7,20,1.9,Bangalore
2016-08-08,26.2,19.4,0.2,Bangalore
2016-08-09,26.6,19.3,0.4,Bangalore
2016-08-10,26.3,19.8,0.3,Bangalore
2016-08-11,26.3,19.1,0.2,Bangalore
2016-08-12,26.9,19.6,1.5,Bangalore
2016-08-13,27.3,20.5,3.5,Bangalore
2016-08-14,26.5,19.7,0.7,Bangalore
2016-08-15,26.2,19,1.5,Bangalore
2016-08-16,26.2,20.6,0.4,Bangalore
2016-08-17,25.9,20.4,0.3,Bangalore
2016-08-18,26.3,20.3,0.6,Bangalore
2016-08-19,26.8,20,0.7,Bangalore
2016-08-20,27,19.3,0.1,Bangalore
2016-08-21,27.2,18.4,0.1,Bangalore
2016-08-22,26.7,19.9,0.1,Bangalore
2016-08-23,27.5,19.8,0.4,Bangalore
2016-08-24,27.7,20.2,1.4,Bangalore
2016-08-25,26.9,20,4.5,Bangalore
2016-08-26,26.1,20,10.8,Bangalore
2016-08-27,26.3,19.9,1.7,Bangalore
2016-08-28,25.5,19.6,0.4,Bangalore
2016-08-29,26.8,19.8,3.5,Bangalore
2016-08-30,26.4,20.2,12.9,Bangalore
2016-08-31,24.7,19.6,6.6,Bangalore
2016-09-01,25.3,19.7,1,Bangalore
2016-09-02,25.7,19.2,1.8,Bangalore
2016-09-03,25.4,19.3,0.5,Bangalore
2016-09-04,26,18.8,0.5,Bangalore
2016-09-05,25.5,18.1,0.1,Bangalore
2016-09-06,25.5,18.4,1,Bangalore
2016-09-07,25.7,17.2,0,Bangalore
2016-09-08,26.1,16.7,0,Bangalore
2016-09-09,26.7,18.3,0.5,Bangalore
2016-09-10,27.2,18.4,0.1,Bangalore
2016-09-11,26.8,18.6,0,Bangalore
2016-09-12,26,18.5,1.9,Bangalore
2016-09-13,26.2,19.4,0.4,Bangalore
2016-09-14,26.4,19.7,0.1,Bangalore
2016-09-15,26.3,19.8,1,Bangalore
2016-09-16,26.7,19.3,1.7,Bangalore
2016-09-17,27.3,19.8,0,Bangalore
2016-09-18,26.6,18.2,0.9,Bangalore
2016-09-19,26.9,19.3,0,Bangalore
2016-09-20,26.1,19.1,0.3,Bangalore
2016-09-21,24.1,19,8.4,Bangalore
2016-09-22,25.4,19.3,4.7,Bangalore
2016-09-23,25.9,19,0.2,Bangalore
2016-09-24,25.3,19.7,0.7,Bangalore
2016-09-25,26.1,20,0.8,Bangalore
2016-09-26,26.7,20.4,0,Bangalore
2016-09-27,26.8,20.3,10.1,Bangalore
2016-09-28,25.9,20.3,9.5,Bangalore
2016-09-29,27.4,20.3,1.5,Bangalore
2016-09-30,26.5,19.7,0.5,Bangalore
2016-10-01,26.2,18.9,0,Bangalore
2016-10-02,27.2,17.7,0,Bangalore
2016-10-03,28,17.5,0,Bangalore
2016-10-04,27,19.2,0.3,Bangalore
2016-10-05,27.6,17.9,0,Bangalore
2016-10-06,27.9,18.3,0,Bangalore
2016-10-07,28.1,17.2,0,Bangalore
2016-10-08,28.2,17.9,0,Bangalore
2016-10-09,27.2,18.4,1.1,Bangalore
2016-10-10,26.8,19.3,0.4,Bangalore
2016-10-11,28.1,19,2.8,Bangalore
2016-10-12,27.4,20,18.3,Bangalore
2016-10-13,26.9,19.4,0.4,Bangalore
2016-10-14,28.3,18.9,0.4,Bangalore
2016-10-15,28.1,18.3,0,Bangalore
2016-10-16,28.1,16.4,0,Bangalore
2016-10-17,28.3,16.7,0,Bangalore
2016-10-18,28.9,17.8,0,Bangalore
2016-10-19,29,17.9,0,Bangalore
2016-10-20,29.1,18.6,0,Bangalore
2016-10-21,28.8,18.4,0,Bangalore
2016-10-22,28.9,16.8,0,Bangalore
2016-10-23,28.8,17.7,0,Bangalore
2016-10-24,29.3,16.2,0,Bangalore
2016-10-25,28.5,16.8,0,Bangalore
2016-10-26,29.3,16.8,0,Bangalore
2016-10-27,28.1,17.5,0,Bangalore
2016-10-28,29,19.2,0,Bangalore
2016-10-29,30.2,18.1,0,Bangalore
2016-10-30,29.8,20.8,0.2,Bangalore
2016-10-31,28.1,20,0,Bangalore
2016-11-01,27.9,20.3,2.3,Bangalore
2016-11-02,27.9,18.4,1.2,Bangalore
2016-11-03,29.5,18.9,0,Bangalore
2016-11-04,29.7,18.6,0,Bangalore
2016-11-05,29.5,18.1,0,Bangalore
2016-11-06,28.9,16.4,0,Bangalore
2016-11-07,28.3,17.6,0,Bangalore
2016-11-08,28.6,17.7,0,Bangalore
2016-11-09,27.9,16.3,0,Bangalore
2016-11-10,28.4,14.7,0,Bangalore
2016-11-11,28.4,15.8,0,Bangalore
2016-11-12,28.9,16.8,0,Bangalore
2016-11-13,29.2,18.5,0,Bangalore
2016-11-14,28.6,20.2,0.8,Bangalore
2016-11-15,29.5,20.1,0,Bangalore
2016-11-16,28.7,18.1,0,Bangalore
2016-11-17,28.4,19.3,0,Bangalore
2016-11-18,29.1,17.2,0,Bangalore
2016-11-19,29.1,16.5,0,Bangalore
2016-11-20,29.4,18.1,0,Bangalore
2016-11-21,29.2,16.1,0,Bangalore
2016-11-22,29.3,14.3,0,Bangalore
2016-11-23,29.7,15.2,0,Bangalore
2016-11-24,29.3,14.8,0,Bangalore
2016-11-25,29.7,14.6,0,Bangalore
2016-11-26,29.7,13.8,0,Bangalore
2016-11-27,30.4,13.6,0,Bangalore
2016-11-28,31.1,14.7,0,Bangalore
2016-11-29,29.8,14.4,0,Bangalore
2016-11-30,29,15.5,0,Bangalore
2016-12-01,26.7,16.3,6.2,Bangalore
2016-12-02,24.9,18.5,4.6,Bangalore
2016-12-03,23.7,19,1.9,Bangalore
2016-12-04,27.2,19.1,0,Bangalore
2016-12-05,26.5,18.1,0.1,Bangalore
2016-12-06,26.2,17.4,0,Bangalore
2016-12-07,27.1,13.8,0,Bangalore
2016-12-08,27.1,16.6,0,Bangalore
2016-12-09,28.1,15,0,Bangalore
2016-12-10,27.8,15,0,Bangalore
2016-12-11,27.5,15,0,Bangalore
2016-12-12,26.1,18.8,7.4,Bangalore
2016-12-13,19.3,17.6,34,Bangalore
2016-12-14,24.1,18,1.6,Bangalore
2016-12-15,25.6,18.2,0,Bangalore
2016-12-16,24.7,17.8,1.3,Bangalore
2016-12-17,25.9,16.8,0,Bangalore
2016-12-18,26.3,16.2,0,Bangalore
2016-12-19,26.4,14.5,0,Bangalore
2016-12-20,26.8,13.4,0,Bangalore
2016-12-21,26.8,15.6,0,Bangalore
2016-12-22,27.3,14.2,0,Bangalore
2016-12-23,27.1,12.9,0,Bangalore
2016-12-24,27.2,12.3,0,Bangalore
2016-12-25,27,12.2,0,Bangalore
2016-12-26,27.9,11.5,0,Bangalore
2016-12-27,27.7,12.8,0,Bangalore
2016-12-28,27.2,14.7,0,Bangalore
2016-12-29,26.6,13.8,0,Bangalore
2016-12-30,26.3,13.3,0,Bangalore
2016-12-31,26.8,13.2,0,Bangalore
2017-01-01,27.3,13.6,0,Bangalore
2017-01-02,27.1,15.5,0,Bangalore
2017-01-03,28.1,15.3,0,Bangalore
2017-01-04,27.6,15.2,0,Bangalore
2017-01-05,27.7,14.8,0,Bangalore
2017-01-06,27.3,15.6,0,Bangalore
2017-01-07,27.3,15.6,0,Bangalore
2017-01-08,27.3,14.4,0,Bangalore
2017-01-09,27.3,14.6,0,Bangalore
2017-01-10,27.1,14.6,0,Bangalore
2017-01-11,26.4,15.3,0,Bangalore
2017-01-12,25.4,15.5,0,Bangalore
2017-01-13,26.1,16.9,0,Bangalore
2017-01-14,24.7,16.3,0,Bangalore
2017-01-15,26.3,14.4,0,Bangalore
2017-01-16,26.3,15.8,0,Bangalore
2017-01-17,26.9,14.4,0,Bangalore
2017-01-18,26.7,13.7,0,Bangalore
2017-01-19,25.5,13.3,0,Bangalore
2017-01-20,28.3,13.9,0,Bangalore
2017-01-21,26.3,17.1,0.2,Bangalore
2017-01-22,28.2,16.7,0,Bangalore
2017-01-23,27.7,15.6,0,Bangalore
2017-01-24,28.2,16.4,0,Bangalore
2017-01-25,27.4,15.4,0,Bangalore
2017-01-26,21.8,15.9,30.1,Bangalore
2017-01-27,25,18.5,6.7,Bangalore
2017-01-28,26.1,18.8,1.5,Bangalore
2017-01-29,27.5,18.1,0.2,Bangalore
2017-01-30,27.7,17.7,0,Bangalore
2017-01-31,28.3,16.8,0,Bangalore
2017-02-01,27.8,15.7,0,Bangalore
2017-02-02,28.1,14.6,0,Bangalore
2017-02-03,27.5,15.2,0,Bangalore
2017-02-04,27,14.9,0,Bangalore
2017-02-05,27.7,14.2,0,Bangalore
2017-02-06,28.4,13.8,0,Bangalore
2017-02-07,29.4,14.1,0,Bangalore
2017-02-08,29.8,16.2,0,Bangalore
2017-02-09,29.6,14.9,0,Bangalore
2017-02-10,29.9,14.9,0,Bangalore
2017-02-11,29.5,13.6,0,Bangalore
2017-02-12,28.2,14,0,Bangalore
2017-02-13,27.6,14.3,0,Bangalore
2017-02-14,27.7,15.4,0.1,Bangalore
2017-02-15,29.1,16.4,0,Bangalore
2017-02-16,28.5,14.8,0,Bangalore
2017-02-17,28.9,13.7,0,Bangalore
2017-02-18,29.8,15.6,0,Bangalore
2017-02-19,31,15.6,0,Bangalore
2017-02-20,31.2,16,0,Bangalore
2017-02-21,32.5,17,0,Bangalore
2017-02-22,32.6,18.4,0,Bangalore
2017-02-23,33,18.1,0,Bangalore
2017-02-24,33.3,18.1,0,Bangalore
2017-02-25,33.2,17.7,0,Bangalore
2017-02-26,32.1,18.1,0,Bangalore
2017-02-27,30.9,17.7,0,Bangalore
2017-02-28,30.8,16.2,0,Bangalore
2017-03-01,31.1,16.9,0,Bangalore
2017-03-02,31.5,15.1,0,Bangalore
2017-03-03,30.8,17.5,0,Bangalore
2017-03-04,31.7,20.3,0,Bangalore
2017-03-05,30.5,20.7,0.2,Bangalore
2017-03-06,28.9,20.5,12.1,Bangalore
2017-03-07,30.1,20.4,1,Bangalore
2017-03-08,31.6,20.9,0.4,Bangalore
2017-03-09,32,20.8,0,Bangalore
2017-03-10,33,20.8,0,Bangalore
2017-03-11,32.4,19.5,0,Bangalore
2017-03-12,33.6,19.3,0,Bangalore
2017-03-13,32.8,19.9,1.1,Bangalore
2017-03-14,27.8,20,9.3,Bangalore
2017-03-15,29.6,20.4,1,Bangalore
2017-03-16,32.3,19.9,0,Bangalore
2017-03-17,31.5,19.7,1,Bangalore
2017-03-18,33.3,20.1,0,Bangalore
2017-03-19,33.8,20.7,0,Bangalore
2017-03-20,31.6,21.7,0.2,Bangalore
2017-03-21,31.3,21.3,2.3,Bangalore
2017-03-22,33.4,20.2,0.4,Bangalore
2017-03-23,33.7,19.2,0,Bangalore
2017-03-24,34.4,18.8,0,Bangalore
2017-03-25,34.8,18.7,0,Bangalore
2017-03-26,35.3,19.4,0,Bangalore
2017-03-27,34.8,20.6,0,Bangalore
2017-03-28,34.9,20,0,Bangalore
2017-03-29,35.2,20.3,0,Bangalore
2017-03-30,34.9,20.6,0,Bangalore
2017-03-31,34.7,20.7,0,Bangalore
2017-04-01,35.2,20.8,0,Bangalore
2017-04-02,35.6,21.4,0.5,Bangalore
2017-04-03,35.1,21.8,0,Bangalore
2017-04-04,33.1,21.6,0.7,Bangalore
2017-04-05,32.8,22.4,4.1,Bangalore
2017-04-06,33.4,22.4,0.1,Bangalore
2017-04-07,32.1,22.8,0.4,Bangalore
2017-04-08,33.5,22.6,0.3,Bangalore
2017-04-09,34.8,23,0,Bangalore
2017-04-10,34.9,21.7,0,Bangalore
2017-04-11,34.5,22.6,0,Bangalore
2017-04-12,35.4,22.8,0,Bangalore
2017-04-13,35,22,0,Bangalore
2017-04-14,34.9,21.1,0,Bangalore
2017-04-15,35,21,0,Bangalore
2017-04-16,33.4,22,0,Bangalore
2017-04-17,33.6,22,1.2,Bangalore
2017-04-18,35,21.5,0,Bangalore
2017-04-19,33,22,0,Bangalore
2017-04-20,33.1,22.8,0,Bangalore
2017-04-21,30.7,22.9,2.7,Bangalore
2017-04-22,32.8,21.7,0.1,Bangalore
2017-04-23,34.2,21.4,0,Bangalore
2017-04-24,34,21.6,0.1,Bangalore
2017-04-25,33.9,21.5,0.3,Bangalore
2017-04-26,33.6,21.8,0,Bangalore
2017-04-27,32.4,22.3,0.5,Bangalore
2017-04-28,32.7,22.1,2,Bangalore
2017-04-29,33.2,21.5,0.7,Bangalore
2017-04-30,31.9,21.5,0.3,Bangalore
2017-05-01,33.1,20.6,1,Bangalore
2017-05-02,31.7,20.9,0.3,Bangalore
2017-05-03,31.5,22.3,1.9,Bangalore
2017-05-04,33.7,21.7,0,Bangalore
2017-05-05,34.1,22,0.1,Bangalore
2017-05-06,34.2,22.7,0.3,Bangalore
2017-05-07,34.4,22.4,0.6,Bangalore
2017-05-08,32.8,21.6,0,Bangalore
2017-05-09,32.3,22.5,3.5,Bangalore
2017-05-10,32.1,21.5,1.4,Bangalore
2017-05-11,30.7,22.1,4.1,Bangalore
2017-05-12,30.9,22.3,1.5,Bangalore
2017-05-13,32.5,21.5,0.5,Bangalore
2017-05-14,33.9,22.4,3.5,Bangalore
2017-05-15,32.4,21.7,4.4,Bangalore
2017-05-16,32.4,21.6,0.9,Bangalore
2017-05-17,32.7,21.7,0.5,Bangalore
2017-05-18,33.3,22.1,36.1,Bangalore
2017-05-19,30.6,20.7,1.2,Bangalore
2017-05-20,30.5,22,4.9,Bangalore
2017-05-21,28.4,22,5.1,Bangalore
2017-05-22,31.3,22.2,9.6,Bangalore
2017-05-23,31.2,21.7,1,Bangalore
2017-05-24,32.3,22.8,2.1,Bangalore
2017-05-25,31.2,22.2,1,Bangalore
2017-05-26,30.9,22.6,3.7,Bangalore
2017-05-27,31.7,22.2,10.2,Bangalore
2017-05-28,30,21.7,9.6,Bangalore
2017-05-29,30.7,20.8,0,Bangalore
2017-05-30,30,20.5,0.1,Bangalore
2017-05-31,28.6,20.4,0.9,Bangalore
2017-06-01,29.6,20.4,0.5,Bangalore
2017-06-02,29.8,21.4,0.6,Bangalore
2017-06-03,28.2,21.6,1.4,Bangalore
2017-06-04,30.5,20.7,2.4,Bangalore
2017-06-05,30.6,20.8,3.6,Bangalore
2017-06-06,29.6,20.7,7.3,Bangalore
2017-06-07,23.7,20.6,11.5,Bangalore
2017-06-08,25.1,19.9,2.2,Bangalore
2017-06-09,25.9,19.8,8.2,Bangalore
2017-06-10,26.6,20,1.1,Bangalore
2017-06-11,25.3,20.2,3.5,Bangalore
2017-06-12,27,20.5,5.3,Bangalore
2017-06-13,27,21.1,8.3,Bangalore
2017-06-14,28.5,20.6,1.2,Bangalore
2017-06-15,27.9,20,2.2,Bangalore
2017-06-16,27.7,20.4,7.7,Bangalore
2017-06-17,28,20,1,Bangalore
2017-06-18,28,19.6,2.4,Bangalore
2017-06-19,27.5,20,1.5,Bangalore
2017-06-20,26.6,20.2,2,Bangalore
2017-06-21,26.7,19.7,1.2,Bangalore
2017-06-22,27.8,19.2,1.9,Bangalore
2017-06-23,26.5,19.9,2.5,Bangalore
2017-06-24,26.5,20.8,3.8,Bangalore
2017-06-25,27.5,20.6,2.2,Bangalore
2017-06-26,25.8,20.5,1.1,Bangalore
2017-06-27,24.5,20.2,3.8,Bangalore
2017-06-28,25.8,19.6,1.3,Bangalore
2017-06-29,27.7,20.7,1.8,Bangalore
2017-06-30,27.3,20.1,0.5,Bangalore
2017-07-01,27.8,20,0.6,Bangalore
2017-07-02,27.4,20.5,0.1,Bangalore
2017-07-03,28,20.6,1,Bangalore
2017-07-04,28.8,20.1,0,Bangalore
2017-07-05,28,19.7,0.7,Bangalore
2017-07-06,27,19.8,1.8,Bangalore
2017-07-07,26.9,20.1,3.1,Bangalore
2017-07-08,25.7,19.8,1.6,Bangalore
2017-07-09,27.2,20.2,1.9,Bangalore
2017-07-10,28.6,19.2,0.5,Bangalore
2017-07-11,28.3,19.6,7.7,Bangalore
2017-07-12,29.6,20.5,1.1,Bangalore
2017-07-13,26.3,19.7,2.1,Bangalore
2017-07-14,28.3,19.4,0.8,Bangalore
2017-07-15,25.8,19.9,14.5,Bangalore
2017-07-16,27.6,18.8,1.6,Bangalore
2017-07-17,26.9,20.3,0.5,Bangalore
2017-07-18,24.8,20.8,4.8,Bangalore
2017-07-19,26.4,20.5,3.8,Bangalore
2017-07-20,28,20.6,0.4,Bangalore
2017-07-21,28.6,20.1,1.7,Bangalore
2017-07-22,28.4,20.2,1.5,Bangalore
2017-07-23,28.3,19.3,0.7,Bangalore
2017-07-24,28.3,19.5,0.1,Bangalore
2017-07-25,29,19.8,0.3,Bangalore
2017-07-26,29,19.7,0.6,Bangalore
2017-07-27,28.5,19.5,0.2,Bangalore
2017-07-28,30,20.2,2.5,Bangalore
2017-07-29,29.8,20.4,2.4,Bangalore
2017-07-30,30.2,20.4,4.1,Bangalore
2017-07-31,29.4,20.6,3.4,Bangalore
2017-08-01,30.4,21,0,Bangalore
2017-08-02,31,20.6,0.1,Bangalore
2017-08-03,28.1,20.1,2.9,Bangalore
2017-08-04,26.8,20.7,3.8,Bangalore
2017-08-05,27.5,20.8,1,Bangalore
2017-08-06,27.1,20.7,1.9,Bangalore
2017-08-07,29.3,20.2,3.6,Bangalore
2017-08-08,29.3,20.4,3.2,Bangalore
2017-08-09,29.2,20.3,9.9,Bangalore
2017-08-10,26.9,20.3,3.9,Bangalore
2017-08-11,26.6,20.7,2.3,Bangalore
2017-08-12,27.9,20.4,0.7,Bangalore
2017-08-13,26.1,20.4,2.9,Bangalore
2017-08-14,28.5,19.9,0.8,Bangalore
2017-08-15,26.9,19.5,13.2,Bangalore
2017-08-16,28.1,20.1,12.4,Bangalore
2017-08-17,26.4,19.7,5.1,Bangalore
2017-08-18,24.2,20.1,12,Bangalore
2017-08-19,25.5,19.8,2.6,Bangalore
2017-08-20,24.2,19.9,4,Bangalore
2017-08-21,25.4,19.8,14.2,Bangalore
2017-08-22,25.2,20.6,5.1,Bangalore
2017-08-23,26.3,20,15.3,Bangalore
2017-08-24,25.6,20,6.2,Bangalore
2017-08-25,26.2,20.1,12.3,Bangalore
2017-08-26,26.1,19.8,3.9,Bangalore
2017-08-27,23.9,20.3,15.6,Bangalore
2017-08-28,23.3,20.3,3.2,Bangalore
2017-08-29,23.1,19.9,6.7,Bangalore
2017-08-30,27.5,19.7,3,Bangalore
2017-08-31,27.5,19.6,0.2,Bangalore
2017-09-01,28,20.3,1.7,Bangalore
2017-09-02,27.8,20.5,12.2,Bangalore
2017-09-03,27.3,19.8,12.8,Bangalore
2017-09-04,27.6,19.6,4.9,Bangalore
2017-09-05,27.6,20,8.9,Bangalore
2017-09-06,27.4,19.8,20.7,Bangalore
2017-09-07,27.1,19.7,26.4,Bangalore
2017-09-08,27.7,19.4,33.6,Bangalore
2017-09-09,27.4,19.5,25,Bangalore
2017-09-10,27.1,19.6,2.1,Bangalore
2017-09-11,27.7,21,0.5,Bangalore
2017-09-12,28,21.2,1.7,Bangalore
2017-09-13,29.2,21.1,0.3,Bangalore
2017-09-14,28.7,20.8,1.9,Bangalore
2017-09-15,26.7,19.8,1,Bangalore
2017-09-16,25,20,3.4,Bangalore
2017-09-17,25.8,19.8,9.1,Bangalore
2017-09-18,24.4,19.4,1.3,Bangalore
2017-09-19,26.7,19.6,1.3,Bangalore
2017-09-20,27.4,18.8,0.1,Bangalore
2017-09-21,24.7,18,0.7,Bangalore
2017-09-22,27.1,19,0,Bangalore
2017-09-23,27,19,0.6,Bangalore
2017-09-24,27.1,20.2,19.2,Bangalore
2017-09-25,25.8,19.3,10.6,Bangalore
2017-09-26,25.5,19.9,12.4,Bangalore
2017-09-27,26.4,19.2,17,Bangalore
2017-09-28,25.3,19.6,10.8,Bangalore
2017-09-29,25.8,20,1.6,Bangalore
2017-09-30,25.8,19.7,3.2,Bangalore
2017-10-01,26.5,19.5,9.7,Bangalore
2017-10-02,25.9,19.7,1.2,Bangalore
2017-10-03,26.8,19.8,0.7,Bangalore
2017-10-04,26.2,20,5.9,Bangalore
2017-10-05,27.1,19.7,7.5,Bangalore
2017-10-06,25.9,19.7,6.9,Bangalore
2017-10-07,26.8,19,7.9,Bangalore
2017-10-08,27.3,20.4,3.4,Bangalore
2017-10-09,26.7,19.7,7.9,Bangalore
2017-10-10,27.2,20.2,7.7,Bangalore
2017-10-11,27.2,19.7,21.2,Bangalore
2017-10-12,27.4,19.9,29.7,Bangalore
2017-10-13,27.3,19.2,8.9,Bangalore
2017-10-14,25.2,20.3,2.8,Bangalore
2017-10-15,24.9,20.4,8.6,Bangalore
2017-10-16,26,19.3,2.7,Bangalore
2017-10-17,25.4,19.4,0.2,Bangalore
2017-10-18,26.4,18.3,0.5,Bangalore
2017-10-19,28,16.8,0,Bangalore
2017-10-20,26.6,16.9,0,Bangalore
2017-10-21,26.5,18.7,0.7,Bangalore
2017-10-22,27.7,18.4,0,Bangalore
2017-10-23,27.3,16.7,0,Bangalore
2017-10-24,28.1,15.9,0,Bangalore
2017-10-25,27.5,19.1,0.7,Bangalore
2017-10-26,27.1,20,0.7,Bangalore
2017-10-27,27,18.9,1.4,Bangalore
2017-10-28,27.2,18.6,0,Bangalore
2017-10-29,26.9,18.2,0,Bangalore
2017-10-30,26,17.9,1.4,Bangalore
2017-10-31,24.7,18.6,0.4,Bangalore
2017-11-01,23.8,18.6,2.5,Bangalore
2017-11-02,26.7,17.4,0.1,Bangalore
2017-11-03,25.4,18.6,0,Bangalore
2017-11-04,23.3,17.7,1.8,Bangalore
2017-11-05,26,18.9,3.7,Bangalore
2017-11-06,23.4,19.1,28.3,Bangalore
2017-11-07,25.3,17.9,1.8,Bangalore
2017-11-08,26.1,18,0,Bangalore
2017-11-09,26,17.2,0,Bangalore
2017-11-10,26.3,15.4,0,Bangalore
2017-11-11,26.1,17,0,Bangalore
2017-11-12,26.6,16.1,0,Bangalore
2017-11-13,26.2,18.4,0.6,Bangalore
2017-11-14,25.1,17.3,0.5,Bangalore
2017-11-15,25.5,19,3.3,Bangalore
2017-11-16,25.9,18.8,1.3,Bangalore
2017-11-17,26.4,20.2,0.8,Bangalore
2017-11-18,26.8,19.4,0.7,Bangalore
2017-11-19,26.6,19.7,0.4,Bangalore
2017-11-20,27.4,19.3,0.1,Bangalore
2017-11-21,26.8,19.5,0.3,Bangalore
2017-11-22,27.4,18.6,0,Bangalore
2017-11-23,27.7,17,0,Bangalore
2017-11-24,28.5,17.8,0,Bangalore
2017-11-25,27.3,18.3,0,Bangalore
2017-11-26,25.4,16.8,0.7,Bangalore
2017-11-27,26.5,19,0.5,Bangalore
2017-11-28,27.9,17.5,0,Bangalore
2017-11-29,27.5,16.6,0,Bangalore
2017-11-30,24,19.7,1.3,Bangalore
2017-12-01,24.5,18.8,4.7,Bangalore
2017-12-02,22.6,17.8,5.1,Bangalore
2017-12-03,24.2,17.4,0.5,Bangalore
2017-12-04,24.8,18.2,0.3,Bangalore
2017-12-05,25.3,18.1,0,Bangalore
2017-12-06,25.7,17.6,0.1,Bangalore
2017-12-07,27.6,18.4,0.1,Bangalore
2017-12-08,27.7,15,0,Bangalore
2017-12-09,27.3,15.4,0,Bangalore
2017-12-10,27.3,17,0,Bangalore
2017-12-11,28.9,16.1,0,Bangalore
2017-12-12,26.8,16.6,0,Bangalore
2017-12-13,26.8,17.9,1.2,Bangalore
2017-12-14,28.3,18.1,0,Bangalore
2017-12-15,27.2,16.7,0,Bangalore
2017-12-16,27.6,16.7,0,Bangalore
2017-12-17,25.9,15.2,0,Bangalore
2017-12-18,25.6,14.8,0,Bangalore
2017-12-19,25.5,14.7,0,Bangalore
2017-12-20,27.3,16.2,0,Bangalore
2017-12-21,27.4,14.1,0,Bangalore
2017-12-22,26.5,16.4,0,Bangalore
2017-12-23,26.3,15.4,0,Bangalore
2017-12-24,26.4,14.5,0,Bangalore
2017-12-25,27.6,14.6,0,Bangalore
2017-12-26,27.5,15.2,0,Bangalore
2017-12-27,26.9,14.5,0,Bangalore
2017-12-28,25.6,14.9,0,Bangalore
2017-12-29,24.8,12.5,0,Bangalore
2017-12-30,26,15.7,0,Bangalore
2017-12-31,26.4,15.5,0,Bangalore
2018-01-01,27.2,14.5,0,Bangalore
2018-01-02,27.7,16.5,0,Bangalore
2018-01-03,26.3,17.3,0,Bangalore
2018-01-04,27.2,16.8,0,Bangalore
2018-01-05,26.4,14.5,0,Bangalore
2018-01-06,25.7,13.5,0,Bangalore
2018-01-07,25.9,13.7,0,Bangalore
2018-01-08,26,13.7,0,Bangalore
2018-01-09,26.5,14.9,0,Bangalore
2018-01-10,26.2,17.8,0.1,Bangalore
2018-01-11,28.4,17.2,0.1,Bangalore
2018-01-12,28.2,18.2,0,Bangalore
2018-01-13,29.5,17.1,0,Bangalore
2018-01-14,29.1,15.3,0,Bangalore
2018-01-15,29.1,15.6,0,Bangalore
2018-01-16,28.6,16.1,0,Bangalore
2018-01-17,27.6,15.9,0,Bangalore
2018-01-18,27.4,14.7,0,Bangalore
2018-01-19,27.1,13.3,0,Bangalore
2018-01-20,26.7,13.2,0,Bangalore
2018-01-21,26.9,12.9,0,Bangalore
2018-01-22,26.9,13.2,0,Bangalore
2018-01-23,27.8,15.6,0,Bangalore
2018-01-24,28.4,15.8,0,Bangalore
2018-01-25,27.7,15.9,0,Bangalore
2018-01-26,27.4,15.7,0,Bangalore
2018-01-27,27.4,15.4,0,Bangalore
2018-01-28,27.4,14.6,0,Bangalore
2018-01-29,27.8,15.3,0,Bangalore
2018-01-30,27.7,14.9,0,Bangalore
2018-01-31,27.8,13.9,0,Bangalore
2018-02-01,28.5,14,0,Bangalore
2018-02-02,28.5,14.6,0,Bangalore
2018-02-03,27.1,14.5,0,Bangalore
2018-02-04,27.4,12.9,0,Bangalore
2018-02-05,28.1,12,0,Bangalore
2018-02-06,29.4,15.7,0,Bangalore
2018-02-07,28.7,19.1,1.2,Bangalore
2018-02-08,28.1,18.8,1.1,Bangalore
2018-02-09,29,18.5,5.2,Bangalore
2018-02-10,27.2,18.3,3,Bangalore
2018-02-11,28.4,17.5,0,Bangalore
2018-02-12,27.9,17.4,0,Bangalore
2018-02-13,28.6,16.7,0,Bangalore
2018-02-14,28.4,17.2,0,Bangalore
2018-02-15,28.5,16.9,0,Bangalore
2018-02-16,29.3,16.2,0,Bangalore
2018-02-17,29.5,15.2,0,Bangalore
2018-02-18,30.1,16.4,0,Bangalore
2018-02-19,30,15.3,0,Bangalore
2018-02-20,30.2,15.8,0,Bangalore
2018-02-21,30,17,0,Bangalore
2018-02-22,30.3,17,0,Bangalore
2018-02-23,29.6,17,0,Bangalore
2018-02-24,29.3,14.1,0,Bangalore
2018-02-25,30.1,16.6,0,Bangalore
2018-02-26,30.5,16,0,Bangalore
2018-02-27,31,17.2,0,Bangalore
2018-02-28,31.4,15.3,0,Bangalore
2018-03-01,31.1,16.4,0,Bangalore
2018-03-02,31.5,17.3,0,Bangalore
2018-03-03,32.2,17.8,0,Bangalore
2018-03-04,32.5,16.1,0,Bangalore
2018-03-05,32.6,17,0,Bangalore
2018-03-06,32.6,16.2,0,Bangalore
2018-03-07,31.8,14.6,0,Bangalore
2018-03-08,31.9,16.4,0,Bangalore
2018-03-09,32.1,17,0,Bangalore
2018-03-10,31.9,17.2,0,Bangalore
2018-03-11,32.6,18.3,0,Bangalore
2018-03-12,31.7,17.6,0,Bangalore
2018-03-13,31.3,18.7,0,Bangalore
2018-03-14,30.7,21.1,0,Bangalore
2018-03-15,31.7,20.7,4.3,Bangalore
2018-03-16,30.3,20.8,15.3,Bangalore
2018-03-17,27.9,19.4,14.8,Bangalore
2018-03-18,26.8,19.3,6.5,Bangalore
2018-03-19,30.5,18.8,0,Bangalore
2018-03-20,31.6,17.5,0,Bangalore
2018-03-21,30.9,18.9,0,Bangalore
2018-03-22,31,19.7,0,Bangalore
2018-03-23,31.8,20.3,0,Bangalore
2018-03-24,32.1,22,0.2,Bangalore
2018-03-25,33.5,20.9,0,Bangalore
2018-03-26,34,19.2,0,Bangalore
2018-03-27,33.9,19.5,0,Bangalore
2018-03-28,32.9,21,0,Bangalore
2018-03-29,33,21.1,0.1,Bangalore
2018-03-30,31.1,21.7,6,Bangalore
2018-03-31,30.2,20.8,8.6,Bangalore
2018-04-01,31,20.7,0.3,Bangalore
2018-04-02,31.6,20.9,2.5,Bangalore
2018-04-03,31.2,20.7,0.3,Bangalore
2018-04-04,31.5,19.9,0,Bangalore
2018-04-05,31.9,19.5,0,Bangalore
2018-04-06,32.5,19.8,0,Bangalore
2018-04-07,32.6,20.2,0,Bangalore
2018-04-08,32.6,19.2,0,Bangalore
2018-04-09,31.7,20,0,Bangalore
2018-04-10,32.3,19.3,0,Bangalore
2018-04-11,32.3,20.8,0,Bangalore
2018-04-12,32.5,21.1,0.2,Bangalore
2018-04-13,31.9,20.9,0,Bangalore
2018-04-14,33.7,21.7,0.1,Bangalore
2018-04-15,33.1,22.2,0,Bangalore
2018-04-16,32.8,22.4,6.4,Bangalore
2018-04-17,33.7,21.9,0,Bangalore
2018-04-18,33.9,21.9,0.7,Bangalore
2018-04-19,34.6,22.7,0.4,Bangalore
2018-04-20,33.5,22.9,3.5,Bangalore
2018-04-21,33.7,23.4,0.6,Bangalore
2018-04-22,31.9,22.4,2.5,Bangalore
2018-04-23,33.7,21.2,0,Bangalore
2018-04-24,33.3,22.7,4.9,Bangalore
2018-04-25,33.1,21.2,2.1,Bangalore
2018-04-26,32.6,22.6,2.8,Bangalore
2018-04-27,33.9,21.7,0,Bangalore
2018-04-28,33.5,20.8,0,Bangalore
2018-04-29,33,20.7,0,Bangalore
2018-04-30,33.8,22.3,2.1,Bangalore
2018-05-01,33.3,23,0,Bangalore
2018-05-02,33.8,23.4,0.2,Bangalore
2018-05-03,32.6,21.7,4.7,Bangalore
2018-05-04,30.5,20.6,0,Bangalore
2018-05-05,31.4,21.4,0.5,Bangalore
2018-05-06,32.8,21.2,0,Bangalore
2018-05-07,32.2,21.7,0.3,Bangalore
2018-05-08,31.5,21.6,1.8,Bangalore
2018-05-09,30.3,20.8,7,Bangalore
2018-05-10,31.6,21.8,6,Bangalore
2018-05-11,31.1,21.2,11.7,Bangalore
2018-05-12,30,20.5,1.3,Bangalore
2018-05-13,31.6,20.5,1.2,Bangalore
2018-05-14,29.9,20.9,14,Bangalore
2018-05-15,29.7,21.2,1.7,Bangalore
2018-05-16,30.9,21.3,0.1,Bangalore
2018-05-17,31.4,21,0,Bangalore
2018-05-18,29.8,21.2,9,Bangalore
2018-05-19,31.3,20.5,1.2,Bangalore
2018-05-20,31.4,20.4,3.4,Bangalore
2018-05-21,30.8,20.1,12.5,Bangalore
2018-05-22,29.8,20.7,5.9,Bangalore
2018-05-23,30.1,20.2,13.2,Bangalore
2018-05-24,29.5,20.4,1.2,Bangalore
2018-05-25,29.6,20.3,23.7,Bangalore
2018-05-26,27.8,20.2,13,Bangalore
2018-05-27,29.9,20.7,4.1,Bangalore
2018-05-28,29.4,21.2,14.6,Bangalore
2018-05-29,29.2,20.9,2.4,Bangalore
2018-05-30,29.1,21.5,8.5,Bangalore
2018-05-31,30,20.8,2.9,Bangalore
2018-06-01,29.3,21.1,12.1,Bangalore
2018-06-02,27.3,20.8,14.1,Bangalore
2018-06-03,26.8,20.9,18.7,Bangalore
2018-06-04,28.3,20.9,0.4,Bangalore
2018-06-05,27,20.5,5.3,Bangalore
2018-06-06,28.2,20.5,4.9,Bangalore
2018-06-07,27.5,20.3,4.7,Bangalore
2018-06-08,25.7,20.8,1.7,Bangalore
2018-06-09,26.5,20.7,11.9,Bangalore
2018-06-10,26,20.9,7.8,Bangalore
2018-06-11,26.9,21.3,1.7,Bangalore
2018-06-12,27.5,21.4,2,Bangalore
2018-06-13,27.4,21.3,1.9,Bangalore
2018-06-14,27.3,20.6,5,Bangalore
2018-06-15,27.7,19.9,1.8,Bangalore
2018-06-16,27.7,19.9,2.6,Bangalore
2018-06-17,27.9,19.9,0.1,Bangalore
2018-06-18,27.4,19.2,2.7,Bangalore
2018-06-19,28,19.4,0.9,Bangalore
2018-06-20,27.4,20.2,1.2,Bangalore
2018-06-21,25.5,20.1,7.9,Bangalore
2018-06-22,27.4,19.4,0.9,Bangalore
2018-06-23,26.5,19.9,1.9,Bangalore
2018-06-24,27.1,19.5,2.8,Bangalore
2018-06-25,26.5,19.9,5.5,Bangalore
2018-06-26,25.8,19.8,0.7,Bangalore
2018-06-27,26.6,19.6,5.3,Bangalore
2018-06-28,24.2,19.7,7.6,Bangalore
2018-06-29,25.4,19.5,3.3,Bangalore
2018-06-30,27,19.6,6.8,Bangalore
2018-07-01,27,19.2,0.6,Bangalore
2018-07-02,27.3,19.4,5.1,Bangalore
2018-07-03,26.8,19.7,0.5,Bangalore
2018-07-04,27,19,0.3,Bangalore
2018-07-05,28,18.7,0.5,Bangalore
2018-07-06,26.6,19.3,4.4,Bangalore
2018-07-07,22.2,19.7,33.7,Bangalore
2018-07-08,24,19.7,4.2,Bangalore
2018-07-09,26,19.7,6.5,Bangalore
2018-07-10,25.7,19.8,5.4,Bangalore
2018-07-11,25.2,19.6,5,Bangalore
2018-07-12,26.7,19.1,4.1,Bangalore
2018-07-13,24.2,20.3,5.4,Bangalore
2018-07-14,25.6,20,3.1,Bangalore
2018-07-15,26.1,20.5,0.7,Bangalore
2018-07-16,26.4,20.8,2.1,Bangalore
2018-07-17,26.9,20.5,1.4,Bangalore
2018-07-18,26.8,20.4,4.5,Bangalore
2018-07-19,27.1,20.4,2.4,Bangalore
2018-07-20,25.8,20.2,1.3,Bangalore
2018-07-21,26.5,20.3,1.6,Bangalore
2018-07-22,27,20,0.7,Bangalore
2018-07-23,26.4,19.8,4.2,Bangalore
2018-07-24,26.5,19.7,11,Bangalore
2018-07-25,27.3,19.3,1.3,Bangalore
2018-07-26,27.7,20.2,0.9,Bangalore
2018-07-27,27.2,19.4,6,Bangalore
2018-07-28,26.3,19.8,6,Bangalore
2018-07-29,27.6,19.9,1.6,Bangalore
2018-07-30,27.9,19.2,1.4,Bangalore
2018-07-31,25.8,19.7,1.8,Bangalore
2018-08-01,26.5,19.4,2.1,Bangalore
2018-08-02,27.8,19.1,0.7,Bangalore
2018-08-03,26.8,19.3,0.5,Bangalore
2018-08-04,26.4,18.6,1.5,Bangalore
2018-08-05,27.7,19.3,1,Bangalore
2018-08-06,26.6,18.9,1.3,Bangalore
2018-08-07,26.3,19.6,5.4,Bangalore
2018-08-08,25.9,19.8,3.1,Bangalore
2018-08-09,27.3,19.2,1.2,Bangalore
2018-08-10,26.5,19.2,4.9,Bangalore
2018-08-11,23.3,19.3,5.7,Bangalore
2018-08-12,23.1,19.5,12,Bangalore
2018-08-13,25.1,18.9,10.4,Bangalore
2018-08-14,25.7,19.1,30.4,Bangalore
2018-08-15,24.1,19.9,8.5,Bangalore
2018-08-16,24.5,19.5,3.2,Bangalore
2018-08-17,26.6,20.5,1.2,Bangalore
2018-08-18,26.8,19.5,1.4,Bangalore
2018-08-19,25.6,20.1,3.1,Bangalore
2018-08-20,26.6,19.7,1.4,Bangalore
2018-08-21,26.7,19.4,0.1,Bangalore
2018-08-22,27.1,18.9,0.5,Bangalore
2018-08-23,27.7,19.1,2.1,Bangalore
2018-08-24,26.4,19.2,2.1,Bangalore
2018-08-25,26.2,18.6,0.2,Bangalore
2018-08-26,26.2,18.8,6.6,Bangalore
2018-08-27,26.2,18.1,9.8,Bangalore
2018-08-28,27.2,18.5,2.5,Bangalore
2018-08-29,27.1,18.6,3.4,Bangalore
2018-08-30,26.1,18.6,0.5,Bangalore
2018-08-31,26.9,19.1,13.2,Bangalore
2018-09-01,26.5,18.8,0.2,Bangalore
2018-09-02,27.2,18.9,0.9,Bangalore
2018-09-03,27.1,18,0,Bangalore
2018-09-04,27.6,17.4,0,Bangalore
2018-09-05,26.8,18.4,0.1,Bangalore
2018-09-06,28,18.3,0.4,Bangalore
2018-09-07,27.5,18.1,1,Bangalore
2018-09-08,27.4,17.7,0.9,Bangalore
2018-09-09,27.6,18.2,1.3,Bangalore
2018-09-10,27.7,18.9,3.8,Bangalore
2018-09-11,27.7,19.3,14,Bangalore
2018-09-12,28.3,19,7.1,Bangalore
2018-09-13,27.6,20.3,1.7,Bangalore
2018-09-14,29.1,19.6,4.1,Bangalore
2018-09-15,28.9,19.8,5.9,Bangalore
2018-09-16,27.4,20.2,5.2,Bangalore
2018-09-17,26,19.8,1.1,Bangalore
2018-09-18,27.4,18.9,0.2,Bangalore
2018-09-19,26.6,19,0.2,Bangalore
2018-09-20,26.2,17.8,7.3,Bangalore
2018-09-21,26,18.6,6.4,Bangalore
2018-09-22,28.6,16.7,0,Bangalore
2018-09-23,28,19,13.7,Bangalore
2018-09-24,26.7,19.6,26.7,Bangalore
2018-09-25,27.5,19,18.9,Bangalore
2018-09-26,28.2,18.5,11,Bangalore
2018-09-27,28.6,19.1,2.1,Bangalore
2018-09-28,28.3,20,8.5,Bangalore
2018-09-29,28.2,19.6,4.9,Bangalore
2018-09-30,28.6,20,1.3,Bangalore
2018-10-01,28.1,20.7,0.5,Bangalore
2018-10-02,28.1,20.1,0.8,Bangalore
2018-10-03,28.4,20.6,1.5,Bangalore
2018-10-04,27,20.3,3.7,Bangalore
2018-10-05,26.7,20.4,4.6,Bangalore
2018-10-06,26,19.9,5.5,Bangalore
2018-10-07,27.5,19.4,1.3,Bangalore
2018-10-08,27.5,19.9,19.1,Bangalore
2018-10-09,27.7,18.9,0.5,Bangalore
2018-10-10,27.6,18.6,0,Bangalore
2018-10-11,29.1,17.8,0,Bangalore
2018-10-12,28.9,19.2,0,Bangalore
2018-10-13,29.1,18.3,0,Bangalore
2018-10-14,28.6,19.5,8.4,Bangalore
2018-10-15,26.8,19.7,11.7,Bangalore
2018-10-16,27.2,19.3,11.3,Bangalore
2018-10-17,26.8,19.4,10.7,Bangalore
2018-10-18,26,17.8,1.9,Bangalore
2018-10-19,26.7,19,1.4,Bangalore
2018-10-20,27.2,19.3,0,Bangalore
2018-10-21,27.2,18.1,3.6,Bangalore
2018-10-22,27.7,17.3,0,Bangalore
2018-10-23,28.2,16.1,0,Bangalore
2018-10-24,28.5,16.8,0,Bangalore
2018-10-25,28.8,16.6,0,Bangalore
2018-10-26,28.9,17.5,0,Bangalore
2018-10-27,28.7,17.3,0,Bangalore
2018-10-28,28.9,16.8,0,Bangalore
2018-10-29,28.7,16.1,0,Bangalore
2018-10-30,29.3,15.9,0,Bangalore
2018-10-31,30.7,17.7,0,Bangalore
2018-11-01,28.7,18.6,0.2,Bangalore
2018-11-02,27.9,19.6,3.7,Bangalore
2018-11-03,27.9,19.7,1.2,Bangalore
2018-11-04,27.9,18.9,0.7,Bangalore
2018-11-05,28.8,19.8,0,Bangalore
2018-11-06,28.2,19,0,Bangalore
2018-11-07,29.2,18.2,0,Bangalore
2018-11-08,29.8,15.4,0,Bangalore
2018-11-09,29.2,17.8,0,Bangalore
2018-11-10,29.7,17,0,Bangalore
2018-11-11,29.5,17.3,0,Bangalore
2018-11-12,29.7,16.5,0,Bangalore
2018-11-13,29.5,15.3,0,Bangalore
2018-11-14,29.4,14.5,0,Bangalore
2018-11-15,29,16.3,0.2,Bangalore
2018-11-16,27.4,19.6,0.9,Bangalore
2018-11-17,29.8,18.6,0,Bangalore
2018-11-18,29.2,20.3,1.9,Bangalore
2018-11-19,27.5,19.9,1,Bangalore
2018-11-20,29.3,18.9,0,Bangalore
2018-11-21,27,18.2,0.9,Bangalore
2018-11-22,23.9,19.3,7.3,Bangalore
2018-11-23,25.3,19.7,8.3,Bangalore
2018-11-24,27,18.7,0,Bangalore
2018-11-25,26.9,18.3,0,Bangalore
2018-11-26,27,16.2,0,Bangalore
2018-11-27,25.4,14.9,0,Bangalore
2018-11-28,26.2,14.2,0,Bangalore
2018-11-29,24.5,17.5,0.8,Bangalore
2018-11-30,27.3,17.6,0,Bangalore
2018-12-01,26.7,17,0,Bangalore
2018-12-02,26.8,15.2,0,Bangalore
2018-12-03,27.3,17,0,Bangalore
2018-12-04,27.5,17.8,0.2,Bangalore
2018-12-05,28.6,19.2,0.8,Bangalore
2018-12-06,28.1,19.4,1,Bangalore
2018-12-07,28.1,18.1,0,Bangalore
2018-12-08,28.7,18,0,Bangalore
2018-12-09,28.7,17.4,0,Bangalore
2018-12-10,29.2,18.1,0,Bangalore
2018-12-11,28.1,16.2,0.1,Bangalore
2018-12-12,29,19.1,0,Bangalore
2018-12-13,27.8,18.3,0.2,Bangalore
2018-12-14,28.5,17.3,0,Bangalore
2018-12-15,27.2,16.7,0,Bangalore
2018-12-16,24.7,15.9,0,Bangalore
2018-12-17,28.3,14.8,0,Bangalore
2018-12-18,27.6,14.9,0,Bangalore
2018-12-19,27.4,14.6,0,Bangalore
2018-12-20,27.9,16.1,0,Bangalore
2018-12-21,26.3,16.5,0.3,Bangalore
2018-12-22,28.3,18.1,0,Bangalore
2018-12-23,28.2,18.6,0.2,Bangalore
2018-12-24,29,17.8,0,Bangalore
2018-12-25,28.6,17.1,0,Bangalore
2018-12-26,29.4,17,0,Bangalore
2018-12-27,28.6,18.2,0.4,Bangalore
2018-12-28,25.8,18.4,1.5,Bangalore
2018-12-29,24.7,17.8,1.8,Bangalore
2018-12-30,27.2,16.1,0,Bangalore
2018-12-31,26.4,15.8,0,Bangalore
2019-01-01,26.9,12.8,0,Bangalore
2019-01-02,26.9,11.8,0,Bangalore
2019-01-03,27.8,12.1,0,Bangalore
2019-01-04,27.4,12.7,0,Bangalore
2019-01-05,27.1,12.3,0,Bangalore
2019-01-06,27.6,13.2,0,Bangalore
2019-01-07,27.5,13.5,0,Bangalore
2019-01-08,28.3,14.6,0,Bangalore
2019-01-09,28.9,13.5,0,Bangalore
2019-01-10,29,13.4,0,Bangalore
2019-01-11,28.7,14.5,0,Bangalore
2019-01-12,28.3,15.1,0,Bangalore
2019-01-13,28.8,14.2,0,Bangalore
2019-01-14,28.4,14.4,0,Bangalore
2019-01-15,28.3,13.2,0,Bangalore
2019-01-16,28.3,13.9,0,Bangalore
2019-01-17,28.3,14.1,0,Bangalore
2019-01-18,28.5,15.8,0,Bangalore
2019-01-19,28.8,13.8,0,Bangalore
2019-01-20,28.1,14.2,0,Bangalore
2019-01-21,29.1,13.3,0,Bangalore
2019-01-22,28.1,13.8,0,Bangalore
2019-01-23,28.7,15.5,0,Bangalore
2019-01-24,29.3,16.8,0,Bangalore
2019-01-25,28.7,16.1,0,Bangalore
2019-01-26,27.3,18.7,0.7,Bangalore
2019-01-27,26.9,18,3.5,Bangalore
2019-01-28,25.5,17.6,27.2,Bangalore
2019-01-29,25.7,16.9,1,Bangalore
2019-01-30,26.6,16.6,0,Bangalore
2019-01-31,26.1,15.2,0,Bangalore
2019-02-01,26.1,15.2,0,Bangalore
2019-02-02,27.9,15.3,0,Bangalore
2019-02-03,28.2,16.1,0,Bangalore
2019-02-04,29.2,16,0,Bangalore
2019-02-05,29.1,17.5,0,Bangalore
2019-02-06,29.6,17,0,Bangalore
2019-02-07,30.4,17.6,0,Bangalore
2019-02-08,30.6,18.2,0.1,Bangalore
2019-02-09,29.2,19.6,5.8,Bangalore
2019-02-10,28.5,19.2,0.7,Bangalore
2019-02-11,29.1,19.4,0,Bangalore
2019-02-12,28.3,16.7,0,Bangalore
2019-02-13,29.1,15.7,0,Bangalore
2019-02-14,30,16,0,Bangalore
2019-02-15,29.2,18.1,0.2,Bangalore
2019-02-16,31.5,19.1,0.1,Bangalore
2019-02-17,31.8,19.9,0,Bangalore
2019-02-18,31.9,18.3,0,Bangalore
2019-02-19,31.2,20.2,0,Bangalore
2019-02-20,31.7,19.9,0,Bangalore
2019-02-21,30.8,17.1,0,Bangalore
2019-02-22,31.7,16.2,0,Bangalore
2019-02-23,33,16.1,0,Bangalore
2019-02-24,33.1,16.1,0,Bangalore
2019-02-25,33.3,16.6,0,Bangalore
2019-02-26,33.3,18.8,0,Bangalore
2019-02-27,32.4,19.6,0,Bangalore
2019-02-28,32.3,19.9,0,Bangalore
2019-03-01,32.5,20,0,Bangalore
2019-03-02,31.7,20.6,0,Bangalore
2019-03-03,32.4,19.3,0,Bangalore
2019-03-04,32.6,19.3,0,Bangalore
2019-03-05,31.1,21.5,0.7,Bangalore
2019-03-06,34.2,21.1,0,Bangalore
2019-03-07,34.9,19.8,0,Bangalore
2019-03-08,34.3,18.9,0,Bangalore
2019-03-09,30.5,20.8,0.5,Bangalore
2019-03-10,33.1,21.1,0,Bangalore
2019-03-11,33.2,21.2,0,Bangalore
2019-03-12,33,19.6,0,Bangalore
2019-03-13,33,18.2,0,Bangalore
2019-03-14,32.9,19,0,Bangalore
2019-03-15,32.9,20.6,0,Bangalore
2019-03-16,32.5,18.4,0,Bangalore
2019-03-17,32.8,17,0,Bangalore
2019-03-18,33.3,17.6,0,Bangalore
2019-03-19,33.9,18.9,0,Bangalore
2019-03-20,33.3,20.3,0,Bangalore
2019-03-21,33.9,20.3,0,Bangalore
2019-03-22,33.4,20.3,0,Bangalore
2019-03-23,33.9,21.2,0,Bangalore
2019-03-24,34,22.3,0,Bangalore
2019-03-25,34.6,20.9,0,Bangalore
2019-03-26,34.1,20.2,0,Bangalore
2019-03-27,35,20.4,0,Bangalore
2019-03-28,35.6,20.6,0,Bangalore
2019-03-29,34.9,21.5,0,Bangalore
2019-03-30,34.5,21.6,0,Bangalore
2019-03-31,34.4,21.2,0,Bangalore
2019-04-01,35.2,21.2,0,Bangalore
2019-04-02,34.2,21.9,0,Bangalore
2019-04-03,33.4,22.1,0,Bangalore
2019-04-04,34.2,20.5,0,Bangalore
2019-04-05,34.7,20.8,0,Bangalore
2019-04-06,35.2,21.3,0,Bangalore
2019-04-07,35.2,22.1,0,Bangalore
2019-04-08,34.6,22.2,0,Bangalore
2019-04-09,33.5,22.5,0,Bangalore
2019-04-10,33.8,21.8,0,Bangalore
2019-04-11,34.4,22,0,Bangalore
2019-04-12,34.9,21.5,0,Bangalore
2019-04-13,34.7,22.3,0,Bangalore
2019-04-14,34.8,21.6,0,Bangalore
2019-04-15,34.6,20.5,0,Bangalore
2019-04-16,34.1,21.8,0,Bangalore
2019-04-17,34.2,22.9,0.3,Bangalore
2019-04-18,34.2,21.6,14.8,Bangalore
2019-04-19,32.6,21.3,1.1,Bangalore
2019-04-20,31.1,20.9,6.3,Bangalore
2019-04-21,32.2,20.4,2.2,Bangalore
2019-04-22,32,21.8,0.6,Bangalore
2019-04-23,32.4,20.5,0,Bangalore
2019-04-24,33.1,21.1,0,Bangalore
2019-04-25,34.8,21,0,Bangalore
2019-04-26,35.4,21.4,0,Bangalore
2019-04-27,35.7,21.9,0,Bangalore
2019-04-28,35,21.8,0,Bangalore
2019-04-29,34.1,22.6,0,Bangalore
2019-04-30,33.7,22.4,0.1,Bangalore
2019-05-01,33.1,22.4,0.6,Bangalore
2019-05-02,35.1,21.1,0,Bangalore
2019-05-03,34.3,20.5,0,Bangalore
2019-05-04,32.7,20.5,0,Bangalore
2019-05-05,33.2,21.6,0,Bangalore
2019-05-06,33.6,22,0,Bangalore
2019-05-07,32,23,0.4,Bangalore
2019-05-08,31,21.6,0.7,Bangalore
2019-05-09,32.5,21.2,0,Bangalore
2019-05-10,33.5,21.6,0,Bangalore
2019-05-11,33.6,22.8,0.5,Bangalore
2019-05-12,33.1,22.7,0.2,Bangalore
2019-05-13,31.8,22.3,1.7,Bangalore
2019-05-14,33.2,22.1,0.5,Bangalore
2019-05-15,32.7,21.8,3.4,Bangalore
2019-05-16,33.2,21.7,0.3,Bangalore
2019-05-17,32.5,23.1,0.5,Bangalore
2019-05-18,32.9,22.4,0.2,Bangalore
2019-05-19,32.8,22.3,0,Bangalore
2019-05-20,33.4,22.8,0.1,Bangalore
2019-05-21,32.9,22.8,0,Bangalore
2019-05-22,33.2,22.3,0.2,Bangalore
2019-05-23,32.9,21.9,0.5,Bangalore
2019-05-24,33.4,21.7,0.2,Bangalore
2019-05-25,32.4,21.4,3.3,Bangalore
2019-05-26,32.7,21.9,2.3,Bangalore
2019-05-27,32.7,20.9,1.4,Bangalore
2019-05-28,31.5,22.7,3.1,Bangalore
2019-05-29,33.3,22,1.5,Bangalore
2019-05-30,31.9,22,11.1,Bangalore
2019-05-31,30.8,21.1,16,Bangalore
2019-06-01,30.9,21.6,0.6,Bangalore
2019-06-02,30,22.1,13.9,Bangalore
2019-06-03,31.1,22,3.3,Bangalore
2019-06-04,30.4,21,0.2,Bangalore
2019-06-05,29.8,21.3,17.9,Bangalore
2019-06-06,31,21.2,1.4,Bangalore
2019-06-07,30.7,21.2,13.8,Bangalore
2019-06-08,29.9,21.3,5.5,Bangalore
2019-06-09,31.2,20.9,0.3,Bangalore
2019-06-10,29.2,21,4.1,Bangalore
2019-06-11,29.4,21.3,1.3,Bangalore
2019-06-12,27.3,21.7,1.5,Bangalore
2019-06-13,28.1,21,3.9,Bangalore
2019-06-14,28.2,20.6,3.4,Bangalore
2019-06-15,30.2,20.5,0,Bangalore
2019-06-16,30.5,20.4,0.5,Bangalore
2019-06-17,30.1,20.3,0,Bangalore
2019-06-18,29.7,21.2,0,Bangalore
2019-06-19,30.7,20.2,0.9,Bangalore
2019-06-20,28.1,21.5,3.9,Bangalore
2019-06-21,29.1,19.9,0.7,Bangalore
2019-06-22,28.4,21.1,5.8,Bangalore
2019-06-23,29.4,20.8,2.1,Bangalore
2019-06-24,29.8,20.6,1.6,Bangalore
2019-06-25,30.2,20.4,0.9,Bangalore
2019-06-26,27.4,21.1,1.2,Bangalore
2019-06-27,29.7,20.5,2.3,Bangalore
2019-06-28,30.7,19.7,0.1,Bangalore
2019-06-29,29.4,19.9,0.1,Bangalore
2019-06-30,30.2,20.9,1.1,Bangalore
2019-07-01,29.8,20.6,0.9,Bangalore
2019-07-02,30.8,21.5,0.8,Bangalore
2019-07-03,29.6,20.7,0.4,Bangalore
2019-07-04,30.3,21,2.7,Bangalore
2019-07-05,28.9,21.3,2.1,Bangalore
2019-07-06,29.4,20.9,1.1,Bangalore
2019-07-07,29.9,20.7,0.7,Bangalore
2019-07-08,29.8,20.3,0.4,Bangalore
2019-07-09,29.4,20.7,3,Bangalore
2019-07-10,26,20.4,4.9,Bangalore
2019-07-11,29.5,19.7,5.8,Bangalore
2019-07-12,29.3,19.6,3.5,Bangalore
2019-07-13,29.4,19.8,0.4,Bangalore
2019-07-14,28.9,19.7,2.8,Bangalore
2019-07-15,28.4,20.2,5.1,Bangalore
2019-07-16,29,19.6,1.1,Bangalore
2019-07-17,28.4,20.2,3.5,Bangalore
2019-07-18,29.4,20.3,8.3,Bangalore
2019-07-19,24.5,20.6,2.8,Bangalore
2019-07-20,27.4,19.8,4.6,Bangalore
2019-07-21,26.7,20.2,10.9,Bangalore
2019-07-22,25.9,19.9,11,Bangalore
2019-07-23,24.2,19,9.1,Bangalore
2019-07-24,27.9,19.6,5.5,Bangalore
2019-07-25,27.1,19.4,7.4,Bangalore
2019-07-26,25.3,19.9,5.4,Bangalore
2019-07-27,27.2,19.5,0.7,Bangalore
2019-07-28,26.9,19.2,1,Bangalore
2019-07-29,26.9,20.1,0.2,Bangalore
2019-07-30,27.7,19.7,0.3,Bangalore
2019-07-31,27.9,19.3,0.7,Bangalore
2019-08-01,28.1,19.1,1,Bangalore
2019-08-02,26.7,20,0.4,Bangalore
2019-08-03,28.3,20.4,0.2,Bangalore
2019-08-04,28.5,20.1,1.2,Bangalore
2019-08-05,25.1,20.5,7.8,Bangalore
2019-08-06,25,20,7,Bangalore
2019-08-07,27.7,20.2,6.5,Bangalore
2019-08-08,27,20.9,10.4,Bangalore
2019-08-09,26.9,20.5,4.5,Bangalore
2019-08-10,24,20.3,6.1,Bangalore
2019-08-11,26.8,20.1,0.6,Bangalore
2019-08-12,27.7,19.3,4,Bangalore
2019-08-13,27.8,20,5.4,Bangalore
2019-08-14,25.3,19.8,12,Bangalore
2019-08-15,27.3,20,11.7,Bangalore
2019-08-16,26.5,19.4,6.1,Bangalore
2019-08-17,24,19.5,10.2,Bangalore
2019-08-18,26.4,19.9,10.3,Bangalore
2019-08-19,28.1,19.9,14,Bangalore
2019-08-20,27.5,20,11.4,Bangalore
2019-08-21,26.9,19.9,3,Bangalore
2019-08-22,25.2,19.5,9.5,Bangalore
2019-08-23,26.4,19.6,4.8,Bangalore
2019-08-24,25.7,19.1,4.2,Bangalore
2019-08-25,26.2,19.8,0.9,Bangalore
2019-08-26,27.1,19.7,2.1,Bangalore
2019-08-27,25.8,19.7,4.7,Bangalore
2019-08-28,27,19.6,2.7,Bangalore
2019-08-29,28.2,19.8,10.9,Bangalore
2019-08-30,27.2,19.4,1.5,Bangalore
2019-08-31,26.5,19.4,3.5,Bangalore
2019-09-01,24.1,19.6,3.1,Bangalore
2019-09-02,28.3,19.8,7.8,Bangalore
2019-09-03,25.3,20,3.2,Bangalore
2019-09-04,27.3,20,6,Bangalore
2019-09-05,26.8,20.2,5.8,Bangalore
2019-09-06,26.9,20.3,2,Bangalore
2019-09-07,27.3,20.1,1.9,Bangalore
2019-09-08,26.7,20.4,2.7,Bangalore
2019-09-09,27.7,20,0.9,Bangalore
2019-09-10,28.1,19.8,2.5,Bangalore
2019-09-11,28.1,19.5,3.8,Bangalore
2019-09-12,27.9,19.7,2,Bangalore
2019-09-13,27.7,19.5,1.3,Bangalore
2019-09-14,28,19.1,9.7,Bangalore
2019-09-15,27.8,19.9,4.1,Bangalore
2019-09-16,26.9,19.8,2.1,Bangalore
2019-09-17,23.8,19.7,27.7,Bangalore
2019-09-18,28,20,3.5,Bangalore
2019-09-19,27.6,20.2,4.7,Bangalore
2019-09-20,27.1,19.9,1.1,Bangalore
2019-09-21,28.7,19.6,1.1,Bangalore
2019-09-22,25.7,20.5,8.3,Bangalore
2019-09-23,26.5,20,32.9,Bangalore
2019-09-24,26,19.8,9.6,Bangalore
2019-09-25,27.2,20.1,17.7,Bangalore
2019-09-26,25.1,19.7,3.5,Bangalore
2019-09-27,27.2,19.1,9.2,Bangalore
2019-09-28,27.8,19.3,0.6,Bangalore
2019-09-29,27.9,20.3,1,Bangalore
2019-09-30,27.8,19.9,2.5,Bangalore
2019-10-01,27.6,19.6,14.6,Bangalore
2019-10-02,28.6,19,5.3,Bangalore
2019-10-03,28.2,19.6,4.5,Bangalore
2019-10-04,28.3,19,26.2,Bangalore
2019-10-05,27.3,19.2,11.5,Bangalore
2019-10-06,27,19.2,3.5,Bangalore
2019-10-07,26.3,19.9,9.8,Bangalore
2019-10-08,27.5,18.5,8.9,Bangalore
2019-10-09,27.2,19.3,5.7,Bangalore
2019-10-10,26.6,19.2,3.7,Bangalore
2019-10-11,27.7,19.5,4.4,Bangalore
2019-10-12,27.7,19.6,4.9,Bangalore
2019-10-13,27.8,20.2,4.6,Bangalore
2019-10-14,28.7,19.1,0,Bangalore
2019-10-15,27.1,19.8,7.7,Bangalore
2019-10-16,26.2,20,6.7,Bangalore
2019-10-17,24.6,19.5,2.4,Bangalore
2019-10-18,26.9,19.3,2.4,Bangalore
2019-10-19,26.9,19.5,2.7,Bangalore
2019-10-20,26.2,20,4.2,Bangalore
2019-10-21,25.3,19.7,8.1,Bangalore
2019-10-22,23.3,19.9,7.7,Bangalore
2019-10-23,25.6,19.9,11.2,Bangalore
2019-10-24,26.1,18.7,0.3,Bangalore
2019-10-25,24.1,19.3,0.4,Bangalore
2019-10-26,26.1,17.6,7.4,Bangalore
2019-10-27,26.8,18.3,8.5,Bangalore
2019-10-28,27.1,19.1,1.8,Bangalore
2019-10-29,25.1,19.4,2,Bangalore
2019-10-30,23.5,19.5,23.9,Bangalore
2019-10-31,24.5,19.5,13.4,Bangalore
2019-11-01,26,19.1,2.5,Bangalore
2019-11-02,26.7,19.5,1.1,Bangalore
2019-11-03,27.4,19.5,0.1,Bangalore
2019-11-04,27.7,18.2,0,Bangalore
2019-11-05,27.9,17.3,0.2,Bangalore
2019-11-06,27.4,18.5,2,Bangalore
2019-11-07,27,18.9,1.4,Bangalore
2019-11-08,26.2,19.6,3.9,Bangalore
2019-11-09,27.4,19.4,7,Bangalore
2019-11-10,27.6,19.2,0.6,Bangalore
2019-11-11,27.4,19,0.2,Bangalore
2019-11-12,27.7,17.9,0,Bangalore
2019-11-13,27.3,17.8,0,Bangalore
2019-11-14,26,17.7,2,Bangalore
2019-11-15,26.9,19.6,4.1,Bangalore
2019-11-16,26.6,19.3,1.5,Bangalore
2019-11-17,27.9,19,0,Bangalore
2019-11-18,27.8,19,0.9,Bangalore
2019-11-19,28.1,19.6,0.8,Bangalore
2019-11-20,26.7,19.6,2.6,Bangalore
2019-11-21,26.9,19.4,0.7,Bangalore
2019-11-22,26.9,18.7,0,Bangalore
2019-11-23,28.1,16.5,0,Bangalore
2019-11-24,27.6,16.4,0,Bangalore
2019-11-25,28.1,17.6,0,Bangalore
2019-11-26,27.4,16.4,0.1,Bangalore
2019-11-27,26.6,19,2.1,Bangalore
2019-11-28,26,19.8,0.3,Bangalore
2019-11-29,27.7,19.7,1.3,Bangalore
2019-11-30,26.1,18.3,1.6,Bangalore
2019-12-01,22.1,19.5,23,Bangalore
2019-12-02,25,19,1.2,Bangalore
2019-12-03,23.9,18.4,0.8,Bangalore
2019-12-04,25.5,17.4,0.7,Bangalore
2019-12-05,24.5,16.4,0,Bangalore
2019-12-06,26.5,16.5,0,Bangalore
2019-12-07,24.9,14.4,1.4,Bangalore
2019-12-08,24.7,17.8,0.6,Bangalore
2019-12-09,26.1,17.1,0,Bangalore
2019-12-10,25.3,16.5,0,Bangalore
2019-12-11,26.4,16.3,0,Bangalore
2019-12-12,26.5,15.8,0,Bangalore
2019-12-13,27,16.6,0,Bangalore
2019-12-14,25.2,18.8,7,Bangalore
2019-12-15,26.6,17.7,0,Bangalore
2019-12-16,25.4,15.7,0.3,Bangalore
2019-12-17,26.6,18.4,0,Bangalore
2019-12-18,27.6,16.1,0,Bangalore
2019-12-19,26.3,16.6,0,Bangalore
2019-12-20,26.6,15.8,0,Bangalore
2019-12-21,26.6,17.6,0,Bangalore
2019-12-22,26.8,18.1,0,Bangalore
2019-12-23,27.2,17.4,0,Bangalore
2019-12-24,25.3,17.8,0.4,Bangalore
2019-12-25,25.9,19,0.1,Bangalore
2019-12-26,28.1,19.5,0,Bangalore
2019-12-27,29,17.7,0.2,Bangalore
2019-12-28,27,17.5,0,Bangalore
2019-12-29,27.4,16.8,0,Bangalore
2019-12-30,27.4,17,0.1,Bangalore
2019-12-31,26.1,17.6,0.9,Bangalore
2020-01-01,26.8,18.1,1.9,Bangalore
2020-01-02,27.2,18.7,1,Bangalore
2020-01-03,28.2,18.6,0,Bangalore
2020-01-04,28.3,19.2,0,Bangalore
2020-01-05,28,19.5,0.2,Bangalore
2020-01-06,27.3,18.8,0,Bangalore
2020-01-07,27,18.3,0,Bangalore
2020-01-08,28.1,17.5,0,Bangalore
2020-01-09,29.1,17.4,0,Bangalore
2020-01-10,28.1,16.6,0,Bangalore
2020-01-11,27.7,15.3,0,Bangalore
2020-01-12,27.2,15,0,Bangalore
2020-01-13,28.3,17.1,0,Bangalore
2020-01-14,29.1,16.6,0,Bangalore
2020-01-15,27.7,14.6,0,Bangalore
2020-01-16,27.3,15,0,Bangalore
2020-01-17,28.4,15.5,0,Bangalore
2020-01-18,27.8,17.9,0.1,Bangalore
2020-01-19,28.1,18.5,0.2,Bangalore
2020-01-20,29.8,17.6,0,Bangalore
2020-01-21,29.2,16.4,0,Bangalore
2020-01-22,29,15.7,0,Bangalore
2020-01-23,29,16.9,0,Bangalore
2020-01-24,30,16.3,0,Bangalore
2020-01-25,30,15.2,0,Bangalore
2020-01-26,30.9,14.4,0,Bangalore
2020-01-27,30.7,15.7,0,Bangalore
2020-01-28,29.9,17.6,0,Bangalore
2020-01-29,30.9,17.4,0,Bangalore
2020-01-30,31.1,17.2,0,Bangalore
2020-01-31,30.7,18.2,0,Bangalore
2020-02-01,28.7,17.6,0,Bangalore
2020-02-02,28.2,18.4,0,Bangalore
2020-02-03,29.4,16.6,0,Bangalore
2020-02-04,28.7,15.4,0,Bangalore
2020-02-05,29,18.2,0,Bangalore
2020-02-06,29.7,16.5,0,Bangalore
2020-02-07,29.2,17,0,Bangalore
2020-02-08,29.4,17.9,0,Bangalore
2020-02-09,28,17.8,0.7,Bangalore
2020-02-10,28.9,18.1,0,Bangalore
2020-02-11,28.5,16.2,0,Bangalore
2020-02-12,28.9,17.3,0,Bangalore
2020-02-13,30.4,17.6,0,Bangalore
2020-02-14,30.5,16.6,0,Bangalore
2020-02-15,31.4,16.6,0,Bangalore
2020-02-16,31.3,17.3,0,Bangalore
2020-02-17,31,15.5,0,Bangalore
2020-02-18,30.6,15.9,0,Bangalore
2020-02-19,30.7,16,0,Bangalore
2020-02-20,30.8,15.9,0,Bangalore
2020-02-21,31.1,15.5,0,Bangalore
2020-02-22,30.3,17.4,0,Bangalore
2020-02-23,30.3,17.6,0,Bangalore
2020-02-24,30.4,17.9,0,Bangalore
2020-02-25,31.9,17.6,0,Bangalore
2020-02-26,30.6,18.3,0,Bangalore
2020-02-27,30.7,19.1,0,Bangalore
2020-02-28,31,18.4,0,Bangalore
2020-02-29,31.4,18.5,0,Bangalore
2020-03-01,30.5,18.8,0,Bangalore
2020-03-02,29.6,19.1,0,Bangalore
2020-03-03,30.7,19.6,0.5,Bangalore
2020-03-04,30.6,20.1,1.1,Bangalore
2020-03-05,30,20.5,1.8,Bangalore
2020-03-06,29.7,20,2.7,Bangalore
2020-03-07,29.4,20.1,2.2,Bangalore
2020-03-08,30.5,20.2,1,Bangalore
2020-03-09,30.1,19.6,0.9,Bangalore
2020-03-10,30.6,19.5,0.5,Bangalore
2020-03-11,32.5,19.7,0,Bangalore
2020-03-12,32.6,20,0,Bangalore
2020-03-13,32.3,18.5,0,Bangalore
2020-03-14,32.5,18,0,Bangalore
2020-03-15,33.3,18.5,0,Bangalore
2020-03-16,32.6,19,0,Bangalore
2020-03-17,32.5,18.8,0,Bangalore
2020-03-18,33.8,18.4,0,Bangalore
2020-03-19,34.2,19.3,0,Bangalore
2020-03-20,32.5,21.8,0.4,Bangalore
2020-03-21,34.4,20.2,0.1,Bangalore
2020-03-22,32,20.7,0.1,Bangalore
2020-03-23,30.9,21.2,0.7,Bangalore
2020-03-24,33.6,20.5,0,Bangalore
2020-03-25,32.7,19.5,0,Bangalore
2020-03-26,33.7,19.3,0,Bangalore
2020-03-27,33.2,18.7,0,Bangalore
2020-03-28,34,17.5,0,Bangalore
2020-03-29,34.1,17.7,0,Bangalore
2020-03-30,34.6,19.8,0,Bangalore
2020-03-31,34.4,18.5,0,Bangalore
2020-04-01,34.9,20.1,0,Bangalore
2020-04-02,35.1,20.9,0,Bangalore
2020-04-03,34.5,21.8,0,Bangalore
2020-04-04,35.2,20.1,0,Bangalore
2020-04-05,34.8,20.8,0.1,Bangalore
2020-04-06,33.7,21.6,0.3,Bangalore
2020-04-07,32,22,6.1,Bangalore
2020-04-08,32,22.1,0.6,Bangalore
2020-04-09,31,21.3,3.1,Bangalore
2020-04-10,31.9,20.7,0,Bangalore
2020-04-11,33.1,20.4,0,Bangalore
2020-04-12,33.5,19.7,0,Bangalore
2020-04-13,34.6,19.1,0,Bangalore
2020-04-14,34.7,19.5,0,Bangalore
2020-04-15,34.9,18.6,0,Bangalore
2020-04-16,34.8,20.6,0,Bangalore
2020-04-17,35.1,21.6,0,Bangalore
2020-04-18,34.8,21.7,0,Bangalore
2020-04-19,34.8,21.6,0,Bangalore
2020-04-20,33.9,21.1,0,Bangalore
2020-04-21,34.8,20.1,0,Bangalore
2020-04-22,34.3,21.9,0,Bangalore
2020-04-23,35,22.3,0,Bangalore
2020-04-24,32.6,23,0,Bangalore
2020-04-25,32,22.6,6.3,Bangalore
2020-04-26,32.2,21.8,2.5,Bangalore
2020-04-27,31.5,22,0.2,Bangalore
2020-04-28,32.8,21.4,0.5,Bangalore
2020-04-29,27.1,20.5,8.1,Bangalore
2020-04-30,31.8,20.8,0.2,Bangalore
2020-05-01,32.8,20.9,0,Bangalore
2020-05-02,33.1,23.3,0.1,Bangalore
2020-05-03,33.3,22.4,0,Bangalore
2020-05-04,33.6,22.8,0,Bangalore
2020-05-05,34.1,22.4,0,Bangalore
2020-05-06,34.8,23,0.2,Bangalore
2020-05-07,34.2,22.8,0.1,Bangalore
2020-05-08,33.8,22.6,0.1,Bangalore
2020-05-09,34.7,22.4,0,Bangalore
2020-05-10,35.1,21.7,0,Bangalore
2020-05-11,33.9,22.1,0,Bangalore
2020-05-12,34.9,21.6,0,Bangalore
2020-05-13,34.3,21.5,0,Bangalore
2020-05-14,35,22.2,0,Bangalore
2020-05-15,35,22.5,0,Bangalore
2020-05-16,35.2,22.9,0.5,Bangalore
2020-05-17,34.1,23.2,5.7,Bangalore
2020-05-18,31.6,22.8,5.1,Bangalore
2020-05-19,31.6,21.8,0.3,Bangalore
2020-05-20,33.2,21.1,0,Bangalore
2020-05-21,33.7,20.8,0,Bangalore
2020-05-22,33.7,21.7,0,Bangalore
2020-05-23,36.2,22.3,0,Bangalore
2020-05-24,33.2,22.4,0,Bangalore
2020-05-25,33.7,22.3,0,Bangalore
2020-05-26,33.2,22.5,0.8,Bangalore
2020-05-27,32.4,22.7,11,Bangalore
2020-05-28,32.5,22.5,0.9,Bangalore
2020-05-29,32.8,22.4,8.5,Bangalore
2020-05-30,29.2,21.9,1.7,Bangalore
2020-05-31,30.9,21.8,0.2,Bangalore
2020-06-01,30.1,20.8,4.3,Bangalore
2020-06-02,26.6,21.1,1.6,Bangalore
2020-06-03,28.5,20.8,0.3,Bangalore
2020-06-04,28.7,20.3,3.4,Bangalore
2020-06-05,28.8,20,9.4,Bangalore
2020-06-06,28.6,20,14.5,Bangalore
2020-06-07,27.7,20.5,8.3,Bangalore
2020-06-08,29.4,20.3,0.2,Bangalore
2020-06-09,30,19.8,0,Bangalore
2020-06-10,27.8,20.8,1.2,Bangalore
2020-06-11,27.6,20.7,7.3,Bangalore
2020-06-12,26,20.2,5.1,Bangalore
2020-06-13,29.2,20.2,1.3,Bangalore
2020-06-14,28.6,20.4,3.4,Bangalore
2020-06-15,29.3,21.5,0.6,Bangalore
2020-06-16,29.1,20.7,0.7,Bangalore
2020-06-17,26.8,21,0.4,Bangalore
2020-06-18,28.2,20.6,0.1,Bangalore
2020-06-19,30,20.1,6.2,Bangalore
2020-06-20,30.3,19.9,2.4,Bangalore
2020-06-21,28,20.2,1.8,Bangalore
2020-06-22,28.9,20,8.4,Bangalore
2020-06-23,29.7,20.4,0.2,Bangalore
2020-06-24,29.2,20.7,14.9,Bangalore
2020-06-25,28.9,20.6,27.7,Bangalore
2020-06-26,27.3,20.4,14.9,Bangalore
2020-06-27,27.2,20.4,2.5,Bangalore
2020-06-28,27.7,20.5,14.4,Bangalore
2020-06-29,28,20.6,13.8,Bangalore
2020-06-30,27.8,20.2,7.8,Bangalore
2020-07-01,27.1,19.9,3.3,Bangalore
2020-07-02,25.9,20.5,6.1,Bangalore
2020-07-03,26.7,20.5,42.8,Bangalore
2020-07-04,26.5,20,6.2,Bangalore
2020-07-05,26.6,20.2,2.7,Bangalore
2020-07-06,26.6,20.2,5.3,Bangalore
2020-07-07,27.3,19.7,2.2,Bangalore
2020-07-08,26.7,19.5,10.3,Bangalore
2020-07-09,26,19.5,13.4,Bangalore
2020-07-10,24.8,19.1,10.2,Bangalore
2020-07-11,27.3,19.5,1.3,Bangalore
2020-07-12,27.1,20.2,3.4,Bangalore
2020-07-13,26.8,19.5,11.5,Bangalore
2020-07-14,26.9,19.7,6.8,Bangalore
2020-07-15,25.8,20.1,9.1,Bangalore
2020-07-16,25.1,19.9,10.2,Bangalore
2020-07-17,23.6,19.8,4.2,Bangalore
2020-07-18,27,19.9,12.4,Bangalore
2020-07-19,26.9,19.8,10,Bangalore
2020-07-20,27.7,19.8,12.6,Bangalore
2020-07-21,28.4,19.9,0.2,Bangalore
2020-07-22,29.2,20.7,0.4,Bangalore
2020-07-23,28.1,20.2,64.9,Bangalore
2020-07-24,26,20.4,50.2,Bangalore
2020-07-25,27.6,19.4,10.2,Bangalore
2020-07-26,26.9,19.7,2.2,Bangalore
2020-07-27,27.3,18.8,1.3,Bangalore
2020-07-28,27.8,19.6,6.9,Bangalore
2020-07-29,25.9,20.2,13.1,Bangalore
2020-07-30,26.8,20.1,4.4,Bangalore
2020-07-31,27.6,20.1,5.2,Bangalore
2020-08-01,25.4,19.8,2.7,Bangalore
2020-08-02,23.7,19.7,20.7,Bangalore
2020-08-03,25.9,20,3,Bangalore
2020-08-04,24.6,20.5,3.1,Bangalore
2020-08-05,26.3,20,4.9,Bangalore
2020-08-06,26.4,20.4,3.4,Bangalore
2020-08-07,24.6,20.8,4.6,Bangalore
2020-08-08,25.4,20.9,2.3,Bangalore
2020-08-09,24.2,20,13.6,Bangalore
2020-08-10,24.8,19.6,6.5,Bangalore
2020-08-11,25.9,20.1,3.5,Bangalore
2020-08-12,25.7,19.4,0.4,Bangalore
2020-08-13,26.7,19.6,0,Bangalore
2020-08-14,25.9,19.4,0.4,Bangalore
2020-08-15,25.3,19.3,0.2,Bangalore
2020-08-16,25.7,19.3,1.7,Bangalore
2020-08-17,27.4,19.7,7.2,Bangalore
2020-08-18,25.9,19,7.9,Bangalore
2020-08-19,26.6,18.6,3.3,Bangalore
2020-08-20,26,19.4,1,Bangalore
2020-08-21,27.4,18.9,0.8,Bangalore
2020-08-22,27.5,19.1,3.9,Bangalore
2020-08-23,27.4,19.6,2.1,Bangalore
2020-08-24,26.3,19.9,3.4,Bangalore
2020-08-25,28.1,19.8,0,Bangalore
2020-08-26,27.6,20.2,0,Bangalore
2020-08-27,27.8,19,0.1,Bangalore
2020-08-28,28.7,19.2,0,Bangalore
2020-08-29,29.6,18.7,0.3,Bangalore
2020-08-30,28.5,20,5.1,Bangalore
2020-08-31,27.4,19.9,4.7,Bangalore
2020-09-01,26.8,19.6,6.6,Bangalore
2020-09-02,26.2,19.6,19.9,Bangalore
2020-09-03,27.3,19.6,16.8,Bangalore
2020-09-04,28.3,20.1,3.1,Bangalore
2020-09-05,27.4,21,5.4,Bangalore
2020-09-06,28.1,20.9,11.1,Bangalore
2020-09-07,26.4,20.1,6.1,Bangalore
2020-09-08,27.9,20.1,12.5,Bangalore
2020-09-09,26.3,19.9,18.1,Bangalore
2020-09-10,25.5,20.1,21.8,Bangalore
2020-09-11,25.1,19.7,3.5,Bangalore
2020-09-12,23.3,19.8,13.2,Bangalore
2020-09-13,22.7,19.5,22.1,Bangalore
2020-09-14,24.1,19.2,6,Bangalore
2020-09-15,26.3,19.1,14.4,Bangalore
2020-09-16,26.4,19.1,11.6,Bangalore
2020-09-17,27.1,19.2,5.6,Bangalore
2020-09-18,25.7,19.8,10.2,Bangalore
2020-09-19,23.8,19.8,11.7,Bangalore
2020-09-20,22.4,19.7,21.9,Bangalore
2020-09-21,22.5,19.7,9.4,Bangalore
2020-09-22,26.9,19.5,0.4,Bangalore
2020-09-23,27.3,18.1,0,Bangalore
2020-09-24,27.1,18.9,0.2,Bangalore
2020-09-25,26.5,19.4,8.8,Bangalore
2020-09-26,24.6,19.8,2.4,Bangalore
2020-09-27,25.3,19.4,1.9,Bangalore
2020-09-28,26.4,18.8,3.8,Bangalore
2020-09-29,25.7,19.4,10.7,Bangalore
2020-09-30,23.6,19.5,7.2,Bangalore
2020-10-01,26.1,18.5,0.6,Bangalore
2020-10-02,27,18.8,1.8,Bangalore
2020-10-03,26.9,19.6,5,Bangalore
2020-10-04,26.3,19.4,2.3,Bangalore
2020-10-05,27,18.1,1.4,Bangalore
2020-10-06,27.8,19,0.8,Bangalore
2020-10-07,28,19.5,0.3,Bangalore
2020-10-08,28.2,18.7,0.7,Bangalore
2020-10-09,27.7,20.2,4.8,Bangalore
2020-10-10,26,19,4.6,Bangalore
2020-10-11,24.3,19.3,17.1,Bangalore
2020-10-12,24.6,19.3,9.6,Bangalore
2020-10-13,24.9,19.4,1.5,Bangalore
2020-10-14,24.9,18.4,0.5,Bangalore
2020-10-15,26.5,18.6,0,Bangalore
2020-10-16,26.6,18.9,1,Bangalore
2020-10-17,27.1,17.1,0,Bangalore
2020-10-18,26.8,19.3,0.5,Bangalore
2020-10-19,24.9,20.1,11.4,Bangalore
2020-10-20,24.8,19.7,8.4,Bangalore
2020-10-21,25.1,19.8,19.5,Bangalore
2020-10-22,24.4,19.4,15.3,Bangalore
2020-10-23,25.1,19.2,5.6,Bangalore
2020-10-24,26,16.7,12.2,Bangalore
2020-10-25,27.1,18.8,2.6,Bangalore
2020-10-26,27.7,18.7,0.6,Bangalore
2020-10-27,27.3,17.5,0,Bangalore
2020-10-28,27,17.8,0,Bangalore
2020-10-29,26.3,17.3,0.4,Bangalore
2020-10-30,27,17.2,0,Bangalore
2020-10-31,26.8,17.4,1.6,Bangalore
2020-11-01,27,18.3,0.1,Bangalore
2020-11-02,27.8,19.5,0.4,Bangalore
2020-11-03,27.5,19,0.4,Bangalore
2020-11-04,27.7,19.1,0.7,Bangalore
2020-11-05,27.7,19.4,4.8,Bangalore
2020-11-06,27.5,19.7,0,Bangalore
2020-11-07,27.2,19.6,0.8,Bangalore
2020-11-08,27.3,19.1,0.2,Bangalore
2020-11-09,26.5,17.8,0,Bangalore
2020-11-10,26.2,14.9,0,Bangalore
2020-11-11,27.2,14.8,0,Bangalore
2020-11-12,27.7,18.4,1.8,Bangalore
2020-11-13,26.6,20,2.7,Bangalore
2020-11-14,27.3,19.3,0.2,Bangalore
2020-11-15,26.4,18.1,8.2,Bangalore
2020-11-16,24.7,20,39.5,Bangalore
2020-11-17,25.7,19.4,0.6,Bangalore
2020-11-18,26,18.7,1,Bangalore
2020-11-19,26.2,18.4,0.2,Bangalore
2020-11-20,26.6,18.5,0,Bangalore
2020-11-21,26,15.3,0,Bangalore
2020-11-22,26.4,13.8,0,Bangalore
2020-11-23,26.9,15.7,0,Bangalore
2020-11-24,26.7,18.4,0.1,Bangalore
2020-11-25,24.9,17.7,1.7,Bangalore
2020-11-26,20.5,18.3,24.2,Bangalore
2020-11-27,23.4,17.2,0,Bangalore
2020-11-28,25,15.7,1.1,Bangalore
2020-11-29,25.8,18.3,0.6,Bangalore
2020-11-30,25.3,18.3,0.1,Bangalore
2020-12-01,25.1,16.2,0,Bangalore
2020-12-02,25.8,16,0,Bangalore
2020-12-03,22.8,17.4,17,Bangalore
2020-12-04,22.9,19,5.7,Bangalore
2020-12-05,24.4,19.3,3.7,Bangalore
2020-12-06,24.8,18.2,4.1,Bangalore
2020-12-07,25.6,19,5.8,Bangalore
2020-12-08,25,19.2,9.2,Bangalore
2020-12-09,25.3,18.3,3,Bangalore
2020-12-10,25,16.6,0,Bangalore
2020-12-11,25.3,15.9,0,Bangalore
2020-12-12,24.7,15.4,0,Bangalore
2020-12-13,24.9,14.7,0,Bangalore
2020-12-14,25,15,0,Bangalore
2020-12-15,25,14.2,0,Bangalore
2020-12-16,24.6,17,0.5,Bangalore
2020-12-17,24.6,18.3,1.1,Bangalore
2020-12-18,25.4,17.2,0,Bangalore
2020-12-19,25.6,17.1,0,Bangalore
2020-12-20,24.6,16.5,0,Bangalore
2020-12-21,24.1,14.4,0,Bangalore
2020-12-22,25.4,13.9,0,Bangalore
2020-12-23,26,15.4,0,Bangalore
2020-12-24,26.3,15.3,0,Bangalore
2020-12-25,26.2,15.7,0,Bangalore
2020-12-26,25.5,14.8,0,Bangalore
2020-12-27,27.2,14.8,0,Bangalore
2020-12-28,26.6,14.5,0,Bangalore
2020-12-29,27.4,14.9,0,Bangalore
2020-12-30,27.4,17.1,0.4,Bangalore
2020-12-31,24.2,17.5,2,Bangalore
2021-01-01,24.9,16.3,0,Bangalore
2021-01-02,26.2,14.3,0,Bangalore
2021-01-03,26.4,17.6,1.3,Bangalore
2021-01-04,24.5,18.3,0.2,Bangalore
2021-01-05,25.1,17.7,0.5,Bangalore
2021-01-06,25.5,19,12.1,Bangalore
2021-01-07,24.6,19.2,3.2,Bangalore
2021-01-08,25.9,19.1,8.3,Bangalore
2021-01-09,25,18.6,0.8,Bangalore
2021-01-10,25.6,18,0,Bangalore
2021-01-11,23.7,19.1,0,Bangalore
2021-01-12,26.3,17.2,0.1,Bangalore
2021-01-13,26.6,16.5,0,Bangalore
2021-01-14,26.2,15.7,0.6,Bangalore
2021-01-15,26.8,17.5,0,Bangalore
2021-01-16,27.1,17.1,0,Bangalore
2021-01-17,27,16.6,0,Bangalore
2021-01-18,26.4,13.7,0,Bangalore
2021-01-19,26.1,14.8,0,Bangalore
2021-01-20,28,15,0,Bangalore
2021-01-21,28,17.1,0,Bangalore
2021-01-22,28.1,19,0,Bangalore
2021-01-23,27.8,17.6,0,Bangalore
2021-01-24,27.6,16.6,0,Bangalore
2021-01-25,27.2,15.2,0,Bangalore
2021-01-26,28.4,14.2,0,Bangalore
2021-01-27,27.7,14.8,0,Bangalore
2021-01-28,26.7,14.7,0,Bangalore
2021-01-29,27.7,16.1,0,Bangalore
2021-01-30,27.8,17,0,Bangalore
2021-01-31,28.6,16.7,0,Bangalore
2021-02-01,28,16.1,0,Bangalore
2021-02-02,27.6,15.3,0,Bangalore
2021-02-03,27.3,16.5,0,Bangalore
2021-02-04,27.5,15,0,Bangalore
2021-02-05,28.2,14.6,0,Bangalore
2021-02-06,28.4,14,0,Bangalore
2021-02-07,27.9,14.6,0,Bangalore
2021-02-08,28,14.6,0,Bangalore
2021-02-09,27.1,14.3,0,Bangalore
2021-02-10,28.2,13.2,0,Bangalore
2021-02-11,28.1,13.8,0,Bangalore
2021-02-12,29,13,0,Bangalore
2021-02-13,28.8,13.6,0,Bangalore
2021-02-14,29.2,14.2,0,Bangalore
2021-02-15,30.2,16.2,0,Bangalore
2021-02-16,29.5,16.3,0,Bangalore
2021-02-17,29.6,17.2,0,Bangalore
2021-02-18,28.5,16.3,0.3,Bangalore
2021-02-19,28.5,16.8,2.2,Bangalore
2021-02-20,25.7,16.7,10.3,Bangalore
2021-02-21,23.2,17.1,3.9,Bangalore
2021-02-22,27.2,16.7,0.5,Bangalore
2021-02-23,29,16.7,0,Bangalore
2021-02-24,29.5,17.1,0,Bangalore
2021-02-25,30.8,16.8,0,Bangalore
2021-02-26,31.5,16.2,0,Bangalore
2021-02-27,32.1,16.9,0,Bangalore
2021-02-28,32.1,17.4,0,Bangalore
2021-03-01,31.9,16,0,Bangalore
2021-03-02,32.8,16.9,0,Bangalore
2021-03-03,31.3,17.4,0,Bangalore
2021-03-04,30.2,16.5,0,Bangalore
2021-03-05,31.3,15.3,0,Bangalore
2021-03-06,33,16.2,0,Bangalore
2021-03-07,32.6,17.1,0,Bangalore
2021-03-08,31.7,17.3,0,Bangalore
2021-03-09,31.6,17,0,Bangalore
2021-03-10,31.7,17.6,0,Bangalore
2021-03-11,31.6,19.6,0,Bangalore
2021-03-12,31.4,17.7,0,Bangalore
2021-03-13,31.2,16,0,Bangalore
2021-03-14,31.8,16.8,0,Bangalore
2021-03-15,31.9,17,0,Bangalore
2021-03-16,32.8,18.2,0,Bangalore
2021-03-17,32.5,17.3,0,Bangalore
2021-03-18,32.6,18.3,0,Bangalore
2021-03-19,32.8,18.2,0,Bangalore
2021-03-20,32.2,17.1,0,Bangalore
2021-03-21,33.1,18.8,0,Bangalore
2021-03-22,33.6,18.1,0,Bangalore
2021-03-23,33.8,18.5,0,Bangalore
2021-03-24,33.8,18.9,0,Bangalore
2021-03-25,34.2,19.6,0,Bangalore
2021-03-26,34.3,19.8,0,Bangalore
2021-03-27,34.3,19.5,0,Bangalore
2021-03-28,34.7,20.1,0,Bangalore
2021-03-29,34.3,20.3,0,Bangalore
2021-03-30,34.9,20.4,0,Bangalore
2021-03-31,35.3,22.1,0,Bangalore
2021-04-01,35.4,21.7,0,Bangalore
2021-04-02,35.2,19.9,0,Bangalore
2021-04-03,34.1,20.8,0,Bangalore
2021-04-04,33.6,21.3,0,Bangalore
2021-04-05,33.5,21.8,0,Bangalore
2021-04-06,34.9,20.4,0,Bangalore
2021-04-07,34.7,19.1,0,Bangalore
2021-04-08,34.7,20.3,0,Bangalore
2021-04-09,34.2,20,0,Bangalore
2021-04-10,33.8,19.6,0,Bangalore
2021-04-11,33.8,19.8,0,Bangalore
2021-04-12,33.6,20.9,0,Bangalore
2021-04-13,33.1,21.2,0,Bangalore
2021-04-14,30.1,21.4,4.6,Bangalore
2021-04-15,28.7,20,22.6,Bangalore
2021-04-16,30,19,0.9,Bangalore
2021-04-17,32.3,20.1,0,Bangalore
2021-04-18,33,21.2,0.2,Bangalore
2021-04-19,33.4,20.6,0,Bangalore
2021-04-20,31,21.6,7.9,Bangalore
2021-04-21,30.9,20.6,8.8,Bangalore
2021-04-22,32.1,20.5,1.1,Bangalore
2021-04-23,31,21.1,12.2,Bangalore
2021-04-24,30,20.4,17.6,Bangalore
2021-04-25,31.9,20.7,0.1,Bangalore
2021-04-26,32.6,20.9,0,Bangalore
2021-04-27,32.9,20.1,0,Bangalore
2021-04-28,32.6,20.2,0,Bangalore
2021-04-29,32,22.1,0.5,Bangalore
2021-04-30,33,21.2,0,Bangalore
2021-05-01,32.8,21.1,0,Bangalore
2021-05-02,32.6,21.2,0,Bangalore
2021-05-03,32.1,21.7,0.8,Bangalore
2021-05-04,30.2,21.4,3.3,Bangalore
2021-05-05,33.8,20.1,0,Bangalore
2021-05-06,33,21.7,0,Bangalore
2021-05-07,31.3,21.8,0.7,Bangalore
2021-05-08,33.2,21.3,0.9,Bangalore
2021-05-09,33.4,21.3,0.1,Bangalore
2021-05-10,32.2,22.1,4.9,Bangalore
2021-05-11,31.6,22,14.2,Bangalore
2021-05-12,30.9,21.4,10,Bangalore
2021-05-13,31,20.9,2.1,Bangalore
2021-05-14,31.5,20.7,2.3,Bangalore
2021-05-15,26.4,21,3.9,Bangalore
2021-05-16,25.8,20.6,8.2,Bangalore
2021-05-17,30.1,20,4.7,Bangalore
2021-05-18,30.4,20.3,0.1,Bangalore
2021-05-19,30.7,20.1,4.5,Bangalore
2021-05-20,29.2,21.1,22,Bangalore
2021-05-21,28.8,20.8,13.9,Bangalore
2021-05-22,27.7,20.2,2.4,Bangalore
2021-05-23,29.2,20.8,0.1,Bangalore
2021-05-24,30.2,20.2,0,Bangalore
2021-05-25,29.3,20.6,8.6,Bangalore
2021-05-26,28.5,20.3,0.1,Bangalore
2021-05-27,29.8,19.5,0,Bangalore
2021-05-28,30.5,18.3,0,Bangalore
2021-05-29,29.6,19.7,0.5,Bangalore
2021-05-30,31,20,0.2,Bangalore
2021-05-31,31.6,20.1,0.5,Bangalore
2021-06-01,31.4,20.5,4.8,Bangalore
2021-06-02,30.7,21.1,18,Bangalore
2021-06-03,29.2,21,20.1,Bangalore
2021-06-04,26.2,20.9,18.3,Bangalore
2021-06-05,26.8,20.7,7.3,Bangalore
2021-06-06,26.9,19.9,2.3,Bangalore
2021-06-07,28.9,19.7,0,Bangalore
2021-06-08,29.4,19.9,0,Bangalore
2021-06-09,28.2,19.1,1.7,Bangalore
2021-06-10,28.1,19.2,0.7,Bangalore
2021-06-11,28.4,19.6,0,Bangalore
2021-06-12,27.9,20.2,3.2,Bangalore
2021-06-13,25.9,20.1,2,Bangalore
2021-06-14,24,19.9,4.7,Bangalore
2021-06-15,26.2,19.8,2.9,Bangalore
2021-06-16,26.9,20.1,3.2,Bangalore
2021-06-17,27.7,20.1,0.8,Bangalore
2021-06-18,27.7,20.4,1.1,Bangalore
2021-06-19,26.8,19.9,0,Bangalore
2021-06-20,28.3,20,0.3,Bangalore
2021-06-21,28.6,19.4,0.2,Bangalore
2021-06-22,29.4,19.4,0,Bangalore
2021-06-23,29.7,19.9,0.3,Bangalore
2021-06-24,29,20.2,0.6,Bangalore
2021-06-25,30.2,19.4,0,Bangalore
2021-06-26,27.9,20,17.2,Bangalore
2021-06-27,24.8,19.4,2.6,Bangalore
2021-06-28,28.3,18.9,0.1,Bangalore
2021-06-29,29.8,19.5,0.6,Bangalore
2021-06-30,30.6,20.8,0.8,Bangalore
2021-07-01,30.3,21.2,10.9,Bangalore
2021-07-02,28.3,20.6,4.3,Bangalore
2021-07-03,29.5,19.8,7.8,Bangalore
2021-07-04,28.6,20.2,6.9,Bangalore
2021-07-05,28.7,19.8,1.6,Bangalore
2021-07-06,28.5,20,3.8,Bangalore
2021-07-07,28.1,19.8,10,Bangalore
2021-07-08,28.7,20.2,2.3,Bangalore
2021-07-09,27.5,20.1,10.9,Bangalore
2021-07-10,26.1,19.9,3.4,Bangalore
2021-07-11,26.6,19.6,3,Bangalore
2021-07-12,27.4,20,0.7,Bangalore
2021-07-13,26.1,20.3,4.5,Bangalore
2021-07-14,23.4,19.8,10.5,Bangalore
2021-07-15,23.1,19.1,17.3,Bangalore
2021-07-16,23.5,19.6,22.3,Bangalore
2021-07-17,25.9,19.9,14.4,Bangalore
2021-07-18,22.4,19.9,10.9,Bangalore
2021-07-19,26.8,19.7,1.7,Bangalore
2021-07-20,26.5,19.1,2.2,Bangalore
2021-07-21,25.1,19.9,3.4,Bangalore
2021-07-22,23.2,19.9,11.2,Bangalore
2021-07-23,25.4,19.3,8.1,Bangalore
2021-07-24,27.5,19.7,2.6,Bangalore
2021-07-25,27.6,19.9,1.9,Bangalore
2021-07-26,26.7,19.8,0,Bangalore
2021-07-27,27.3,19.1,0.5,Bangalore
2021-07-28,27.9,19.6,0.9,Bangalore
2021-07-29,26.8,19.5,1.2,Bangalore
2021-07-30,27.4,19.4,0.6,Bangalore
2021-07-31,28.2,19.1,1,Bangalore
2021-08-01,27.7,19.4,0.5,Bangalore
2021-08-02,27.5,18.7,1,Bangalore
2021-08-03,28.1,19.5,0.9,Bangalore
2021-08-04,27.5,19.7,2.1,Bangalore
2021-08-05,27.8,19.1,4.9,Bangalore
2021-08-06,27.9,19.8,2.3,Bangalore
2021-08-07,27.9,20,5.9,Bangalore
2021-08-08,28.3,19.7,4,Bangalore
2021-08-09,28.1,20,1.3,Bangalore
2021-08-10,27.7,20,3.8,Bangalore
2021-08-11,27.7,19.6,7.9,Bangalore
2021-08-12,26.5,20.1,8.8,Bangalore
2021-08-13,28,19.5,7.2,Bangalore
2021-08-14,27,19.1,1.4,Bangalore
2021-08-15,26.6,18.6,0.9,Bangalore
2021-08-16,26.5,19.4,1.5,Bangalore
2021-08-17,25.3,19.4,1.3,Bangalore
2021-08-18,27.4,19.5,3.3,Bangalore
2021-08-19,26.2,19.9,0.2,Bangalore
2021-08-20,28.2,18.9,0.4,Bangalore
2021-08-21,26.7,19.8,1.3,Bangalore
2021-08-22,27.2,19.2,20.7,Bangalore
2021-08-23,26.8,19,11.8,Bangalore
2021-08-24,27.7,18.8,2.8,Bangalore
2021-08-25,27.3,19.8,9.7,Bangalore
2021-08-26,27.8,19.8,8,Bangalore
2021-08-27,26.7,20.4,30.8,Bangalore
2021-08-28,24.6,20.1,7.4,Bangalore
2021-08-29,25.1,19.8,32.8,Bangalore
2021-08-30,26.4,19.4,0.7,Bangalore
2021-08-31,27.9,19.1,0,Bangalore
2021-09-01,27.5,19.3,1.4,Bangalore
2021-09-02,27.3,19.6,14.6,Bangalore
2021-09-03,25.3,19.8,12.7,Bangalore
2021-09-04,24.7,19.5,16.3,Bangalore
2021-09-05,25.5,19.3,13.7,Bangalore
2021-09-06,24.4,19.7,2.6,Bangalore
2021-09-07,25.5,19,2.1,Bangalore
2021-09-08,27.3,19.7,2,Bangalore
2021-09-09,27.4,19,1,Bangalore
2021-09-10,27.3,18.7,0.3,Bangalore
2021-09-11,27.1,19.3,1,Bangalore
2021-09-12,25.5,19.7,4.8,Bangalore
2021-09-13,27.2,19.8,1.7,Bangalore
2021-09-14,28,20.3,1,Bangalore
2021-09-15,28.1,19.2,1.6,Bangalore
2021-09-16,27.7,19.3,0.6,Bangalore
2021-09-17,28.5,19.4,0.1,Bangalore
2021-09-18,28.3,19.1,0,Bangalore
2021-09-19,28.9,20.4,4.1,Bangalore
2021-09-20,27.9,20.1,1.4,Bangalore
2021-09-21,28.3,20,1,Bangalore
2021-09-22,27.9,19.6,1.7,Bangalore
2021-09-23,28.5,19.9,1.9,Bangalore
2021-09-24,28.1,19.8,5.7,Bangalore
2021-09-25,27.5,19.6,7.5,Bangalore
2021-09-26,27.6,19.5,3.7,Bangalore
2021-09-27,26.7,19.5,5.9,Bangalore
2021-09-28,26.9,19,0.5,Bangalore
2021-09-29,27.4,18.7,0.4,Bangalore
2021-09-30,26.4,19,5.7,Bangalore
2021-10-01,27.7,19.5,12.3,Bangalore
2021-10-02,27.9,20.2,12.4,Bangalore
2021-10-03,28.2,20.5,2,Bangalore
2021-10-04,28.3,19.7,1.8,Bangalore
2021-10-05,28.2,19.8,5.3,Bangalore
2021-10-06,23.8,20.1,55.6,Bangalore
2021-10-07,27.5,19.4,5.5,Bangalore
2021-10-08,26.4,20.1,9.7,Bangalore
2021-10-09,25.5,19.8,9.9,Bangalore
2021-10-10,26.9,19.5,7.4,Bangalore
2021-10-11,26,19.5,17.7,Bangalore
2021-10-12,24.5,19.8,30.1,Bangalore
2021-10-13,25.5,19.5,10.9,Bangalore
2021-10-14,26.9,19,18.6,Bangalore
2021-10-15,27.2,19.1,13.9,Bangalore
2021-10-16,27.6,19.9,11.2,Bangalore
2021-10-17,27.3,19.7,5.5,Bangalore
2021-10-18,26.8,19.9,5.8,Bangalore
2021-10-19,26.7,19.6,0.7,Bangalore
2021-10-20,28.1,20.4,11.9,Bangalore
2021-10-21,28.1,19.2,7,Bangalore
2021-10-22,27.7,18,3,Bangalore
2021-10-23,27.4,18.7,9.5,Bangalore
2021-10-24,26.4,17.8,13.1,Bangalore
2021-10-25,26.8,18,0.9,Bangalore
2021-10-26,26.3,17.8,0.5,Bangalore
2021-10-27,26.8,18.1,0,Bangalore
2021-10-28,26.8,17.2,0,Bangalore
2021-10-29,25.9,18.6,7.1,Bangalore
2021-10-30,27.3,19.2,2.6,Bangalore
2021-10-31,27.2,19.2,4.6,Bangalore
2021-11-01,23.8,18.7,4.9,Bangalore
2021-11-02,25.5,19.3,0.5,Bangalore
2021-11-03,25.5,19.2,7.8,Bangalore
2021-11-04,26.6,19.4,2.8,Bangalore
2021-11-05,25.7,18.4,11,Bangalore
2021-11-06,26.3,18.8,0.5,Bangalore
2021-11-07,24,18.8,1,Bangalore
2021-11-08,24.3,19,3.6,Bangalore
2021-11-09,23.7,17.8,0,Bangalore
2021-11-10,22.3,17.1,1.9,Bangalore
2021-11-11,19.1,17.1,20.4,Bangalore
2021-11-12,23.5,17.5,5.7,Bangalore
2021-11-13,25.5,19.2,18.9,Bangalore
2021-11-14,25.6,18.9,11.9,Bangalore
2021-11-15,26.2,18.9,17.8,Bangalore
2021-11-16,25.6,19.6,25.4,Bangalore
2021-11-17,26.5,19.2,13.3,Bangalore
2021-11-18,21.1,19.4,69.6,Bangalore
2021-11-19,22.4,19.1,31.4,Bangalore
2021-11-20,24.8,19.6,7.5,Bangalore
2021-11-21,26.6,19.4,17.9,Bangalore
2021-11-22,26.3,18.4,8.8,Bangalore
2021-11-23,26.9,19.1,1,Bangalore
2021-11-24,26.5,18.6,0.4,Bangalore
2021-11-25,26.1,18.6,0,Bangalore
2021-11-26,25.4,17.9,0,Bangalore
2021-11-27,21.6,18.5,5.1,Bangalore
2021-11-28,23.8,19.4,4.4,Bangalore
2021-11-29,24,19.3,1.4,Bangalore
2021-11-30,24.9,19.2,1.4,Bangalore
2021-12-01,25.4,18.5,1,Bangalore
2021-12-02,25.8,19.2,3.9,Bangalore
2021-12-03,26.3,18.4,1.8,Bangalore
2021-12-04,25,18.2,4.2,Bangalore
2021-12-05,26.6,17.8,1.2,Bangalore
2021-12-06,25.7,18.1,0.7,Bangalore
2021-12-07,26.5,17.8,0.1,Bangalore
2021-12-08,26.8,17.2,0,Bangalore
2021-12-09,26.6,19,0.5,Bangalore
2021-12-10,26,17.7,0,Bangalore
2021-12-11,25.3,18.7,2.3,Bangalore
2021-12-12,25.1,17.1,0.4,Bangalore
2021-12-13,25,18.2,1.2,Bangalore
2021-12-14,24.9,18.2,0.8,Bangalore
2021-12-15,25.3,17.4,0,Bangalore
2021-12-16,25.6,17.3,0,Bangalore
2021-12-17,25.7,16.9,0,Bangalore
2021-12-18,25.3,15.7,0,Bangalore
2021-12-19,24.1,14,0,Bangalore
2021-12-20,24.4,13.2,0,Bangalore
2021-12-21,24.9,14.3,0,Bangalore
2021-12-22,25.5,13.8,0,Bangalore
2021-12-23,26.2,14.3,0,Bangalore
2021-12-24,26.6,13.5,0,Bangalore
2021-12-25,27.6,13,0,Bangalore
2021-12-26,27.7,14.5,0,Bangalore
2021-12-27,26,15.3,0,Bangalore
2021-12-28,26,15.4,0,Bangalore
2021-12-29,26.1,16.8,0,Bangalore
2021-12-30,26,15.2,0.6,Bangalore
2021-12-31,26.1,18,2.4,Bangalore
2022-01-01,25.8,18.1,2.3,Bangalore
2022-01-02,27,16.1,0,Bangalore
2022-01-03,26.9,15.6,0,Bangalore
2022-01-04,26.4,16.3,0,Bangalore
2022-01-05,26.4,14.8,0,Bangalore
2022-01-06,26.9,16.1,0,Bangalore
2022-01-07,26.3,17.2,0.1,Bangalore
2022-01-08,26.9,17.7,0,Bangalore
2022-01-09,27,17.1,0,Bangalore
2022-01-10,27,17,0.2,Bangalore
2022-01-11,27.9,16.2,0.1,Bangalore
2022-01-12,27.1,18.1,0.2,Bangalore
2022-01-13,27.3,17,0,Bangalore
2022-01-14,27.3,17.5,0,Bangalore
2022-01-15,28.2,16.1,0,Bangalore
2022-01-16,27,18.1,0.5,Bangalore
2022-01-17,26.8,17.3,0.2,Bangalore
2022-01-18,27.2,16,0,Bangalore
2022-01-19,27.1,15.7,0,Bangalore
2022-01-20,28.2,13.7,0,Bangalore
2022-01-21,30.1,15.2,0,Bangalore
2022-01-22,29.1,14.4,0,Bangalore
2022-01-23,28.5,14.4,0,Bangalore
2022-01-24,27.5,13.7,0,Bangalore
2022-01-25,27.6,14.2,0,Bangalore
2022-01-26,27.4,16.8,0,Bangalore
2022-01-27,25.2,17.4,2.3,Bangalore
2022-01-28,26.6,17,0,Bangalore
2022-01-29,27.8,15.9,0,Bangalore
2022-01-30,28.1,17.1,0.2,Bangalore
2022-01-31,29.6,17.9,0,Bangalore
2022-02-01,29.4,18.2,0,Bangalore
2022-02-02,29.8,16.7,0,Bangalore
2022-02-03,29,16.7,0,Bangalore
2022-02-04,29.4,15.5,0,Bangalore
2022-02-05,29.6,16.1,0,Bangalore
2022-02-06,28.2,17.6,0,Bangalore
2022-02-07,29,18.4,0,Bangalore
2022-02-08,28.8,16.2,0,Bangalore
2022-02-09,28.5,15.4,0,Bangalore
2022-02-10,28.8,15.9,0,Bangalore
2022-02-11,29.1,15.9,0,Bangalore
2022-02-12,28.8,16.3,0,Bangalore
2022-02-13,28.5,16.1,0,Bangalore
2022-02-14,28.3,15.8,0,Bangalore
2022-02-15,28.7,17,0,Bangalore
2022-02-16,29.4,16,0,Bangalore
2022-02-17,29.5,16.4,0,Bangalore
2022-02-18,29.4,15.2,0,Bangalore
2022-02-19,29.6,15.9,0,Bangalore
2022-02-20,30.7,16,0,Bangalore
2022-02-21,31.4,16.9,0,Bangalore
2022-02-22,31.4,18.6,0,Bangalore
2022-02-23,29.8,17,0,Bangalore
2022-02-24,29,15.9,0,Bangalore
2022-02-25,30.7,14.6,0,Bangalore
2022-02-26,29.7,15.7,0,Bangalore
2022-02-27,29.9,17.3,0,Bangalore
2022-02-28,29.3,15.9,0,Bangalore
2022-03-01,30,17,0,Bangalore
2022-03-02,30.2,17.2,0,Bangalore
2022-03-03,30.5,16.4,0,Bangalore
2022-03-04,31.2,16,0,Bangalore
2022-03-05,30.9,15.8,0,Bangalore
2022-03-06,30.6,17.2,0,Bangalore
2022-03-07,27.7,17.6,3.4,Bangalore
2022-03-08,30.1,17.3,0.1,Bangalore
2022-03-09,31.7,17.6,0,Bangalore
2022-03-10,32.5,18.7,0,Bangalore
2022-03-11,32.3,18.1,0,Bangalore
2022-03-12,32.2,17.9,0,Bangalore
2022-03-13,31.8,18.5,0,Bangalore
2022-03-14,32.8,18.8,0,Bangalore
2022-03-15,33.1,17.8,0,Bangalore
2022-03-16,33.2,17.4,0,Bangalore
2022-03-17,33.7,18.3,0,Bangalore
2022-03-18,34.2,19.2,0,Bangalore
2022-03-19,32.3,19.1,0,Bangalore
2022-03-20,29.9,22,0,Bangalore
2022-03-21,32.9,19.8,0.2,Bangalore
2022-03-22,31.1,20.9,0,Bangalore
2022-03-23,32.9,20.9,0,Bangalore
2022-03-24,32.6,20.5,0.4,Bangalore
2022-03-25,32.2,20.3,0,Bangalore
2022-03-26,33.1,20.1,0,Bangalore
2022-03-27,34.2,20.8,0,Bangalore
2022-03-28,34.3,20.7,0,Bangalore
2022-03-29,33.9,21.2,0.1,Bangalore
2022-03-30,33.8,21.4,0.2,Bangalore
2022-03-31,32.2,21.6,0,Bangalore
2022-04-01,33.5,21.6,0,Bangalore
2022-04-02,32.7,20.2,0,Bangalore
2022-04-03,33.6,19.8,0,Bangalore
2022-04-04,32.9,19.6,0,Bangalore
2022-04-05,33.1,19.5,0,Bangalore
2022-04-06,33.8,18.8,0,Bangalore
2022-04-07,35.3,20,0,Bangalore
2022-04-08,33.1,19.4,0.1,Bangalore
2022-04-09,33.7,20.5,0,Bangalore
2022-04-10,34,20.3,0,Bangalore
2022-04-11,33.9,20.4,0,Bangalore
2022-04-12,33.3,20.9,0,Bangalore
2022-04-13,31.5,21.7,2.5,Bangalore
2022-04-14,32.1,20.9,12.8,Bangalore
2022-04-15,33.6,20.3,5.3,Bangalore
2022-04-16,33.8,20.2,4.2,Bangalore
2022-04-17,32.9,19.3,10.5,Bangalore
2022-04-18,31.7,19.1,0.2,Bangalore
2022-04-19,33.1,19.5,0,Bangalore
2022-04-20,34.3,20.5,0,Bangalore
2022-04-21,33.7,20.8,0,Bangalore
2022-04-22,33.3,20,0,Bangalore
2022-04-23,32.9,20.5,0,Bangalore
2022-04-24,33.1,20.2,0,Bangalore
2022-04-25,34.7,20.8,0,Bangalore
2022-04-26,34.7,21.5,0,Bangalore
2022-04-27,35.3,21.2,0,Bangalore
2022-04-28,34.8,21.8,0,Bangalore
2022-04-29,37.1,21.7,0,Bangalore
2022-04-30,34.6,21.7,0,Bangalore
2022-05-01,34.2,21.6,0,Bangalore
2022-05-02,34.2,21.6,0,Bangalore
2022-05-03,34,20.6,1.6,Bangalore
2022-05-04,33.2,21.3,0.7,Bangalore
2022-05-05,31.3,20.2,0.6,Bangalore
2022-05-06,31,20.3,10.7,Bangalore
2022-05-07,31.4,20.1,0.6,Bangalore
2022-05-08,33,19.7,0.1,Bangalore
2022-05-09,31.5,19.8,0.1,Bangalore
2022-05-10,27.1,21.4,4.9,Bangalore
2022-05-11,25.5,20.7,0.4,Bangalore
2022-05-12,24.7,20.3,20.6,Bangalore
2022-05-13,27.2,20.2,18.1,Bangalore
2022-05-14,28.8,20.2,14.6,Bangalore
2022-05-15,29.1,20.7,17.3,Bangalore
2022-05-16,27.6,20.9,25.1,Bangalore
2022-05-17,28,20.6,18,Bangalore
2022-05-18,27.3,20.5,13.4,Bangalore
2022-05-19,24.6,19.2,0.9,Bangalore
2022-05-20,26.1,18.4,4.9,Bangalore
2022-05-21,26.9,19.2,0.5,Bangalore
2022-05-22,27.7,19.8,0.6,Bangalore
2022-05-23,29.4,19.6,0.3,Bangalore
2022-05-24,29.5,20.1,0.4,Bangalore
2022-05-25,29.5,20.5,0.5,Bangalore
2022-05-26,29.4,19.9,3.6,Bangalore
2022-05-27,29.3,19.8,0.1,Bangalore
2022-05-28,29.5,19.2,0.3,Bangalore
2022-05-29,29.7,19.4,0,Bangalore
2022-05-30,29.8,19.5,6.2,Bangalore
2022-05-31,29.3,19.2,2.1,Bangalore
2022-06-01,29.1,19.4,4.8,Bangalore
2022-06-02,29.5,19.4,0.5,Bangalore
2022-06-03,29.7,19.7,8.7,Bangalore
2022-06-04,31.4,19.8,9.4,Bangalore
2022-06-05,30.2,20.2,15.1,Bangalore
2022-06-06,29.1,19.9,7.4,Bangalore
2022-06-07,27.3,19.8,1.3,Bangalore
2022-06-08,29.3,19.8,0.4,Bangalore
2022-06-09,29.5,20,0.7,Bangalore
2022-06-10,29,19.3,1.8,Bangalore
2022-06-11,28.4,19.3,1.6,Bangalore
2022-06-12,28.3,19.3,11,Bangalore
2022-06-13,28.8,19.2,0.1,Bangalore
2022-06-14,29.2,19.4,11.8,Bangalore
2022-06-15,27.6,20.5,0.5,Bangalore
2022-06-16,28.6,19.9,10.2,Bangalore
2022-06-17,28.1,19.5,7.7,Bangalore
2022-06-18,26.6,19.5,24.1,Bangalore
2022-06-19,27.6,19.9,3,Bangalore
2022-06-20,28,19.2,1.7,Bangalore
2022-06-21,27,19.8,7.1,Bangalore
2022-06-22,26.2,19.8,0.9,Bangalore
2022-06-23,26.7,19.6,0.9,Bangalore
2022-06-24,27.4,19.4,1.2,Bangalore
2022-06-25,27.9,19.6,10.2,Bangalore
2022-06-26,27.1,20.2,1,Bangalore
2022-06-27,27.8,19.6,0.5,Bangalore
2022-06-28,27.4,19.5,1,Bangalore
2022-06-29,27.7,19.8,3,Bangalore
2022-06-30,27.6,19.5,13.3,Bangalore
2022-07-01,27.2,19.6,6.3,Bangalore
2022-07-02,28.2,19.6,3.4,Bangalore
2022-07-03,28,19.9,4.9,Bangalore
2022-07-04,25.2,20.3,1.7,Bangalore
2022-07-05,24,19.8,10.3,Bangalore
2022-07-06,24.9,19.7,3.6,Bangalore
2022-07-07,24.1,19.8,15.2,Bangalore
2022-07-08,26.1,19.5,1.4,Bangalore
2022-07-09,23.7,19.5,11.4,Bangalore
2022-07-10,25,19.5,4.1,Bangalore
2022-07-11,24.1,19.3,5,Bangalore
2022-07-12,26.1,18.9,0.9,Bangalore
2022-07-13,26.2,19.7,3.3,Bangalore
2022-07-14,26.2,19.6,5.3,Bangalore
2022-07-15,27,19.7,1.7,Bangalore
2022-07-16,27.1,19.6,7.2,Bangalore
2022-07-17,27.7,19.7,5,Bangalore
2022-07-18,26.8,20,5,Bangalore
2022-07-19,27.4,18.9,1.8,Bangalore
2022-07-20,28.6,19.7,18.6,Bangalore
2022-07-21,27.9,19.9,10,Bangalore
2022-07-22,26.8,19.9,12.9,Bangalore
2022-07-23,26.9,19.2,1.6,Bangalore
2022-07-24,26.3,18.7,1.7,Bangalore
2022-07-25,27.4,18.6,0.3,Bangalore
2022-07-26,26.8,19.1,2.5,Bangalore
2022-07-27,28.4,18.3,5.6,Bangalore
2022-07-28,28,19.1,4.9,Bangalore
2022-07-29,28.9,18.7,5,Bangalore
2022-07-30,28.2,18.8,12.7,Bangalore
2022-07-31,28.2,19.3,9.9,Bangalore
2022-08-01,27.8,19.8,39.6,Bangalore
2022-08-02,27.6,19.6,25,Bangalore
2022-08-03,26.8,19.2,17.7,Bangalore
2022-08-04,25,19.6,17.6,Bangalore
2022-08-05,23.1,19.6,24.2,Bangalore
2022-08-06,25,19.6,5.2,Bangalore
2022-08-07,24,19.9,5.2,Bangalore
2022-08-08,25.9,19.8,3.7,Bangalore
2022-08-09,26.4,19.9,0.9,Bangalore
2022-08-10,26.4,19.3,2.5,Bangalore
2022-08-11,27.1,19.3,1.7,Bangalore
2022-08-12,26.7,20,1,Bangalore
2022-08-13,27.4,19.2,0.5,Bangalore
2022-08-14,26.2,18.7,0,Bangalore
2022-08-15,27.6,18.3,0,Bangalore
2022-08-16,27.7,18.5,0.3,Bangalore
2022-08-17,28,18.6,0.2,Bangalore
2022-08-18,28.3,19.2,0.9,Bangalore
2022-08-19,27.5,19.8,0.3,Bangalore
2022-08-20,27.1,19,0.3,Bangalore
2022-08-21,25.9,19.2,3.6,Bangalore
2022-08-22,27.2,19.4,4.4,Bangalore
2022-08-23,27.4,19.2,3.2,Bangalore
2022-08-24,25.8,19.1,8,Bangalore
2022-08-25,26.7,19.1,9.3,Bangalore
2022-08-26,26.1,19.1,20.2,Bangalore
2022-08-27,27.4,19.4,16.7,Bangalore
2022-08-28,26.9,19.3,4.2,Bangalore
2022-08-29,27.1,19.2,17.3,Bangalore
2022-08-30,28,19.2,9.3,Bangalore
2022-08-31,27.4,19.4,5.2,Bangalore
2022-09-01,27,19.5,12.5,Bangalore
2022-09-02,27.6,19.1,1.4,Bangalore
2022-09-03,27.9,19,1.6,Bangalore
2022-09-04,28.4,19,11.8,Bangalore
2022-09-05,28.7,19.2,5.8,Bangalore
2022-09-06,27.5,18.2,12.7,Bangalore
2022-09-07,26.2,19.7,8.1,Bangalore
2022-09-08,23.4,19.6,7.3,Bangalore
2022-09-09,26.2,19.4,3,Bangalore
2022-09-10,26.7,19.8,8.9,Bangalore
2022-09-11,26.9,19.4,2.6,Bangalore
2022-09-12,27,19.5,0.8,Bangalore
2022-09-13,27,18.6,1.2,Bangalore
2022-09-14,27,19.3,1.2,Bangalore
2022-09-15,26.3,18.6,0.8,Bangalore
2022-09-16,27.4,18.3,0.1,Bangalore
2022-09-17,27.2,18.6,0.4,Bangalore
2022-09-18,27.1,18.4,0.4,Bangalore
2022-09-19,27.4,18.8,0.4,Bangalore
2022-09-20,27.3,17.4,0.1,Bangalore
2022-09-21,27,17.8,0.9,Bangalore
2022-09-22,27.4,18.2,0,Bangalore
2022-09-23,27.1,17.5,0.4,Bangalore
2022-09-24,27.9,18.1,1.6,Bangalore
2022-09-25,27.8,18.2,0.6,Bangalore
2022-09-26,26.3,19.3,3,Bangalore
2022-09-27,27.6,19.8,1.2,Bangalore
2022-09-28,27.9,19.9,0.3,Bangalore
2022-09-29,27.8,18.7,0,Bangalore
2022-09-30,24.9,18.6,8.1,Bangalore
2022-10-01,22.9,19.4,6,Bangalore
2022-10-02,26.9,19.4,0.9,Bangalore
2022-10-03,26.8,18.5,0.7,Bangalore
2022-10-04,26.7,18.4,0.2,Bangalore
2022-10-05,27.2,18.9,1.2,Bangalore
2022-10-06,25.6,19.1,5.5,Bangalore
2022-10-07,26.8,17.7,1.1,Bangalore
2022-10-08,27,16.4,0.1,Bangalore
2022-10-09,26.1,18.7,15.9,Bangalore
2022-10-10,26.8,19.2,9.7,Bangalore
2022-10-11,25.9,19.6,6.5,Bangalore
2022-10-12,26,18.7,23.6,Bangalore
2022-10-13,26.3,18.6,21.9,Bangalore
2022-10-14,26.4,18.9,8.2,Bangalore
2022-10-15,27.4,18.7,7.8,Bangalore
2022-10-16,26.5,18.8,17.1,Bangalore
2022-10-17,27.3,19.4,2.7,Bangalore
2022-10-18,26.4,18.9,2.9,Bangalore
2022-10-19,27.1,18.1,6.5,Bangalore
2022-10-20,26.8,18.1,10.7,Bangalore
2022-10-21,27,18.1,2.7,Bangalore
2022-10-22,26.8,17.4,0,Bangalore
2022-10-23,25.7,16,0,Bangalore
2022-10-24,25,14.9,0,Bangalore
2022-10-25,25,13.7,0,Bangalore
2022-10-26,25.6,14.5,0,Bangalore
2022-10-27,27.1,15.3,0,Bangalore
2022-10-28,25.9,17.2,0.3,Bangalore
2022-10-29,25.9,18.1,1,Bangalore
2022-10-30,25.9,18.4,1.5,Bangalore
2022-10-31,26.4,17.6,0,Bangalore
2022-11-01,24.5,17.1,14,Bangalore
2022-11-02,23.6,17.5,9.9,Bangalore
2022-11-03,25.2,18.6,0.3,Bangalore
2022-11-04,26.7,18.8,1.3,Bangalore
2022-11-05,26.8,19,0.5,Bangalore
2022-11-06,26.1,17.7,0.4,Bangalore
2022-11-07,26.2,17.1,0,Bangalore
2022-11-08,27.1,17.1,0,Bangalore
2022-11-09,26.9,16.2,0,Bangalore
2022-11-10,27.1,16.5,0.3,Bangalore
2022-11-11,21.8,17.9,20.5,Bangalore
2022-11-12,23.1,18.6,3,Bangalore
2022-11-13,24.5,18.6,2,Bangalore
2022-11-14,26.5,18.3,1.5,Bangalore
2022-11-15,25.8,18.2,1.5,Bangalore
2022-11-16,26.7,18,0,Bangalore
2022-11-17,25.9,14.8,0,Bangalore
2022-11-18,25.7,13.3,0,Bangalore
2022-11-19,25.3,13,0,Bangalore
2022-11-20,24.6,12.9,0,Bangalore
2022-11-21,24.9,13.8,0.1,Bangalore
2022-11-22,24.7,16.6,1.8,Bangalore
2022-11-23,24.1,18.4,8.3,Bangalore
2022-11-24,26.3,19.2,3.7,Bangalore
2022-11-25,26.6,18.2,0.4,Bangalore
2022-11-26,27.3,18,0,Bangalore
2022-11-27,26.7,18.5,0.8,Bangalore
2022-11-28,27.3,18.7,0.9,Bangalore
2022-11-29,27.2,18.1,0.1,Bangalore
2022-11-30,26,15.8,0,Bangalore
2022-12-01,26.3,16.6,0.7,Bangalore
2022-12-02,26.9,18.9,0,Bangalore
2022-12-03,27.3,18.4,0.3,Bangalore
2022-12-04,27.7,19.2,0,Bangalore
2022-12-05,27.2,17.1,0,Bangalore
2022-12-06,27.1,17.8,0,Bangalore
2022-12-07,27,16.4,0,Bangalore
2022-12-08,25.6,15.9,0.2,Bangalore
2022-12-09,20.4,15.8,3.4,Bangalore
2022-12-10,18.5,16.6,32.5,Bangalore
2022-12-11,21.8,17.8,4.5,Bangalore
2022-12-12,23.8,18.4,4,Bangalore
2022-12-13,24.5,18.9,7,Bangalore
2022-12-14,25,17.7,0.1,Bangalore
2022-12-15,25.6,15.7,0,Bangalore
2022-12-16,25.9,15.2,0,Bangalore
2022-12-17,26.1,15.2,0,Bangalore
2022-12-18,26,16.5,0,Bangalore
2022-12-19,24.6,16.6,0.1,Bangalore
2022-12-20,26.3,14.8,0,Bangalore
2022-12-21,25.7,14.8,0,Bangalore
2022-12-22,25.7,14.3,0,Bangalore
2022-12-23,26.4,13.3,0,Bangalore
2022-12-24,26.7,12.9,0,Bangalore
2022-12-25,25.5,16.1,1.5,Bangalore
2022-12-26,26.4,19,0.8,Bangalore
2022-12-27,26.6,18.7,1.4,Bangalore
2022-12-28,26.9,18.5,0,Bangalore
2022-12-29,27.4,16.5,0,Bangalore
2022-12-30,27.1,15.8,0,Bangalore
2022-12-31,27.1,14.8,0,Bangalore
2023-01-01,27.4,14.9,0,Bangalore
2023-01-02,26.7,15.5,0,Bangalore
2023-01-03,26.4,14.9,0,Bangalore
2023-01-04,26.3,16,0,Bangalore
2023-01-05,25.1,15.7,0.1,Bangalore
2023-01-06,26.8,14.9,0,Bangalore
2023-01-07,26.5,15.3,0,Bangalore
2023-01-08,26.6,15.8,0,Bangalore
2023-01-09,26.1,14.4,0,Bangalore
2023-01-10,26.6,12.6,0,Bangalore
2023-01-11,27.2,11.9,0,Bangalore
2023-01-12,28.2,12.7,0,Bangalore
2023-01-13,28.4,12.2,0,Bangalore
2023-01-14,29,13.3,0,Bangalore
2023-01-15,28.4,11.9,0,Bangalore
2023-01-16,28.9,12.4,0,Bangalore
2023-01-17,28.5,14,0,Bangalore
2023-01-18,27.4,13.5,0,Bangalore
2023-01-19,27.1,13.6,0,Bangalore
2023-01-20,26.5,13.5,0,Bangalore
2023-01-21,26.5,16.6,0,Bangalore
2023-01-22,26.7,14.7,0,Bangalore
2023-01-23,27.4,14.8,0,Bangalore
2023-01-24,27.8,17.8,0,Bangalore
2023-01-25,27.8,16,0,Bangalore
2023-01-26,27.7,15,0,Bangalore
2023-01-27,28.2,15.2,0,Bangalore
2023-01-28,27.8,13.8,0,Bangalore
2023-01-29,27.7,13.5,0,Bangalore
2023-01-30,27.1,17,2.3,Bangalore
2023-01-31,29,17.5,0,Bangalore
2023-02-01,28.4,15.7,0,Bangalore
2023-02-02,29,17.2,0,Bangalore
2023-02-03,26.5,16.4,0,Bangalore
2023-02-04,29.1,17,0,Bangalore
2023-02-05,30,16.5,0,Bangalore
2023-02-06,29.3,15.8,0,Bangalore
2023-02-07,29.7,15.9,0,Bangalore
2023-02-08,30.9,16.9,0,Bangalore
2023-02-09,30.2,16.9,0,Bangalore
2023-02-10,30.1,16.2,0,Bangalore
2023-02-11,30.2,14.8,0,Bangalore
2023-02-12,30.9,16,0,Bangalore
2023-02-13,30.5,16.4,0,Bangalore
2023-02-14,30.5,15.6,0,Bangalore
2023-02-15,30.6,14.7,0,Bangalore
2023-02-16,30.5,15.6,0,Bangalore
2023-02-17,30.3,15.4,0,Bangalore
2023-02-18,30.2,14.7,0,Bangalore
2023-02-19,29.8,15.3,0,Bangalore
2023-02-20,29.9,16.4,0,Bangalore
2023-02-21,31,16.8,0,Bangalore
2023-02-22,31.1,16.6,0,Bangalore
2023-02-23,30.9,15.1,0,Bangalore
2023-02-24,31.4,14.1,0,Bangalore
2023-02-25,31.6,15.4,0,Bangalore
2023-02-26,30.5,16.4,0,Bangalore
2023-02-27,29.8,13.9,0,Bangalore
2023-02-28,30.7,14.2,0,Bangalore
2023-03-01,30,18.1,0,Bangalore
2023-03-02,30,15.1,0,Bangalore
2023-03-03,30.9,14.9,0,Bangalore
2023-03-04,30.9,16.1,0,Bangalore
2023-03-05,31.3,17.1,0,Bangalore
2023-03-06,31.2,16.8,0,Bangalore
2023-03-07,30.9,16,0,Bangalore
2023-03-08,30.8,16.2,0,Bangalore
2023-03-09,30.4,16,0,Bangalore
2023-03-10,30.4,16.4,0,Bangalore
2023-03-11,31.3,15.6,0,Bangalore
2023-03-12,31.2,15.3,0,Bangalore
2023-03-13,31.7,17.5,0,Bangalore
2023-03-14,32.7,17.9,0,Bangalore
2023-03-15,32.5,18.2,0,Bangalore
2023-03-16,30.6,20,1.2,Bangalore
2023-03-17,29.4,19.2,3.9,Bangalore
2023-03-18,30,18.9,12.4,Bangalore
2023-03-19,30.4,17.6,6.7,Bangalore
2023-03-20,31.4,17,0,Bangalore
2023-03-21,31.3,18,0,Bangalore
2023-03-22,31.6,18.1,0,Bangalore
2023-03-23,33.6,19.2,0,Bangalore
2023-03-24,33,19.9,0,Bangalore
2023-03-25,30.8,19.6,1.3,Bangalore
2023-03-26,30.9,20.7,0.4,Bangalore
2023-03-27,35.5,20.1,0,Bangalore
2023-03-28,34.7,20.4,0,Bangalore
2023-03-29,32.3,21.2,5.7,Bangalore
2023-03-30,32.1,20.9,0.6,Bangalore
2023-03-31,31.4,19.7,0.2,Bangalore
2023-04-01,29.7,21.4,1.5,Bangalore
2023-04-02,33.7,20.1,0,Bangalore
2023-04-03,32.9,19.7,0,Bangalore
2023-04-04,31.1,20.8,0.6,Bangalore
2023-04-05,32.4,19,0,Bangalore
2023-04-06,31.2,20.6,0.2,Bangalore
2023-04-07,32.1,20.3,0,Bangalore
2023-04-08,32.1,19.4,0,Bangalore
2023-04-09,32.4,18.2,0,Bangalore
2023-04-10,32.9,19.4,0,Bangalore
2023-04-11,33.6,18.7,0,Bangalore
2023-04-12,34.6,18.5,0,Bangalore
2023-04-13,35.1,18.8,0,Bangalore
2023-04-14,35.2,20,0,Bangalore
2023-04-15,34,19.6,0,Bangalore
2023-04-16,34.2,19.5,0,Bangalore
2023-04-17,34.6,19.5,0,Bangalore
2023-04-18,34.9,20.5,0,Bangalore
2023-04-19,35.5,21,0,Bangalore
2023-04-20,34.9,20.6,0,Bangalore
2023-04-21,33.8,21.3,0,Bangalore
2023-04-22,33.3,21,0,Bangalore
2023-04-23,33.3,21.3,0,Bangalore
2023-04-24,33.8,21.5,0.1,Bangalore
2023-04-25,32.1,22,2.1,Bangalore
2023-04-26,33.1,21,0.8,Bangalore
2023-04-27,33.6,21,0.1,Bangalore
2023-04-28,32.7,21.2,0.3,Bangalore
2023-04-29,31.7,20.8,4.5,Bangalore
2023-04-30,31.8,20.2,17.8,Bangalore
2023-05-01,29.5,19.4,3.8,Bangalore
2023-05-02,29.5,20.5,2.5,Bangalore
2023-05-03,26.9,19.7,5.2,Bangalore
2023-05-04,28.6,19.8,1,Bangalore
2023-05-05,27.7,19.9,0.7,Bangalore
2023-05-06,29.7,20.4,8.7,Bangalore
2023-05-07,26.1,20,4.1,Bangalore
2023-05-08,29.3,21,19.8,Bangalore
2023-05-09,31,19.1,9.6,Bangalore
2023-05-10,32,19.4,0,Bangalore
2023-05-11,32.6,20.3,6.7,Bangalore
2023-05-12,31.7,20.9,0.2,Bangalore
2023-05-13,30.8,21.5,2.1,Bangalore
2023-05-14,32.4,20.4,0,Bangalore
2023-05-15,32.9,21.1,0,Bangalore
2023-05-16,32.9,19.7,0,Bangalore
2023-05-17,32.6,21.9,0,Bangalore
2023-05-18,34.1,21.5,0.1,Bangalore
2023-05-19,34.2,21.6,0,Bangalore
2023-05-20,33.3,21.1,0.1,Bangalore
2023-05-21,31.5,21.7,7.3,Bangalore
2023-05-22,31.5,20.3,1.6,Bangalore
2023-05-23,32.3,19.8,1,Bangalore
2023-05-24,31.7,21,6.6,Bangalore
2023-05-25,31.3,20.8,1.4,Bangalore
2023-05-26,31.2,20.7,0,Bangalore
2023-05-27,31.3,20.4,0.5,Bangalore
2023-05-28,32.3,21,0,Bangalore
2023-05-29,32.6,21.4,1.8,Bangalore
2023-05-30,30,21.4,36.6,Bangalore
2023-05-31,30.6,21.2,20.3,Bangalore
2023-06-01,30.9,20.7,3.1,Bangalore
2023-06-02,30.2,20.8,0,Bangalore
2023-06-03,31.5,20.9,0.4,Bangalore
2023-06-04,30,21.2,0,Bangalore
2023-06-05,30.7,20.9,0.1,Bangalore
2023-06-06,31.2,21.2,0.3,Bangalore
2023-06-07,31.5,21.2,0,Bangalore
2023-06-08,31.6,20.5,0,Bangalore
2023-06-09,31.3,20.2,5.5,Bangalore
2023-06-10,30.8,20.1,0.7,Bangalore
2023-06-11,30.8,20.5,0.2,Bangalore
2023-06-12,30.4,20.3,13,Bangalore
2023-06-13,30.8,20,1.8,Bangalore
2023-06-14,30.6,19.9,1.1,Bangalore
2023-06-15,31.6,19.9,0,Bangalore
2023-06-16,32,20.8,0,Bangalore
2023-06-17,31.3,19.9,0.2,Bangalore
2023-06-18,30.8,21.1,1,Bangalore
2023-06-19,28.3,20.5,2.4,Bangalore
2023-06-20,26.2,21.4,18.5,Bangalore
2023-06-21,29.3,20.3,13.6,Bangalore
2023-06-22,29,20.7,3.7,Bangalore
2023-06-23,28.9,20.3,0.5,Bangalore
2023-06-24,28.1,20.3,3.6,Bangalore
2023-06-25,29,19.3,0.9,Bangalore
2023-06-26,28.7,20.2,0.2,Bangalore
2023-06-27,28.7,19.4,2.3,Bangalore
2023-06-28,28.8,19.8,2.4,Bangalore
2023-06-29,28.7,19.5,9.1,Bangalore
2023-06-30,29.8,20,1.7,Bangalore
2023-07-01,29.3,19.8,0.7,Bangalore
2023-07-02,28.8,20.5,4.7,Bangalore
2023-07-03,28.9,20.3,8.3,Bangalore
2023-07-04,26.4,19.9,14.9,Bangalore
2023-07-05,26.5,20,12.3,Bangalore
2023-07-06,25.1,19.6,15.3,Bangalore
2023-07-07,26.6,19.4,4.9,Bangalore
2023-07-08,26.9,19.9,1.8,Bangalore
2023-07-09,27.9,20.1,4.6,Bangalore
2023-07-10,26.3,19.6,4.3,Bangalore
2023-07-11,26,19.9,0.7,Bangalore
2023-07-12,27.9,19.3,1.7,Bangalore
2023-07-13,25.4,19.5,6.2,Bangalore
2023-07-14,27.4,19.8,2.4,Bangalore
2023-07-15,28,19.3,0.6,Bangalore
2023-07-16,27.6,19.6,1.3,Bangalore
2023-07-17,27.5,19.5,2.5,Bangalore
2023-07-18,27.9,20.3,0.8,Bangalore
2023-07-19,26.6,20.4,1.1,Bangalore
2023-07-20,27.2,20.3,1.6,Bangalore
2023-07-21,27.5,20.1,2.3,Bangalore
2023-07-22,25.6,20.5,8.4,Bangalore
2023-07-23,26,20.3,9.7,Bangalore
2023-07-24,25.6,19.7,12.7,Bangalore
2023-07-25,23.3,19.8,13.5,Bangalore
2023-07-26,23.2,19.3,19.3,Bangalore
2023-07-27,27.1,19.6,2.3,Bangalore
2023-07-28,28.1,18.9,1.5,Bangalore
2023-07-29,27.7,19.5,1,Bangalore
2023-07-30,27.9,18.5,0.7,Bangalore
2023-07-31,28.7,19.4,1.3,Bangalore
2023-08-01,28.2,19.7,0.4,Bangalore
2023-08-02,27.9,19.4,0,Bangalore
2023-08-03,27.9,19.6,1,Bangalore
2023-08-04,28.6,19.1,1.1,Bangalore
2023-08-05,28.6,19.3,1.2,Bangalore
2023-08-06,28.8,19.4,0.3,Bangalore
2023-08-07,29,19.5,0.9,Bangalore
2023-08-08,28.8,19.1,0.6,Bangalore
2023-08-09,29,19.2,1.1,Bangalore
2023-08-10,28.7,19.8,0.5,Bangalore
2023-08-11,28.3,20.2,0.6,Bangalore
2023-08-12,29.7,20.1,0.3,Bangalore
2023-08-13,29.3,19.6,0.1,Bangalore
2023-08-14,29.1,20.5,0.4,Bangalore
2023-08-15,29.4,19,0.5,Bangalore
2023-08-16,30.8,19.1,0,Bangalore
2023-08-17,30.6,20,0.6,Bangalore
2023-08-18,30,19.7,1.1,Bangalore
2023-08-19,28.9,19.9,7.3,Bangalore
2023-08-20,30,19.3,0.8,Bangalore
2023-08-21,30.4,19.4,0,Bangalore
2023-08-22,30.7,20.3,0.8,Bangalore
2023-08-23,30.5,20.4,0,Bangalore
2023-08-24,30.5,20,0,Bangalore
2023-08-25,30.9,19.7,0,Bangalore
2023-08-26,30.9,19.9,3.8,Bangalore
2023-08-27,30.5,20.5,0.1,Bangalore
2023-08-28,31.3,20.4,0,Bangalore
2023-08-29,31,20.8,0.7,Bangalore
2023-08-30,31.3,19.9,12.5,Bangalore
2023-08-31,28.7,19.8,8.8,Bangalore
2023-09-01,30.2,19.9,9.2,Bangalore
2023-09-02,29.1,20.2,11.8,Bangalore
2023-09-03,28.2,19.9,0,Bangalore
2023-09-04,26.8,20.2,1.2,Bangalore
2023-09-05,25.8,19.5,1.5,Bangalore
2023-09-06,28.1,20.3,1.3,Bangalore
2023-09-07,28.7,20.3,4.7,Bangalore
2023-09-08,28.1,20.2,2.1,Bangalore
2023-09-09,29,19.7,1.1,Bangalore
2023-09-10,28.6,19.4,2,Bangalore
2023-09-11,27.5,19.5,1.6,Bangalore
2023-09-12,28.8,20,2.5,Bangalore
2023-09-13,28.9,19.1,4.1,Bangalore
2023-09-14,28.7,19.1,0.6,Bangalore
2023-09-15,28.7,19.7,3.5,Bangalore
2023-09-16,28.5,20,5.8,Bangalore
2023-09-17,26.8,19.9,7.5,Bangalore
2023-09-18,28.8,19.4,4.8,Bangalore
2023-09-19,28.7,19.7,1,Bangalore
2023-09-20,28.7,19.1,0.3,Bangalore
2023-09-21,27,19.6,0.2,Bangalore
2023-09-22,28.6,19.5,6.2,Bangalore
2023-09-23,29,19.9,6.5,Bangalore
2023-09-24,27,19.9,7.5,Bangalore
2023-09-25,26.9,19.5,1.1,Bangalore
2023-09-26,28.4,19.4,1.8,Bangalore
2023-09-27,27.9,19.7,11.5,Bangalore
2023-09-28,27.1,19,9.4,Bangalore
2023-09-29,27.5,19.8,5.7,Bangalore
2023-09-30,28.1,19.4,2.7,Bangalore
2023-10-01,27.5,20.2,1.1,Bangalore
2023-10-02,28,19.8,0.3,Bangalore
2023-10-03,28.1,19.1,0.1,Bangalore
2023-10-04,28.1,19,0.4,Bangalore
2023-10-05,27.4,19.7,2.2,Bangalore
2023-10-06,29.5,20.1,1.5,Bangalore
2023-10-07,29.2,20,0.8,Bangalore
2023-10-08,29.7,20.2,14.4,Bangalore
2023-10-09,27.8,19.2,19.3,Bangalore
2023-10-10,28.6,19.4,1.9,Bangalore
2023-10-11,29.2,19.7,1,Bangalore
2023-10-12,29.9,19.8,0.3,Bangalore
2023-10-13,29.3,18.4,0,Bangalore
2023-10-14,29.2,18.4,0,Bangalore
2023-10-15,30.7,19.2,0,Bangalore
2023-10-16,29.9,20.8,0.4,Bangalore
2023-10-17,29.9,20.4,0.3,Bangalore
2023-10-18,30.3,19.1,0,Bangalore
2023-10-19,30.7,17.5,0,Bangalore
2023-10-20,31,18.8,0,Bangalore
2023-10-21,31.4,19.8,0,Bangalore
2023-10-22,31.6,19,0,Bangalore
2023-10-23,30.3,18.3,0,Bangalore
2023-10-24,29.8,16.9,0,Bangalore
2023-10-25,29.9,17.1,0,Bangalore
2023-10-26,30,16.5,0,Bangalore
2023-10-27,30.7,18.5,0,Bangalore
2023-10-28,30.8,20.2,0,Bangalore
2023-10-29,29.4,20.2,6.1,Bangalore
2023-10-30,28.7,19.4,4.1,Bangalore
2023-10-31,28.7,19.5,1.4,Bangalore
2023-11-01,29.3,18.8,1.3,Bangalore
2023-11-02,29.5,18.3,0.6,Bangalore
2023-11-03,29.9,20.6,2,Bangalore
2023-11-04,28,19.6,4.8,Bangalore
2023-11-05,27.8,19.3,22.6,Bangalore
2023-11-06,27.7,18.9,26.6,Bangalore
2023-11-07,27,18.8,9.2,Bangalore
2023-11-08,27.4,20,13.2,Bangalore
2023-11-09,27.1,19.6,6.4,Bangalore
2023-11-10,27.2,19.5,0.9,Bangalore
2023-11-11,28,16.8,0,Bangalore
2023-11-12,27.6,15.8,0,Bangalore
2023-11-13,27.1,15.9,0,Bangalore
2023-11-14,24.1,17.9,0.7,Bangalore
2023-11-15,27.4,18.2,1,Bangalore
2023-11-16,28.7,18.3,0,Bangalore
2023-11-17,29.7,18.9,0,Bangalore
2023-11-18,29.4,18.9,0,Bangalore
2023-11-19,29.2,17.2,0,Bangalore
2023-11-20,28.7,17.3,0.1,Bangalore
2023-11-21,28.4,18.9,3.5,Bangalore
2023-11-22,28.2,19.8,1.7,Bangalore
2023-11-23,27.1,19.6,5.4,Bangalore
2023-11-24,27.1,19.4,3.7,Bangalore
2023-11-25,27.4,19.4,1.5,Bangalore
2023-11-26,26.7,18.7,0.6,Bangalore
2023-11-27,26.4,19.4,1.9,Bangalore
2023-11-28,27.6,19.3,0.7,Bangalore
2023-11-29,28.2,19.7,0.5,Bangalore
2023-11-30,27.8,18.4,0.2,Bangalore
2023-12-01,28,19.2,2.9,Bangalore
2023-12-02,28.2,17.3,1.2,Bangalore
2023-12-03,26.4,19.6,2.8,Bangalore
2023-12-04,24,19.7,0,Bangalore
2023-12-05,28.5,18.4,0,Bangalore
2023-12-06,28.4,17,0,Bangalore
2023-12-07,28.8,18.4,0.1,Bangalore
2023-12-08,28.3,19.7,1.9,Bangalore
2023-12-09,27.1,19.9,1.9,Bangalore
2023-12-10,28.2,18.9,0,Bangalore
2023-12-11,27.7,18.2,0.2,Bangalore
2023-12-12,28.1,18.4,0,Bangalore
2023-12-13,26.5,16.3,0,Bangalore
2023-12-14,26.2,16.7,0,Bangalore
2023-12-15,28.3,16.4,0,Bangalore
2023-12-16,28.6,18.7,0.7,Bangalore
2023-12-17,26.5,18.2,0.2,Bangalore
2023-12-18,26.5,18.4,0,Bangalore
2023-12-19,26.9,17.8,0,Bangalore
2023-12-20,26.9,17,0,Bangalore
2023-12-21,28.5,16.9,0,Bangalore
2023-12-22,28.4,17.7,0,Bangalore
2023-12-23,28.3,16.2,0,Bangalore
2023-12-24,28.8,14,0,Bangalore
2023-12-25,28.5,17.4,0,Bangalore
2023-12-26,27.9,14.4,0,Bangalore
2023-12-27,28.1,14.9,0,Bangalore
2023-12-28,27.9,15.4,0,Bangalore
2023-12-29,27.8,16.6,0,Bangalore
2023-12-30,27.8,17.3,0,Bangalore
2023-12-31,27.9,16.7,0,Bangalore
2024-01-01,28.4,16.6,0,Bangalore
2024-01-02,27.5,18.1,0,Bangalore
2024-01-03,27.3,16.4,0,Bangalore
2024-01-04,25.4,18.1,2.7,Bangalore
2024-01-05,26.9,18.6,0.2,Bangalore
2024-01-06,28.7,19.2,1.2,Bangalore
2024-01-07,27.8,17,0,Bangalore
2024-01-08,23.5,18.4,2.4,Bangalore
2024-01-09,26.5,18.8,1,Bangalore
2024-01-10,24.9,17.1,0,Bangalore
2024-01-11,27.8,17,0,Bangalore
2024-01-12,27.3,15.5,0,Bangalore
2024-01-13,28.4,15.8,0,Bangalore
2024-01-14,28.4,16.8,0,Bangalore
2024-01-15,28.1,15.5,0,Bangalore
2024-01-16,28.2,15.6,0,Bangalore
2024-01-17,28.3,15.8,0,Bangalore
2024-01-18,28.9,16.6,0,Bangalore
2024-01-19,29.4,17.4,0,Bangalore
2024-01-20,29.1,16.5,0,Bangalore
2024-01-21,29.2,17,0,Bangalore
2024-01-22,29.2,17,0,Bangalore
2024-01-23,29.1,16.9,0,Bangalore
2024-01-24,29.7,17.3,0,Bangalore
2024-01-25,28.5,17.6,0,Bangalore
2024-01-26,28.2,16.8,0,Bangalore
2024-01-27,28.3,16.1,0,Bangalore
2024-01-28,28.4,15.9,0,Bangalore
2024-01-29,28.2,16.6,0,Bangalore
2024-01-30,29.2,15.1,0,Bangalore
2024-01-31,29.5,16.8,0,Bangalore
2024-02-01,30,18.3,0,Bangalore
2024-02-02,30.5,18.9,0,Bangalore
2024-02-03,30.4,19.3,0,Bangalore
2024-02-04,29.6,17.9,0,Bangalore
2024-02-05,30.6,16.6,0,Bangalore
2024-02-06,32.1,15.7,0,Bangalore
2024-02-07,32.5,16.7,0,Bangalore
2024-02-08,32.9,17,0,Bangalore
2024-02-09,32.2,17,0,Bangalore
2024-02-10,30.8,17,0,Bangalore
2024-02-11,30.4,17.3,0,Bangalore
2024-02-12,30.8,15.8,0,Bangalore
2024-02-13,30.6,16.4,0,Bangalore
2024-02-14,30.7,17.9,0,Bangalore
2024-02-15,30.7,16.9,0,Bangalore
2024-02-16,29.8,16.6,0,Bangalore
2024-02-17,31.3,17,0,Bangalore
2024-02-18,32.1,17.5,0,Bangalore
2024-02-19,31,17.2,0,Bangalore
2024-02-20,31.6,18.8,0,Bangalore
2024-02-21,32,19.7,0,Bangalore
2024-02-22,32.4,19.3,0,Bangalore
2024-02-23,32.7,18.4,0,Bangalore
2024-02-24,31.7,19.4,0,Bangalore
2024-02-25,32.1,20.1,0,Bangalore
2024-02-26,31.2,17.8,0,Bangalore
2024-02-27,31.1,17.9,0,Bangalore
2024-02-28,32.6,17.2,0,Bangalore
2024-02-29,32.2,16.3,0,Bangalore
2024-03-01,32.3,16.7,0,Bangalore
2024-03-02,32.5,17.5,0,Bangalore
2024-03-03,32.7,18.3,0,Bangalore
2024-03-04,34.4,18.9,0,Bangalore
2024-03-05,34.2,18.8,0,Bangalore
2024-03-06,34.5,19.9,0,Bangalore
2024-03-07,34.4,19.9,0,Bangalore
2024-03-08,33.5,20.8,0,Bangalore
2024-03-09,33.4,20.4,0,Bangalore
2024-03-10,33.2,22.2,0,Bangalore
2024-03-11,33.8,20.7,0,Bangalore
2024-03-12,34.1,20.2,0,Bangalore
2024-03-13,34.5,21.7,0,Bangalore
2024-03-14,34.1,21.7,0,Bangalore
2024-03-15,34.7,21.8,0,Bangalore
2024-03-16,35.5,22.6,0,Bangalore
2024-03-17,34.5,20.5,0,Bangalore
2024-03-18,34.8,20,0,Bangalore
2024-03-19,34.4,20.7,0,Bangalore
2024-03-20,35.2,20.1,0,Bangalore
2024-03-21,32.6,20,0,Bangalore
2024-03-22,34.1,19.9,0,Bangalore
2024-03-23,34.5,19.4,0,Bangalore
2024-03-24,35,19.6,0,Bangalore
2024-03-25,35.5,19.2,0,Bangalore
2024-03-26,35.4,19.9,0,Bangalore
2024-03-27,34.9,18.8,0,Bangalore
2024-03-28,35.2,19.8,0,Bangalore
2024-03-29,35.9,21.3,0,Bangalore
2024-03-30,35.7,20.7,0,Bangalore
2024-03-31,35.4,20.1,0,Bangalore
2024-04-01,36,20.4,0,Bangalore
2024-04-02,36.8,22.6,0,Bangalore
2024-04-03,36.6,21.7,0,Bangalore
2024-04-04,36.4,22,0,Bangalore
2024-04-05,37.5,22.2,0,Bangalore
2024-04-06,37.4,21.4,0,Bangalore
2024-04-07,37,22.3,0,Bangalore
2024-04-08,37,21.6,0,Bangalore
2024-04-09,35.3,21.4,0,Bangalore
2024-04-10,35.5,20.7,0,Bangalore
2024-04-11,35.7,20.5,0,Bangalore
2024-04-12,34.7,21.8,0.1,Bangalore
2024-04-13,34.9,21.3,0,Bangalore
2024-04-14,35.3,20.7,0,Bangalore
2024-04-15,35.9,20.7,0,Bangalore
2024-04-16,36.2,19.9,0,Bangalore
2024-04-17,37.5,22.6,0,Bangalore
2024-04-18,37.7,22.8,0,Bangalore
2024-04-19,38,24,0,Bangalore
2024-04-20,37.2,23.8,0,Bangalore
2024-04-21,37.1,22.8,0,Bangalore
2024-04-22,37.7,23,0,Bangalore
2024-04-23,37.2,22.1,0,Bangalore
2024-04-24,36.8,21.9,0,Bangalore
2024-04-25,37.5,22.6,0,Bangalore
2024-04-26,37.2,22.6,0,Bangalore
2024-04-27,37.7,21.4,0,Bangalore
2024-04-28,38.6,22.3,0,Bangalore
2024-04-29,37.9,23.9,0,Bangalore
2024-04-30,38.5,23.7,0,Bangalore
2024-05-01,39.4,23.2,0,Bangalore
2024-05-02,37.8,24.6,0.6,Bangalore
2024-05-03,37.5,24.6,0.2,Bangalore
2024-05-04,37.8,23.1,0.1,Bangalore
2024-05-05,37.6,23.2,0,Bangalore
2024-05-06,39.3,23.2,0,Bangalore
2024-05-07,35.9,23.6,0.1,Bangalore
2024-05-08,33.9,21.5,6.2,Bangalore
2024-05-09,32.7,22.5,4.5,Bangalore
2024-05-10,32.9,22.4,6,Bangalore
2024-05-11,34,21.6,0,Bangalore
2024-05-12,31.8,21.9,5.8,Bangalore
2024-05-13,32.6,20.8,4.9,Bangalore
2024-05-14,29.2,21.5,16.2,Bangalore
2024-05-15,32.2,21.1,1,Bangalore
2024-05-16,27.1,21.2,2.8,Bangalore
2024-05-17,29.3,20.9,15,Bangalore
2024-05-18,29.2,21.1,19.5,Bangalore
2024-05-19,29.2,21.4,9.1,Bangalore
2024-05-20,27.5,21.1,25.2,Bangalore
2024-05-21,29.7,21.3,10.5,Bangalore
2024-05-22,29.8,21.2,12.9,Bangalore
2024-05-23,31.5,20.4,0.7,Bangalore
2024-05-24,29.8,21.7,3.5,Bangalore
2024-05-25,29.6,22,0.5,Bangalore
2024-05-26,29.1,21.6,2.4,Bangalore
2024-05-27,30.5,20.6,0,Bangalore
2024-05-28,32.2,21.3,0,Bangalore
2024-05-29,32.1,20.4,0.2,Bangalore
2024-05-30,32.1,21.4,2.4,Bangalore
2024-05-31,32.1,21.6,1.2,Bangalore
2024-06-01,32.2,22.3,28,Bangalore
2024-06-02,30.9,22.4,10.3,Bangalore
2024-06-03,28.4,22,0.6,Bangalore
2024-06-04,29.4,21.3,7.1,Bangalore
2024-06-05,27.6,20.9,20.8,Bangalore
2024-06-06,28.1,21.4,8.4,Bangalore
2024-06-07,27.1,21.3,7.2,Bangalore
2024-06-08,28.8,20.6,1.9,Bangalore
2024-06-09,27.1,20.5,3.3,Bangalore
2024-06-10,27.5,20.6,2.2,Bangalore
2024-06-11,28.8,21.1,0.6,Bangalore
2024-06-12,27.7,20.6,6.9,Bangalore
2024-06-13,28.6,20,3.1,Bangalore
2024-06-14,28.6,20.2,0,Bangalore
2024-06-15,29.8,19.4,0,Bangalore
2024-06-16,29.2,19.6,1,Bangalore
2024-06-17,29.8,20.3,0.6,Bangalore
2024-06-18,29.2,20.3,4.4,Bangalore
2024-06-19,29.1,20.1,5.4,Bangalore
2024-06-20,28.2,20.4,0.6,Bangalore
2024-06-21,28.8,19.7,3.3,Bangalore
2024-06-22,27.9,20.1,1.9,Bangalore
2024-06-23,28.3,20.2,1.6,Bangalore
2024-06-24,29.7,20.4,4.1,Bangalore
2024-06-25,27.3,20.7,1.6,Bangalore
2024-06-26,27.9,20.7,2.2,Bangalore
2024-06-27,25.6,21,6.1,Bangalore
2024-06-28,29.1,20,0.8,Bangalore
2024-06-29,29.7,19.8,1,Bangalore
2024-06-30,28.3,20.2,1.4,Bangalore
2024-07-01,27.6,20.4,9,Bangalore
2024-07-02,29.4,20.1,0.1,Bangalore
2024-07-03,29.3,19.9,10.4,Bangalore
2024-07-04,26.8,20,3.8,Bangalore
2024-07-05,29.7,20.1,6.9,Bangalore
2024-07-06,26.5,19.9,5.9,Bangalore
2024-07-07,28.6,20,1,Bangalore
2024-07-08,27.8,20.4,5.6,Bangalore
2024-07-09,28.7,19.7,2.9,Bangalore
2024-07-10,29.3,19.4,1.5,Bangalore
2024-07-11,26.9,20.2,3.7,Bangalore
2024-07-12,29.1,19.7,17.4,Bangalore
2024-07-13,25.8,20.4,1.2,Bangalore
2024-07-14,26.5,20.5,1.5,Bangalore
2024-07-15,26.3,20.2,16.8,Bangalore
2024-07-16,24.3,20.3,16.2,Bangalore
2024-07-17,25.7,19.9,5.2,Bangalore
2024-07-18,25.9,20.4,9.3,Bangalore
2024-07-19,22.3,20.1,14.5,Bangalore
2024-07-20,25.1,19.7,2.8,Bangalore
2024-07-21,27.2,20.4,1.1,Bangalore
2024-07-22,27.6,20.5,1.4,Bangalore
2024-07-23,27.2,20.8,2.2,Bangalore
2024-07-24,27.1,20.5,1.5,Bangalore
2024-07-25,26.8,20.5,2.3,Bangalore
2024-07-26,26.8,20.9,2.2,Bangalore
2024-07-27,27.4,20.8,0.6,Bangalore
2024-07-28,27.2,20.3,0.2,Bangalore
2024-07-29,28.3,20.6,3.7,Bangalore
2024-07-30,22.8,20.2,11.7,Bangalore
2024-07-31,26.3,20,10.6,Bangalore
2024-08-01,27.8,20.2,3.4,Bangalore
2024-08-02,26.7,20.2,4.3,Bangalore
2024-08-03,27.4,19.4,7.6,Bangalore
2024-08-04,28.1,19.7,2,Bangalore
2024-08-05,27.7,19.1,1.2,Bangalore
2024-08-06,25.3,20,8.6,Bangalore
2024-08-07,24.9,20.2,5.2,Bangalore
2024-08-08,27.1,19.5,16.1,Bangalore
2024-08-09,27.9,19.7,12.4,Bangalore
2024-08-10,26.5,20.3,19.2,Bangalore
2024-08-11,27.8,20.2,3,Bangalore
2024-08-12,28.8,20.2,2.4,Bangalore
2024-08-13,28.6,20.2,12.7,Bangalore
2024-08-14,28.5,20.3,1.5,Bangalore
2024-08-15,28.7,21.7,2,Bangalore
2024-08-16,28.6,20.4,13.3,Bangalore
2024-08-17,28.8,19.5,3.7,Bangalore
2024-08-18,29,19.1,0.1,Bangalore
2024-08-19,27.9,20.7,17.4,Bangalore
2024-08-20,28.7,19.9,19.7,Bangalore
2024-08-21,27.4,20.6,1.2,Bangalore
2024-08-22,27.4,19.6,0.4,Bangalore
2024-08-23,27.3,19,0.1,Bangalore
2024-08-24,27.3,19.6,3.8,Bangalore
2024-08-25,27.1,19.8,0.9,Bangalore
2024-08-26,28.1,19.4,1.2,Bangalore
2024-08-27,26.7,19.7,1.7,Bangalore
2024-08-28,26.6,19.6,1.4,Bangalore
2024-08-29,27.1,19.3,9.4,Bangalore
2024-08-30,25.8,19.7,3.9,Bangalore
2024-08-31,23.8,19.6,4.6,Bangalore
2024-09-01,26.9,20.1,5.3,Bangalore
2024-09-02,27.4,20.4,4.1,Bangalore
2024-09-03,27.7,19.9,1.4,Bangalore
2024-09-04,27.8,19.7,0.5,Bangalore
2024-09-05,27.7,19.8,0.5,Bangalore
2024-09-06,27.1,19.8,1.6,Bangalore
2024-09-07,27.6,19.6,11.9,Bangalore
2024-09-08,25.7,20.2,2.6,Bangalore
2024-09-09,28.4,20.2,6,Bangalore
2024-09-10,28.4,19.8,1.9,Bangalore
2024-09-11,28.7,19.5,0.7,Bangalore
2024-09-12,29.1,19.4,0.7,Bangalore
2024-09-13,28.4,18.5,0,Bangalore
2024-09-14,28.4,18.7,0.9,Bangalore
2024-09-15,28.4,18.4,0.6,Bangalore
2024-09-16,28.4,17.5,0.7,Bangalore
2024-09-17,28.2,18.6,0.4,Bangalore
2024-09-18,28.4,17.9,0,Bangalore
2024-09-19,28.8,17.4,0.6,Bangalore
2024-09-20,28.8,19.6,0.1,Bangalore
2024-09-21,29.2,19.1,0.1,Bangalore
2024-09-22,29,19.5,1.4,Bangalore
2024-09-23,29.3,20,5.3,Bangalore
2024-09-24,28.5,20.5,4.4,Bangalore
2024-09-25,28.7,20.3,2.5,Bangalore
2024-09-26,28.8,19.5,0.6,Bangalore
2024-09-27,28.7,19.4,1.5,Bangalore
2024-09-28,28.5,19.6,3,Bangalore
2024-09-29,28.5,20.3,5.5,Bangalore
2024-09-30,30.1,20.4,0.1,Bangalore
2024-10-01,30.6,19.7,0.4,Bangalore
2024-10-02,29.8,20.3,9.8,Bangalore
2024-10-03,28.3,19.9,4.2,Bangalore
2024-10-04,28.5,19.8,7.2,Bangalore
2024-10-05,26.8,20,11.3,Bangalore
2024-10-06,27.3,19.6,0.5,Bangalore
2024-10-07,28.9,19.1,0.9,Bangalore
2024-10-08,27.8,19.9,10.7,Bangalore
2024-10-09,28,20.2,5.2,Bangalore
2024-10-10,27.5,19.8,6.5,Bangalore
2024-10-11,27.8,19.8,4.9,Bangalore
2024-10-12,28.1,20.3,7.2,Bangalore
2024-10-13,27.8,20.3,1.8,Bangalore
2024-10-14,23.4,19.3,14.4,Bangalore
2024-10-15,23.1,19.8,31.5,Bangalore
2024-10-16,22.9,19.2,13.3,Bangalore
2024-10-17,27,19.8,0.8,Bangalore
2024-10-18,27.6,19.5,8.4,Bangalore
2024-10-19,24.7,18.9,8.5,Bangalore
2024-10-20,26.3,19.3,21.1,Bangalore
2024-10-21,26.8,19.6,17.8,Bangalore
2024-10-22,27.5,18.3,27.3,Bangalore
2024-10-23,27.5,19.2,20.1,Bangalore
2024-10-24,26.2,19,1.1,Bangalore
2024-10-25,27,17.3,0,Bangalore
2024-10-26,26.6,17,0,Bangalore
2024-10-27,26.7,15.5,0,Bangalore
2024-10-28,27.1,16.5,0,Bangalore
2024-10-29,27.6,17.5,0.4,Bangalore
2024-10-30,27.3,17.8,1.1,Bangalore
2024-10-31,27.8,18.3,4,Bangalore
2024-11-01,26.8,19.7,8.2,Bangalore
2024-11-02,27.6,18.8,1.2,Bangalore
2024-11-03,27.7,19.5,0.7,Bangalore
2024-11-04,27,19.5,1,Bangalore
2024-11-05,27,17.1,0,Bangalore
2024-11-06,27.7,16.3,0.1,Bangalore
2024-11-07,27.4,19,1.3,Bangalore
2024-11-08,28.9,18.2,0,Bangalore
2024-11-09,27.7,18,0,Bangalore
2024-11-10,26.9,17.4,0.4,Bangalore
2024-11-11,27.8,17.2,0,Bangalore
2024-11-12,27,18.9,0.9,Bangalore
2024-11-13,26.9,19.8,9.9,Bangalore
2024-11-14,25.7,19.8,6,Bangalore
2024-11-15,26.9,19.9,10,Bangalore
2024-11-16,26.3,19.6,3.4,Bangalore
2024-11-17,27.3,19.8,0.5,Bangalore
2024-11-18,26.8,18.9,0.1,Bangalore
2024-11-19,27.3,18.5,0,Bangalore
2024-11-20,28,17.5,0,Bangalore
2024-11-21,27.5,17.2,0,Bangalore
2024-11-22,27.9,16.3,0,Bangalore
2024-11-23,28.6,16.7,0,Bangalore
2024-11-24,29.1,17.3,0,Bangalore
2024-11-25,27.7,17.1,0,Bangalore
2024-11-26,26.2,18.1,0,Bangalore
2024-11-27,26.4,18.9,0,Bangalore
2024-11-28,26.9,17.5,0,Bangalore
2024-11-29,25.4,18.2,0.8,Bangalore
2024-11-30,23.6,19,0.3,Bangalore
2024-12-01,24.5,19.9,8,Bangalore
2024-12-02,23.2,20.4,35,Bangalore
2024-12-03,26,20,4.7,Bangalore
2024-12-04,25.8,18.7,0,Bangalore
2024-12-05,26.1,19.8,0.8,Bangalore
2024-12-06,26.7,19.4,0,Bangalore
2024-12-07,27,19.2,0.6,Bangalore
2024-12-08,26.7,18.4,0,Bangalore
2024-12-09,27.5,18.3,0.1,Bangalore
2024-12-10,27.9,18.5,0,Bangalore
2024-12-11,26.4,18.3,0,Bangalore
2024-12-12,22,19,21.2,Bangalore
2024-12-13,24.4,19.6,1.3,Bangalore
2024-12-14,26.1,17.6,0,Bangalore
2024-12-15,24.3,15,0,Bangalore
2024-12-16,24.8,15.1,0,Bangalore
2024-12-17,27.1,14.5,0,Bangalore
2024-12-18,25.9,17,0.3,Bangalore
2024-12-19,28,19.1,0.3,Bangalore
2024-12-20,27.8,18.7,0.1,Bangalore
2024-12-21,29,18,0,Bangalore
2024-12-22,28.1,17.8,0,Bangalore
2024-12-23,27,18.3,0,Bangalore
2024-12-24,27.2,17.6,0,Bangalore
2024-12-25,27.8,17.2,0,Bangalore
2024-12-26,26.2,18.4,3.6,Bangalore
2024-12-27,25.3,18.5,1.7,Bangalore
2024-12-28,26.1,17.5,0,Bangalore
2024-12-29,26.8,16.8,0,Bangalore
2024-12-30,25.7,16.7,0,Bangalore
2024-12-31,27.5,17,0,Bangalore
2025-01-01,26.5,15.9,0,Bangalore
2025-01-02,26.3,16.2,0,Bangalore
2025-01-03,25.8,16.3,0,Bangalore
2025-01-04,25.7,14.2,0,Bangalore
2025-01-05,26.4,14.9,0,Bangalore
2025-01-06,26.2,15.7,0,Bangalore
2025-01-07,27.3,15.3,0,Bangalore
2025-01-08,27.1,16.4,0,Bangalore
2025-01-09,25.8,14.6,0,Bangalore
2025-01-10,26.8,15.9,0,Bangalore
2025-01-11,27.7,17.7,0,Bangalore
2025-01-12,28.6,17.1,0,Bangalore
2025-01-13,28.1,19,0.8,Bangalore
2025-01-14,27.5,18.5,0.1,Bangalore
2025-01-15,25.5,16.8,0.2,Bangalore
2025-01-16,26.6,16,0,Bangalore
2025-01-17,26.7,16.2,0,Bangalore
2025-01-18,27.2,15.8,0,Bangalore
2025-01-19,22.9,18.2,6,Bangalore
2025-01-20,27.2,17.8,0,Bangalore
2025-01-21,27.8,15.6,0,Bangalore
2025-01-22,28.6,15.4,0,Bangalore
2025-01-23,29.6,16.6,0,Bangalore
2025-01-24,27.6,16.3,0,Bangalore
2025-01-25,29,14.9,0,Bangalore
2025-01-26,29.1,15.1,0,Bangalore
2025-01-27,28.2,14.9,0,Bangalore
2025-01-28,28.1,15.5,0,Bangalore
2025-01-29,29.4,15.1,0,Bangalore
2025-01-30,29.3,16,0,Bangalore
2025-01-31,30.4,18.4,0,Bangalore
2025-02-01,30.5,19.4,0,Bangalore
2025-02-02,30.9,17.4,0,Bangalore
2025-02-03,30.3,16.8,0,Bangalore
2025-02-04,30.6,17,0,Bangalore
2025-02-05,30.4,18.1,0,Bangalore
2025-02-06,29.7,17.4,0,Bangalore
2025-02-07,30,17.2,0,Bangalore
2025-02-08,29.8,17.6,0,Bangalore
2025-02-09,29.6,18,0,Bangalore
2025-02-10,28.9,17,0,Bangalore
2025-02-11,30.6,16.5,0,Bangalore
2025-02-12,31.6,17,0,Bangalore
2025-02-13,31.9,17.7,0,Bangalore
2025-02-14,32,18.4,0,Bangalore
2025-02-15,31.3,19.1,0,Bangalore
2025-02-16,31.8,18.8,0,Bangalore
2025-02-17,31.8,18.3,0,Bangalore
2025-02-18,31.6,18.3,0,Bangalore
2025-02-19,32.8,18.8,0,Bangalore
2025-02-20,32.7,19.5,0,Bangalore
2025-02-21,32.3,18.5,0,Bangalore
2025-02-22,32.1,18.5,0,Bangalore
2025-02-23,31.8,19.7,0,Bangalore
2025-02-24,30.5,19.2,0,Bangalore
2025-02-25,30.1,17.4,0,Bangalore
2025-02-26,30.6,18.6,0,Bangalore
2025-02-27,30.8,17.9,0,Bangalore
2025-02-28,31.4,17.7,0,Bangalore
2025-03-01,31.3,18.6,0,Bangalore
2025-03-02,32.1,19.6,0,Bangalore
2025-03-03,33.1,20.2,0,Bangalore
2025-03-04,33.1,21.5,0,Bangalore
2025-03-05,33.2,21.6,0,Bangalore
2025-03-06,33.3,21.9,0,Bangalore
2025-03-07,34,20.3,0,Bangalore
2025-03-08,34.1,19.6,0,Bangalore
2025-03-09,33.6,20.1,0,Bangalore
2025-03-10,31.6,17.7,0,Bangalore
2025-03-11,31.2,18.2,2.5,Bangalore
2025-03-12,30.7,19.9,2.3,Bangalore
2025-03-13,33.9,18.6,0,Bangalore
2025-03-14,34.4,19.7,0,Bangalore
2025-03-15,33.7,20.4,0,Bangalore
2025-03-16,33.4,19.7,0,Bangalore
2025-03-17,35,21.3,0,Bangalore
2025-03-18,34.7,21.4,0,Bangalore
2025-03-19,33.8,21.5,0,Bangalore
2025-03-20,33.1,20.2,0,Bangalore
2025-03-21,33.9,19.9,0,Bangalore
2025-03-22,33.1,21.5,23.8,Bangalore
2025-03-23,29.6,20.1,0.1,Bangalore
2025-03-24,30.7,19.8,0,Bangalore
2025-03-25,31.1,20,0,Bangalore
2025-03-26,33.5,19.6,0,Bangalore
2025-03-27,33.9,20.5,0,Bangalore
2025-03-28,35.1,21.7,0,Bangalore
2025-03-29,34.9,22.2,0,Bangalore
2025-03-30,34.4,21.9,0,Bangalore
2025-03-31,34.3,21.4,0,Bangalore
2025-04-01,33.3,19.6,0,Bangalore
2025-04-02,32.6,20.3,0.1,Bangalore
2025-04-03,32.7,20.5,8,Bangalore
2025-04-04,29,19.8,3,Bangalore
2025-04-05,31.1,19.5,0,Bangalore
2025-04-06,32.9,20.8,0,Bangalore
2025-04-07,34.7,21,0,Bangalore
2025-04-08,34.3,20.2,0,Bangalore
2025-04-09,33.2,20.5,0,Bangalore
2025-04-10,33.1,20.8,0,Bangalore
2025-04-11,34,20.7,4.7,Bangalore
2025-04-12,33.4,20.6,1.5,Bangalore
2025-04-13,32.1,21,0.3,Bangalore
2025-04-14,33.6,21.4,0.7,Bangalore
2025-04-15,33.6,20.7,0,Bangalore
2025-04-16,34,21.7,10.8,Bangalore
2025-04-17,33.2,21,0.1,Bangalore
2025-04-18,33.6,21.3,1.1,Bangalore
2025-04-19,32.8,20.9,0,Bangalore
2025-04-20,34.3,21,0.1,Bangalore
2025-04-21,34.1,20.8,0,Bangalore
2025-04-22,34.5,21.8,0,Bangalore
2025-04-23,35.4,21.6,0,Bangalore
2025-04-24,36.1,21,0,Bangalore
2025-04-25,35.5,21.7,0,Bangalore
2025-04-26,34.2,22.5,0,Bangalore
2025-04-27,34.2,21.9,0,Bangalore
2025-04-28,33.4,21.8,0,Bangalore
2025-04-29,34.2,22,0.2,Bangalore
2025-04-30,34.6,22.4,1,Bangalore
2025-05-01,34.5,23.1,1.3,Bangalore
2013-01-01,28.7,23.1,0.1,Chennai
2013-01-02,28.3,20.7,0,Chennai
2013-01-03,28.7,20.4,0,Chennai
2013-01-04,28.8,21.5,0,Chennai
2013-01-05,29.1,21.9,0,Chennai
2013-01-06,29,22.6,0,Chennai
2013-01-07,28.3,22.4,0,Chennai
2013-01-08,28.8,22.6,0,Chennai
2013-01-09,28.5,22.4,0,Chennai
2013-01-10,28.9,21.3,0,Chennai
2013-01-11,28.5,21.1,0,Chennai
2013-01-12,28.3,20.5,0,Chennai
2013-01-13,28.5,17.9,0,Chennai
2013-01-14,28.3,17.6,0,Chennai
2013-01-15,28.2,18.1,0,Chennai
2013-01-16,28.4,20.3,0,Chennai
2013-01-17,28.2,21.3,0,Chennai
2013-01-18,27.7,22,0,Chennai
2013-01-19,28.6,20,0,Chennai
2013-01-20,28.6,20.7,0.2,Chennai
2013-01-21,28.6,20.4,0,Chennai
2013-01-22,28.7,21.4,0,Chennai
2013-01-23,28.5,21.1,0,Chennai
2013-01-24,28.6,21,0,Chennai
2013-01-25,28.5,21.6,0,Chennai
2013-01-26,28.7,20.3,0,Chennai
2013-01-27,29,20,0,Chennai
2013-01-28,29.2,20.6,0,Chennai
2013-01-29,29.1,20.9,0,Chennai
2013-01-30,29.1,21,0,Chennai
2013-01-31,29.4,21.4,0,Chennai
2013-02-01,28.3,20.7,0,Chennai
2013-02-02,28.8,20.6,0,Chennai
2013-02-03,29.6,20,0,Chennai
2013-02-04,29.4,20.7,0,Chennai
2013-02-05,30.1,22.7,0,Chennai
2013-02-06,29.9,22.5,0,Chennai
2013-02-07,30.9,20,0,Chennai
2013-02-08,31.2,20.8,0,Chennai
2013-02-09,29.3,22.1,0,Chennai
2013-02-10,29.6,23.9,0,Chennai
2013-02-11,29.8,23.8,0,Chennai
2013-02-12,29.1,22.6,0,Chennai
2013-02-13,30.1,23.4,0,Chennai
2013-02-14,29.6,24.1,0,Chennai
2013-02-15,29.2,23.6,0.3,Chennai
2013-02-16,31.3,23.5,2.5,Chennai
2013-02-17,31.5,24.3,4.3,Chennai
2013-02-18,29.2,23.4,12.6,Chennai
2013-02-19,29.6,23.8,1.3,Chennai
2013-02-20,29.5,24.1,0,Chennai
2013-02-21,29.1,23.3,0,Chennai
2013-02-22,29.5,21.6,0,Chennai
2013-02-23,29.4,20.5,0,Chennai
2013-02-24,29.1,18.8,0,Chennai
2013-02-25,30,17.7,0,Chennai
2013-02-26,31.2,17.7,0,Chennai
2013-02-27,31.8,19.4,0,Chennai
2013-02-28,31.5,20.2,0,Chennai
2013-03-01,31.3,19.6,0,Chennai
2013-03-02,31.2,20.4,0,Chennai
2013-03-03,31,19.9,0,Chennai
2013-03-04,30.8,20.8,0,Chennai
2013-03-05,30.7,24.4,0.2,Chennai
2013-03-06,29.1,25.2,7.5,Chennai
2013-03-07,30.2,24.9,0.7,Chennai
2013-03-08,30.8,24,0,Chennai
2013-03-09,32.2,22.8,0.4,Chennai
2013-03-10,32.2,24.2,0,Chennai
2013-03-11,32.4,21.9,0,Chennai
2013-03-12,32.4,21.9,0,Chennai
2013-03-13,32.1,20.9,0,Chennai
2013-03-14,32.3,22.4,0,Chennai
2013-03-15,31.5,23.9,0,Chennai
2013-03-16,32.1,23,0,Chennai
2013-03-17,32.8,22.1,0,Chennai
2013-03-18,31.9,20.9,0,Chennai
2013-03-19,32.3,21.1,0,Chennai
2013-03-20,33.3,22.9,0,Chennai
2013-03-21,33.9,21.8,0,Chennai
2013-03-22,34.4,22.7,0,Chennai
2013-03-23,34,23.8,0,Chennai
2013-03-24,32.8,22.1,0,Chennai
2013-03-25,34,23.5,0,Chennai
2013-03-26,35,24.2,0,Chennai
2013-03-27,35.5,24.9,0,Chennai
2013-03-28,34.6,24.5,0,Chennai
2013-03-29,34.4,25.6,0,Chennai
2013-03-30,34.1,26.7,0,Chennai
2013-03-31,34.9,26.3,0,Chennai
2013-04-01,35.1,24.7,0,Chennai
2013-04-02,34,26.7,0,Chennai
2013-04-03,33.8,25.7,0,Chennai
2013-04-04,35.2,23.9,0,Chennai
2013-04-05,36.4,26.3,0,Chennai
2013-04-06,37.1,27.8,0,Chennai
2013-04-07,36.3,27.3,0,Chennai
2013-04-08,35.2,27.2,0,Chennai
2013-04-09,34.7,26.7,0,Chennai
2013-04-10,34.5,25.9,0,Chennai
2013-04-11,34.8,25.2,0,Chennai
2013-04-12,34.6,25,0,Chennai
2013-04-13,32.6,26,1.3,Chennai
2013-04-14,33.8,27.1,0.1,Chennai
2013-04-15,35.9,27.3,0,Chennai
2013-04-16,37.7,28.3,0,Chennai
2013-04-17,37,28.7,0,Chennai
2013-04-18,37,28.3,0,Chennai
2013-04-19,36.8,27.6,0,Chennai
2013-04-20,35.8,27.3,0,Chennai
2013-04-21,33.2,27.3,1.8,Chennai
2013-04-22,33.7,27.3,1.2,Chennai
2013-04-23,33.2,27.5,1.7,Chennai
2013-04-24,33.3,26.8,1,Chennai
2013-04-25,33.3,27.1,0.3,Chennai
2013-04-26,33.6,26.6,0,Chennai
2013-04-27,35.2,26.5,0.4,Chennai
2013-04-28,37.1,27.5,0,Chennai
2013-04-29,36.5,27.8,0,Chennai
2013-04-30,35.3,27.5,0,Chennai
2013-05-01,35.8,26.8,0,Chennai
2013-05-02,36.4,27.6,0,Chennai
2013-05-03,37.3,27.8,0,Chennai
2013-05-04,36.5,28.3,0,Chennai
2013-05-05,36.1,28.7,0,Chennai
2013-05-06,34.6,27.9,0,Chennai
2013-05-07,35,27.4,0,Chennai
2013-05-08,37.8,28,0,Chennai
2013-05-09,38.1,28.7,0,Chennai
2013-05-10,38.4,28.7,0,Chennai
2013-05-11,39.9,28.7,0,Chennai
2013-05-12,39.5,29.6,0.2,Chennai
2013-05-13,36.5,29.1,0.4,Chennai
2013-05-14,36.7,29.2,0,Chennai
2013-05-15,38,28.7,0.1,Chennai
2013-05-16,39.5,29.1,0,Chennai
2013-05-17,38.6,28.5,0,Chennai
2013-05-18,37.9,28.8,0,Chennai
2013-05-19,37.5,28.7,0,Chennai
2013-05-20,37.5,28.4,0,Chennai
2013-05-21,38.2,28.9,0,Chennai
2013-05-22,40,29.3,0,Chennai
2013-05-23,40.3,29.5,0,Chennai
2013-05-24,40.8,31,0,Chennai
2013-05-25,40.5,31.5,0,Chennai
2013-05-26,40.1,31.1,0.6,Chennai
2013-05-27,38.7,27.5,3.1,Chennai
2013-05-28,36.2,28,6.4,Chennai
2013-05-29,36.5,28.8,2,Chennai
2013-05-30,34,28.2,0.2,Chennai
2013-05-31,34.9,27.4,0.5,Chennai
2013-06-01,33.7,26.8,1.3,Chennai
2013-06-02,34.8,28.2,1.9,Chennai
2013-06-03,34,26.5,1.9,Chennai
2013-06-04,34.8,27.2,0.6,Chennai
2013-06-05,35.2,27.4,0,Chennai
2013-06-06,36,26.2,17.4,Chennai
2013-06-07,33.6,25.8,14,Chennai
2013-06-08,32.8,26.7,0,Chennai
2013-06-09,35.2,28.3,0.5,Chennai
2013-06-10,35.6,28,1.2,Chennai
2013-06-11,35.9,26.7,3.4,Chennai
2013-06-12,33.5,26.2,1.9,Chennai
2013-06-13,34.8,28.3,0,Chennai
2013-06-14,36.1,28.2,0.2,Chennai
2013-06-15,35.1,27.9,0.1,Chennai
2013-06-16,35.9,28.8,0,Chennai
2013-06-17,36.4,28.5,1.5,Chennai
2013-06-18,35.9,28.8,0.1,Chennai
2013-06-19,37.3,28.5,0,Chennai
2013-06-20,37.1,28,0.2,Chennai
2013-06-21,36.3,28.1,1.4,Chennai
2013-06-22,36.6,29.3,0,Chennai
2013-06-23,34.7,29.3,0.1,Chennai
2013-06-24,35.7,28.5,0.9,Chennai
2013-06-25,35.8,26.7,1.3,Chennai
2013-06-26,36,28.4,0.1,Chennai
2013-06-27,37,28,0.8,Chennai
2013-06-28,37.6,28.5,0,Chennai
2013-06-29,36.9,27.9,2.2,Chennai
2013-06-30,36.5,28.1,0.1,Chennai
2013-07-01,37.1,29,0.2,Chennai
2013-07-02,36.9,26.5,1.9,Chennai
2013-07-03,34.9,26.7,5.4,Chennai
2013-07-04,33.1,26.5,2.3,Chennai
2013-07-05,30.8,26.6,1.3,Chennai
2013-07-06,32.8,25.9,1.5,Chennai
2013-07-07,30,25.1,9.9,Chennai
2013-07-08,32.2,25.7,0.1,Chennai
2013-07-09,32.5,27.4,1.2,Chennai
2013-07-10,32.1,27.4,0,Chennai
2013-07-11,30.1,24.6,4.1,Chennai
2013-07-12,33.3,26.4,0.3,Chennai
2013-07-13,34.5,27,0.3,Chennai
2013-07-14,34.2,27.2,0.3,Chennai
2013-07-15,35.4,26.1,5.8,Chennai
2013-07-16,33.2,25.6,10.7,Chennai
2013-07-17,33.2,26.2,0,Chennai
2013-07-18,33.5,27.1,0.3,Chennai
2013-07-19,31.1,24.9,3,Chennai
2013-07-20,33.1,24.5,3.1,Chennai
2013-07-21,32.3,26.5,2.6,Chennai
2013-07-22,32.6,26.9,0,Chennai
2013-07-23,31,27.6,0,Chennai
2013-07-24,31.7,27,1.2,Chennai
2013-07-25,33.3,26.9,3.6,Chennai
2013-07-26,33.7,27.1,0.2,Chennai
2013-07-27,32.7,27.1,0.2,Chennai
2013-07-28,34.5,26.1,9.1,Chennai
2013-07-29,34.5,25.8,1.4,Chennai
2013-07-30,35,27.4,0,Chennai
2013-07-31,34.9,28.4,0,Chennai
2013-08-01,34.5,27.8,0,Chennai
2013-08-02,35.4,27.2,0.4,Chennai
2013-08-03,34.5,26.2,0.5,Chennai
2013-08-04,35,25.7,2.3,Chennai
2013-08-05,32.5,25.4,1.3,Chennai
2013-08-06,33.4,26.1,0.5,Chennai
2013-08-07,33.9,27,0.4,Chennai
2013-08-08,35.5,26.6,3.8,Chennai
2013-08-09,34.2,26.2,3.5,Chennai
2013-08-10,32.9,26.9,2.6,Chennai
2013-08-11,32.7,27,0.2,Chennai
2013-08-12,32.8,26.4,2.8,Chennai
2013-08-13,33.2,25.1,9.9,Chennai
2013-08-14,26,24.9,25.7,Chennai
2013-08-15,26,24.4,38.2,Chennai
2013-08-16,29.4,24.6,14.6,Chennai
2013-08-17,30,24.5,19.2,Chennai
2013-08-18,31.8,25.5,7.7,Chennai
2013-08-19,31.8,25.8,0.6,Chennai
2013-08-20,33.4,26.3,2.6,Chennai
2013-08-21,33.3,26,0.4,Chennai
2013-08-22,33.5,26.3,0,Chennai
2013-08-23,33.5,26.3,0,Chennai
2013-08-24,32.8,26.4,0,Chennai
2013-08-25,32.6,26.3,0.3,Chennai
2013-08-26,32.5,26.9,0,Chennai
2013-08-27,32.4,27.1,0,Chennai
2013-08-28,32.8,26.2,5.3,Chennai
2013-08-29,32.3,24.8,5.9,Chennai
2013-08-30,31.4,24.9,3.8,Chennai
2013-08-31,32,25.8,0.7,Chennai
2013-09-01,32.5,25.5,0.1,Chennai
2013-09-02,32.7,25.9,7.6,Chennai
2013-09-03,33.1,25.4,12.8,Chennai
2013-09-04,31.9,24.6,3.2,Chennai
2013-09-05,32.1,24.7,13,Chennai
2013-09-06,32.1,25.7,1.2,Chennai
2013-09-07,30.9,24.9,2.7,Chennai
2013-09-08,29.4,25.1,13.5,Chennai
2013-09-09,30.7,23.9,26.2,Chennai
2013-09-10,30.2,23.9,9.4,Chennai
2013-09-11,29,24.6,10.2,Chennai
2013-09-12,28.6,24.1,25.2,Chennai
2013-09-13,30.7,24.4,4.3,Chennai
2013-09-14,30.3,24.3,1.2,Chennai
2013-09-15,31.9,25.6,3.4,Chennai
2013-09-16,31.8,25.7,3.9,Chennai
2013-09-17,31.3,25.8,7.7,Chennai
2013-09-18,31.2,26,0,Chennai
2013-09-19,31.8,26.1,1.8,Chennai
2013-09-20,32.5,26.9,2.5,Chennai
2013-09-21,32.1,26.5,0,Chennai
2013-09-22,33.1,26,0,Chennai
2013-09-23,32.8,25.7,0,Chennai
2013-09-24,32.7,26.2,0,Chennai
2013-09-25,31.8,26.4,0,Chennai
2013-09-26,32.1,26.8,1.9,Chennai
2013-09-27,32.9,26.1,0.3,Chennai
2013-09-28,33.2,26.5,0.2,Chennai
2013-09-29,32.8,26.1,0,Chennai
2013-09-30,33.6,26,3.1,Chennai
2013-10-01,33.1,26.3,0.3,Chennai
2013-10-02,32.5,26.6,1.1,Chennai
2013-10-03,30.8,27,4,Chennai
2013-10-04,32.9,26.1,0.3,Chennai
2013-10-05,33.5,25.4,0,Chennai
2013-10-06,33.1,25.5,0,Chennai
2013-10-07,33.6,26.5,3.1,Chennai
2013-10-08,32.6,24.8,19.2,Chennai
2013-10-09,31.1,24.8,18.1,Chennai
2013-10-10,30.8,25.1,4.8,Chennai
2013-10-11,32.1,24.9,0.5,Chennai
2013-10-12,31.7,25.8,0,Chennai
2013-10-13,33.2,26.7,0,Chennai
2013-10-14,32.8,26.5,0.4,Chennai
2013-10-15,32,26.6,0.8,Chennai
2013-10-16,31.7,25.4,0.2,Chennai
2013-10-17,30.5,24.5,0.8,Chennai
2013-10-18,30.5,24.5,2.6,Chennai
2013-10-19,30,24.3,4.2,Chennai
2013-10-20,25.5,24.3,28.1,Chennai
2013-10-21,24.9,23.9,65.7,Chennai
2013-10-22,26.5,23.7,16.8,Chennai
2013-10-23,28.4,24.1,6.8,Chennai
2013-10-24,29.3,24.4,10.7,Chennai
2013-10-25,29.5,25.6,9.7,Chennai
2013-10-26,30.7,26,2.3,Chennai
2013-10-27,30.7,25.7,1.4,Chennai
2013-10-28,30.5,25.4,3.7,Chennai
2013-10-29,30.5,24.8,0.1,Chennai
2013-10-30,30,24.5,0.3,Chennai
2013-10-31,30.2,25,0.2,Chennai
2013-11-01,29.2,25,3.7,Chennai
2013-11-02,29.4,24.6,10.7,Chennai
2013-11-03,28,24.3,8.3,Chennai
2013-11-04,28.8,24.1,3.8,Chennai
2013-11-05,29,25.3,0.3,Chennai
2013-11-06,28.9,24.5,0.4,Chennai
2013-11-07,29.3,24.2,0,Chennai
2013-11-08,28.6,23.4,0,Chennai
2013-11-09,29,23.2,0,Chennai
2013-11-10,29.1,23.5,0,Chennai
2013-11-11,28.4,23.8,0.8,Chennai
2013-11-12,28.6,23.7,0,Chennai
2013-11-13,28.9,22.8,0,Chennai
2013-11-14,28,22.8,0,Chennai
2013-11-15,28,23.1,4.2,Chennai
2013-11-16,24.7,23.2,30.6,Chennai
2013-11-17,26.3,23.2,20.8,Chennai
2013-11-18,27.3,23.7,11.9,Chennai
2013-11-19,29,23.4,0.5,Chennai
2013-11-20,29.3,23.2,0,Chennai
2013-11-21,30.1,22.2,0,Chennai
2013-11-22,29.2,23.4,0.7,Chennai
2013-11-23,28.7,23.3,2.7,Chennai
2013-11-24,27.4,23.5,8.9,Chennai
2013-11-25,28.9,23.9,0.7,Chennai
2013-11-26,29.2,22.5,0,Chennai
2013-11-27,28.9,21,0,Chennai
2013-11-28,24.8,22,0,Chennai
2013-11-29,28.4,21.8,0,Chennai
2013-11-30,28.4,22,2.3,Chennai
2013-12-01,27.8,24,4.5,Chennai
2013-12-02,26.3,23.5,6.4,Chennai
2013-12-03,27.3,23.7,3.3,Chennai
2013-12-04,27.4,23.4,0,Chennai
2013-12-05,27.8,24.7,0,Chennai
2013-12-06,27.2,24,0,Chennai
2013-12-07,26.3,23.3,9.8,Chennai
2013-12-08,26.4,23.2,4.2,Chennai
2013-12-09,28.2,22.1,0,Chennai
2013-12-10,29.1,23.3,0,Chennai
2013-12-11,28.5,23.4,5.6,Chennai
2013-12-12,25.7,23.5,20.2,Chennai
2013-12-13,27.7,23.1,0.7,Chennai
2013-12-14,28.1,23.2,0.3,Chennai
2013-12-15,27.6,21.2,0,Chennai
2013-12-16,27.1,18.9,0,Chennai
2013-12-17,26.7,22.1,0,Chennai
2013-12-18,26.5,20.8,0,Chennai
2013-12-19,25.9,19.8,0,Chennai
2013-12-20,26.5,17,0,Chennai
2013-12-21,25.6,18.1,0,Chennai
2013-12-22,27,19.6,0,Chennai
2013-12-23,27.5,21.8,0,Chennai
2013-12-24,26.9,22.7,0,Chennai
2013-12-25,27,21.9,0,Chennai
2013-12-26,26.5,21.2,0,Chennai
2013-12-27,27,22.1,0,Chennai
2013-12-28,26.5,20.7,0,Chennai
2013-12-29,26.1,18.9,0,Chennai
2013-12-30,26.5,21,0,Chennai
2013-12-31,27.5,22.3,0,Chennai
2014-01-01,26.9,23,0,Chennai
2014-01-02,27.6,22.8,0,Chennai
2014-01-03,27.6,23.3,0,Chennai
2014-01-04,26.5,22.2,0,Chennai
2014-01-05,27.8,22.6,0,Chennai
2014-01-06,27.5,22.1,0,Chennai
2014-01-07,27.6,22.4,0,Chennai
2014-01-08,27.9,23.4,0,Chennai
2014-01-09,27.8,22.3,0,Chennai
2014-01-10,28,21.3,0,Chennai
2014-01-11,28,21,0,Chennai
2014-01-12,28.2,19.3,0,Chennai
2014-01-13,28.2,21.6,0,Chennai
2014-01-14,28,21.7,0,Chennai
2014-01-15,28.7,21.4,0,Chennai
2014-01-16,28.4,22.2,0,Chennai
2014-01-17,28.1,21.5,0,Chennai
2014-01-18,28,21.8,0,Chennai
2014-01-19,27.1,22.1,1.5,Chennai
2014-01-20,28.4,22.3,0,Chennai
2014-01-21,28,22.8,0,Chennai
2014-01-22,28.2,22.8,0,Chennai
2014-01-23,28.4,21.3,0,Chennai
2014-01-24,28.5,18.9,0,Chennai
2014-01-25,28.7,21.6,0,Chennai
2014-01-26,27.8,21.4,0,Chennai
2014-01-27,28.8,23.7,0,Chennai
2014-01-28,28.8,22.4,0,Chennai
2014-01-29,28.3,21.4,0,Chennai
2014-01-30,28.6,20.8,0,Chennai
2014-01-31,28.9,20.7,0,Chennai
2014-02-01,27.6,22.2,1.3,Chennai
2014-02-02,28.5,22.4,0,Chennai
2014-02-03,29,19.3,0,Chennai
2014-02-04,29.5,18.7,0,Chennai
2014-02-05,30,18.4,0,Chennai
2014-02-06,29.7,17.4,0,Chennai
2014-02-07,30.3,18.1,0,Chennai
2014-02-08,30.5,17.9,0,Chennai
2014-02-09,30.7,16.7,0,Chennai
2014-02-10,30.7,19.3,0,Chennai
2014-02-11,30.3,20.6,0,Chennai
2014-02-12,30.1,20,0,Chennai
2014-02-13,29.6,21.1,0,Chennai
2014-02-14,29.9,21.9,0,Chennai
2014-02-15,30.4,21.6,0,Chennai
2014-02-16,30.1,23.8,0.1,Chennai
2014-02-17,29.6,23.9,2.6,Chennai
2014-02-18,29.2,24,0.5,Chennai
2014-02-19,28.5,23.1,0.9,Chennai
2014-02-20,29,22.5,0,Chennai
2014-02-21,29.5,21.1,0,Chennai
2014-02-22,29.5,20.4,0,Chennai
2014-02-23,29,20.7,0,Chennai
2014-02-24,27.2,21.8,1.7,Chennai
2014-02-25,29.7,23.1,0,Chennai
2014-02-26,30,22.1,0,Chennai
2014-02-27,30.5,21.1,0,Chennai
2014-02-28,30.6,22.4,0,Chennai
2014-03-01,29.3,23.4,0,Chennai
2014-03-02,30,22.6,0,Chennai
2014-03-03,30.7,23.4,0,Chennai
2014-03-04,30.1,23.4,0,Chennai
2014-03-05,30.1,23.5,0,Chennai
2014-03-06,29.8,23.2,0,Chennai
2014-03-07,30.3,22.8,0,Chennai
2014-03-08,30.3,23,0,Chennai
2014-03-09,30.6,23.7,0,Chennai
2014-03-10,30.5,23.6,0.7,Chennai
2014-03-11,30.8,23.6,0,Chennai
2014-03-12,31.2,22.8,0,Chennai
2014-03-13,31,20.6,0,Chennai
2014-03-14,31.9,21.2,0,Chennai
2014-03-15,31.6,19.5,0,Chennai
2014-03-16,32.3,19.7,0,Chennai
2014-03-17,32.7,21.3,0,Chennai
2014-03-18,33.8,21,0,Chennai
2014-03-19,33.2,21.8,0,Chennai
2014-03-20,34.5,22.7,0,Chennai
2014-03-21,35.3,24.3,0,Chennai
2014-03-22,34.9,24.5,0,Chennai
2014-03-23,34.1,24.8,0,Chennai
2014-03-24,33.4,22.5,0,Chennai
2014-03-25,33.9,22.8,0,Chennai
2014-03-26,32.9,22,0,Chennai
2014-03-27,33.6,22.4,0,Chennai
2014-03-28,35,21.4,0,Chennai
2014-03-29,36.1,22.4,0,Chennai
2014-03-30,36.7,23,0,Chennai
2014-03-31,36.7,23.1,0,Chennai
2014-04-01,36.7,24,0,Chennai
2014-04-02,35.1,24.7,0,Chennai
2014-04-03,33.9,24.9,0,Chennai
2014-04-04,34.3,24.1,0,Chennai
2014-04-05,35,24.2,0,Chennai
2014-04-06,35.2,25.9,0,Chennai
2014-04-07,35.6,26,0,Chennai
2014-04-08,36.1,25.4,0,Chennai
2014-04-09,37.3,26.8,0,Chennai
2014-04-10,35.6,25.8,0,Chennai
2014-04-11,36.9,26.3,0,Chennai
2014-04-12,35.5,27.1,0.2,Chennai
2014-04-13,34.7,27.1,0,Chennai
2014-04-14,34.1,26,0,Chennai
2014-04-15,34,26.5,0,Chennai
2014-04-16,34.9,25.4,0,Chennai
2014-04-17,36.1,25.5,0,Chennai
2014-04-18,35.5,26.8,0,Chennai
2014-04-19,35.4,24.5,0,Chennai
2014-04-20,34.8,23.3,0,Chennai
2014-04-21,34.5,23,0,Chennai
2014-04-22,34.2,23.7,0,Chennai
2014-04-23,34.7,24.3,0,Chennai
2014-04-24,35.8,24.9,0,Chennai
2014-04-25,36.9,26.7,0,Chennai
2014-04-26,36.5,27.4,0,Chennai
2014-04-27,35.5,27.3,0,Chennai
2014-04-28,35.8,27.7,0,Chennai
2014-04-29,35.5,26.7,0,Chennai
2014-04-30,34.8,27.5,0,Chennai
2014-05-01,35.7,27.5,0,Chennai
2014-05-02,35.1,28.1,0.2,Chennai
2014-05-03,35.2,27.6,0.7,Chennai
2014-05-04,33.2,27.2,1.1,Chennai
2014-05-05,29.9,25.9,12,Chennai
2014-05-06,30.2,24.9,14.5,Chennai
2014-05-07,29.5,25.6,16.5,Chennai
2014-05-08,31.3,25.2,6.4,Chennai
2014-05-09,32.4,25.6,8.4,Chennai
2014-05-10,34.3,27.6,0.4,Chennai
2014-05-11,35.5,27.8,0,Chennai
2014-05-12,36.6,28.1,0,Chennai
2014-05-13,36.9,28.6,0.3,Chennai
2014-05-14,38,28.1,0,Chennai
2014-05-15,38.4,27.9,0,Chennai
2014-05-16,38.3,27.3,0,Chennai
2014-05-17,37.1,27.4,0.4,Chennai
2014-05-18,35.8,26.9,0,Chennai
2014-05-19,36.3,27.2,0,Chennai
2014-05-20,36.9,27.1,0.2,Chennai
2014-05-21,38,27.9,0.1,Chennai
2014-05-22,39.6,29.1,0.2,Chennai
2014-05-23,40.2,29.8,0,Chennai
2014-05-24,39.4,29.7,0,Chennai
2014-05-25,40.3,29.6,0.2,Chennai
2014-05-26,37.7,29.3,0.3,Chennai
2014-05-27,37.3,28.7,0,Chennai
2014-05-28,36.6,28.8,0.2,Chennai
2014-05-29,37.2,28.6,0,Chennai
2014-05-30,38.5,28.8,0.2,Chennai
2014-05-31,38.9,28.1,0,Chennai
2014-06-01,38,28.7,0,Chennai
2014-06-02,36.9,28,3.4,Chennai
2014-06-03,36.1,27.1,8.5,Chennai
2014-06-04,35.6,28,0,Chennai
2014-06-05,36.4,28.4,0.6,Chennai
2014-06-06,37.4,28.1,1.3,Chennai
2014-06-07,38.1,28.9,0,Chennai
2014-06-08,39.1,28,4.7,Chennai
2014-06-09,34.4,27.8,4.7,Chennai
2014-06-10,37.1,29,0,Chennai
2014-06-11,38.1,28.9,0.3,Chennai
2014-06-12,38.4,28.6,1.5,Chennai
2014-06-13,36.9,29.5,0.3,Chennai
2014-06-14,36.9,30,0,Chennai
2014-06-15,37.7,30.1,0,Chennai
2014-06-16,38.8,30,0,Chennai
2014-06-17,39.7,30,2.2,Chennai
2014-06-18,37.4,29.9,0,Chennai
2014-06-19,37.8,29.9,0,Chennai
2014-06-20,38.1,29.6,0.1,Chennai
2014-06-21,38.3,29.9,0.4,Chennai
2014-06-22,37.8,29.9,0,Chennai
2014-06-23,38.6,30.3,0,Chennai
2014-06-24,39.2,29.6,0,Chennai
2014-06-25,39.3,29.7,0,Chennai
2014-06-26,37.9,30,0,Chennai
2014-06-27,37.6,29.2,0.8,Chennai
2014-06-28,36.3,28.7,1,Chennai
2014-06-29,37.5,27.7,3.6,Chennai
2014-06-30,35.9,26.5,3.6,Chennai
2014-07-01,36.2,28.3,0,Chennai
2014-07-02,36.3,28.5,0.2,Chennai
2014-07-03,37,29.5,0,Chennai
2014-07-04,37.1,28.3,1.4,Chennai
2014-07-05,37,27,4.9,Chennai
2014-07-06,34.3,27.4,7.4,Chennai
2014-07-07,33.3,26.5,8.3,Chennai
2014-07-08,33.8,26.4,6.9,Chennai
2014-07-09,31.9,26.1,7.7,Chennai
2014-07-10,30.2,26,2.1,Chennai
2014-07-11,31.3,26.7,0,Chennai
2014-07-12,34,27.6,0,Chennai
2014-07-13,34.1,28.1,0.2,Chennai
2014-07-14,31.8,28.2,0,Chennai
2014-07-15,33.2,28.2,0.1,Chennai
2014-07-16,36,28,0,Chennai
2014-07-17,36.6,27.9,0,Chennai
2014-07-18,36.3,28.4,0.2,Chennai
2014-07-19,35.3,28.9,0.9,Chennai
2014-07-20,35.3,29.1,0,Chennai
2014-07-21,36.7,28.6,0,Chennai
2014-07-22,36.1,28.3,0.4,Chennai
2014-07-23,37.1,28,1.3,Chennai
2014-07-24,36.2,28.9,0,Chennai
2014-07-25,37.2,28.6,0.7,Chennai
2014-07-26,35.2,28.5,1.2,Chennai
2014-07-27,34.9,25.7,1.8,Chennai
2014-07-28,32.9,26.7,1.3,Chennai
2014-07-29,35.3,28.4,0,Chennai
2014-07-30,35.3,28.9,0,Chennai
2014-07-31,37.2,28.9,0.2,Chennai
2014-08-01,36.1,28.9,0.7,Chennai
2014-08-02,33.8,26.9,1.5,Chennai
2014-08-03,35.7,28.4,1.2,Chennai
2014-08-04,37.7,28.4,0.3,Chennai
2014-08-05,36.1,28.1,0.2,Chennai
2014-08-06,36.1,27.3,0.9,Chennai
2014-08-07,34.4,27,2.9,Chennai
2014-08-08,35,26.5,8.3,Chennai
2014-08-09,31.1,25.2,13.4,Chennai
2014-08-10,32.6,24.5,10.2,Chennai
2014-08-11,32.9,25.3,4.6,Chennai
2014-08-12,32.3,24.7,16.7,Chennai
2014-08-13,32,26.8,0,Chennai
2014-08-14,33.2,26.8,1.6,Chennai
2014-08-15,33.7,26.1,6.4,Chennai
2014-08-16,32.5,25.8,3.2,Chennai
2014-08-17,33,26,8.4,Chennai
2014-08-18,31.9,25.6,1.4,Chennai
2014-08-19,31.9,25.2,11.8,Chennai
2014-08-20,31.9,26.5,0.4,Chennai
2014-08-21,31.2,26.3,0.2,Chennai
2014-08-22,31,26.1,0.8,Chennai
2014-08-23,31.1,25.5,6.8,Chennai
2014-08-24,32.6,26.5,0.5,Chennai
2014-08-25,32.1,25.5,15.9,Chennai
2014-08-26,31.6,25.6,1.8,Chennai
2014-08-27,30,26.6,0.4,Chennai
2014-08-28,31.1,25.4,2,Chennai
2014-08-29,32.5,26.7,0.6,Chennai
2014-08-30,33.5,27.6,0,Chennai
2014-08-31,35,27.6,0,Chennai
2014-09-01,33.8,27.3,0.2,Chennai
2014-09-02,33.5,25.7,6.7,Chennai
2014-09-03,32.4,26,5.1,Chennai
2014-09-04,29.6,25.3,6.8,Chennai
2014-09-05,32.4,25.9,0.8,Chennai
2014-09-06,32.8,26.7,0,Chennai
2014-09-07,32.8,26.3,2.5,Chennai
2014-09-08,33.9,26.1,0,Chennai
2014-09-09,34.3,26.6,0,Chennai
2014-09-10,34.4,26.6,0,Chennai
2014-09-11,34.6,26.1,0.1,Chennai
2014-09-12,34.6,27.2,1,Chennai
2014-09-13,33,26.2,4.1,Chennai
2014-09-14,33.5,26.3,5.2,Chennai
2014-09-15,33.8,25.8,13.9,Chennai
2014-09-16,30.8,25.5,9,Chennai
2014-09-17,32.9,26.5,3.3,Chennai
2014-09-18,27.6,25.1,11.4,Chennai
2014-09-19,33.7,26,3.6,Chennai
2014-09-20,32.9,26.7,3.2,Chennai
2014-09-21,32.6,26.4,1.1,Chennai
2014-09-22,32.2,25.4,8.9,Chennai
2014-09-23,32.4,26,0.9,Chennai
2014-09-24,32,26,0,Chennai
2014-09-25,31.3,26.4,0.8,Chennai
2014-09-26,31.1,25.5,0.2,Chennai
2014-09-27,30.6,25.2,3.3,Chennai
2014-09-28,30.8,25.6,3.4,Chennai
2014-09-29,31,25.7,0.3,Chennai
2014-09-30,31.4,25.5,0.2,Chennai
2014-10-01,31.8,24.7,0.9,Chennai
2014-10-02,32.1,22.9,0,Chennai
2014-10-03,31.4,24.2,0,Chennai
2014-10-04,32.9,24,0,Chennai
2014-10-05,33.6,24.5,0.2,Chennai
2014-10-06,34.4,25.1,7.3,Chennai
2014-10-07,31.1,24.4,2.7,Chennai
2014-10-08,31.7,24.6,1.5,Chennai
2014-10-09,32.1,25.4,0.2,Chennai
2014-10-10,33.1,25.5,0.5,Chennai
2014-10-11,33.7,27,0,Chennai
2014-10-12,34.4,28.2,0,Chennai
2014-10-13,36.1,26,0,Chennai
2014-10-14,34.1,26.5,0.5,Chennai
2014-10-15,31.5,25.5,4.6,Chennai
2014-10-16,31,25,3.4,Chennai
2014-10-17,28.6,24.9,18.3,Chennai
2014-10-18,27.2,24.3,19.2,Chennai
2014-10-19,26,24.3,23.5,Chennai
2014-10-20,26.8,24.4,20.3,Chennai
2014-10-21,28.9,24.5,5.8,Chennai
2014-10-22,29.2,24.6,3.6,Chennai
2014-10-23,27.6,24.5,14.9,Chennai
2014-10-24,29,24.1,9.6,Chennai
2014-10-25,29.3,24.2,10.5,Chennai
2014-10-26,28.7,24.2,7.3,Chennai
2014-10-27,29.8,23.9,14.8,Chennai
2014-10-28,29.3,24.1,3,Chennai
2014-10-29,28.9,25,1.5,Chennai
2014-10-30,29.8,24.9,0,Chennai
2014-10-31,27.8,24.1,17.6,Chennai
2014-11-01,27.1,21.3,36.6,Chennai
2014-11-02,27.3,23.9,32.2,Chennai
2014-11-03,28.4,24.5,6,Chennai
2014-11-04,29.8,23.5,0.1,Chennai
2014-11-05,30.3,22.7,0,Chennai
2014-11-06,31.3,21.4,0,Chennai
2014-11-07,31,21.1,0,Chennai
2014-11-08,30.3,22.8,0.5,Chennai
2014-11-09,30.4,24,1.6,Chennai
2014-11-10,29.6,22.7,0,Chennai
2014-11-11,29.8,23.6,1.2,Chennai
2014-11-12,25.8,24.3,35.3,Chennai
2014-11-13,26.2,24,37.9,Chennai
2014-11-14,28.2,24,6.4,Chennai
2014-11-15,28.8,24,1,Chennai
2014-11-16,28.4,23.8,0.8,Chennai
2014-11-17,28.7,23.6,0,Chennai
2014-11-18,28.9,24.4,0.2,Chennai
2014-11-19,29,24.4,0,Chennai
2014-11-20,28.8,23.4,0,Chennai
2014-11-21,29,22.9,0,Chennai
2014-11-22,27.8,23.6,1.4,Chennai
2014-11-23,28.7,22.8,0,Chennai
2014-11-24,28.4,23.5,0,Chennai
2014-11-25,27.9,23.3,0,Chennai
2014-11-26,27.8,23.5,0,Chennai
2014-11-27,27.9,23.3,0,Chennai
2014-11-28,27.8,23.7,0,Chennai
2014-11-29,26.6,24.3,4.5,Chennai
2014-11-30,27.7,24.8,2.8,Chennai
2014-12-01,28.3,24.1,0,Chennai
2014-12-02,28.3,21.9,0,Chennai
2014-12-03,28,19.2,0,Chennai
2014-12-04,28,20,0,Chennai
2014-12-05,27.5,18.8,0,Chennai
2014-12-06,27.8,22.3,0,Chennai
2014-12-07,28.1,22,0,Chennai
2014-12-08,28.7,23.4,0,Chennai
2014-12-09,27.7,23.4,5.4,Chennai
2014-12-10,27.2,23.6,14.2,Chennai
2014-12-11,28.3,23.2,3,Chennai
2014-12-12,27.9,23.7,2.6,Chennai
2014-12-13,26.8,23.6,12.6,Chennai
2014-12-14,28.5,23.8,0.4,Chennai
2014-12-15,27.7,22.5,1.9,Chennai
2014-12-16,27.5,23.5,8.1,Chennai
2014-12-17,28.2,24.7,1,Chennai
2014-12-18,28.1,24.9,0,Chennai
2014-12-19,27.4,24.2,0,Chennai
2014-12-20,26.8,23,0,Chennai
2014-12-21,27,22.6,0,Chennai
2014-12-22,27.1,23,0,Chennai
2014-12-23,27.6,21.8,0,Chennai
2014-12-24,27.9,23.2,0,Chennai
2014-12-25,27.6,21.8,0,Chennai
2014-12-26,26.9,21.4,0,Chennai
2014-12-27,26.8,21.7,0,Chennai
2014-12-28,26.7,23.3,15.8,Chennai
2014-12-29,24,22,83.4,Chennai
2014-12-30,25.9,21.8,50.1,Chennai
2014-12-31,28.3,23.3,0,Chennai
2015-01-01,28.7,22,0,Chennai
2015-01-02,28.6,23.3,0.3,Chennai
2015-01-03,28.4,23.3,2,Chennai
2015-01-04,28.3,23,1.2,Chennai
2015-01-05,28.4,21.6,0.1,Chennai
2015-01-06,27.7,21.5,0.3,Chennai
2015-01-07,28,20.8,0.1,Chennai
2015-01-08,27.6,21.5,0.8,Chennai
2015-01-09,26.8,21.3,0.4,Chennai
2015-01-10,27,18.1,0,Chennai
2015-01-11,26.4,19.8,0,Chennai
2015-01-12,26.7,20.8,0,Chennai
2015-01-13,27.2,19,0,Chennai
2015-01-14,26.7,19.8,0,Chennai
2015-01-15,27.7,18.9,0,Chennai
2015-01-16,27.6,21.6,0.1,Chennai
2015-01-17,28.1,21,0,Chennai
2015-01-18,27.7,21.2,0,Chennai
2015-01-19,27.5,21.1,0,Chennai
2015-01-20,27.5,20.3,0,Chennai
2015-01-21,27.2,20.5,0,Chennai
2015-01-22,27,21.1,1.1,Chennai
2015-01-23,27.3,22.3,1,Chennai
2015-01-24,27.3,22.3,1.1,Chennai
2015-01-25,26.9,21.1,0,Chennai
2015-01-26,27.2,21.3,0,Chennai
2015-01-27,26.8,21.8,0,Chennai
2015-01-28,27.2,21.4,0,Chennai
2015-01-29,27.7,21.6,0,Chennai
2015-01-30,28.2,22.2,0,Chennai
2015-01-31,28.2,21,0,Chennai
2015-02-01,28,21.1,0,Chennai
2015-02-02,28.1,21.6,0,Chennai
2015-02-03,28.3,22.3,0,Chennai
2015-02-04,28.2,22.5,0,Chennai
2015-02-05,28.6,21.2,0,Chennai
2015-02-06,28.7,21.5,0,Chennai
2015-02-07,28.7,20.1,0,Chennai
2015-02-08,28.7,20.9,0,Chennai
2015-02-09,28.4,22.1,0,Chennai
2015-02-10,28.4,21.8,0,Chennai
2015-02-11,27.5,21.4,1.1,Chennai
2015-02-12,29.5,22.5,0,Chennai
2015-02-13,30.3,20.7,0,Chennai
2015-02-14,30.9,19.3,0,Chennai
2015-02-15,31.6,20.5,0,Chennai
2015-02-16,30.7,21.4,0,Chennai
2015-02-17,30.8,20,0,Chennai
2015-02-18,30.2,19.2,0,Chennai
2015-02-19,30.3,19.6,0,Chennai
2015-02-20,29.6,21.1,0,Chennai
2015-02-21,29.8,20.4,0,Chennai
2015-02-22,30.5,20.1,0,Chennai
2015-02-23,30.4,19.7,0,Chennai
2015-02-24,30.9,19.4,0,Chennai
2015-02-25,30.8,18.9,0,Chennai
2015-02-26,30.9,20.1,0,Chennai
2015-02-27,30.5,23.2,0.5,Chennai
2015-02-28,29.5,24.1,1,Chennai
2015-03-01,30,24.6,0.1,Chennai
2015-03-02,30,24.3,0.9,Chennai
2015-03-03,31.7,23.9,0.1,Chennai
2015-03-04,32.3,24.1,0,Chennai
2015-03-05,32,24.4,0.6,Chennai
2015-03-06,31.9,25.2,0.6,Chennai
2015-03-07,31.5,25,0.5,Chennai
2015-03-08,31.4,24.2,0.7,Chennai
2015-03-09,30.9,23.5,0,Chennai
2015-03-10,30.9,22.8,0,Chennai
2015-03-11,31,22.3,0,Chennai
2015-03-12,31.4,24.8,0,Chennai
2015-03-13,31.9,23.7,0,Chennai
2015-03-14,31.7,23.8,0,Chennai
2015-03-15,31.5,24.5,0.3,Chennai
2015-03-16,32,22.4,0,Chennai
2015-03-17,32.2,21.9,0,Chennai
2015-03-18,34.4,21.2,0,Chennai
2015-03-19,33.8,21.9,0,Chennai
2015-03-20,32.4,22.4,0,Chennai
2015-03-21,33.9,22,0,Chennai
2015-03-22,35.2,21.5,0,Chennai
2015-03-23,34.2,24,0,Chennai
2015-03-24,33.9,23.5,0,Chennai
2015-03-25,32.8,24,0,Chennai
2015-03-26,32.1,24.4,0,Chennai
2015-03-27,32.4,24.9,0,Chennai
2015-03-28,33.6,24.1,0,Chennai
2015-03-29,33.3,25.1,0,Chennai
2015-03-30,33.2,25.9,0,Chennai
2015-03-31,33.1,26,0.3,Chennai
2015-04-01,33.1,26.1,0.8,Chennai
2015-04-02,34.6,26.5,0,Chennai
2015-04-03,36.8,26.4,0,Chennai
2015-04-04,36.6,27.5,0,Chennai
2015-04-05,35.5,27.3,0,Chennai
2015-04-06,34.8,26.9,0,Chennai
2015-04-07,34.7,26.7,0,Chennai
2015-04-08,32.7,26.6,0.5,Chennai
2015-04-09,33.2,26.2,1.2,Chennai
2015-04-10,34.2,26.5,0,Chennai
2015-04-11,34.8,25.7,0,Chennai
2015-04-12,33.7,25.4,0,Chennai
2015-04-13,32.2,26.5,0.3,Chennai
2015-04-14,33.6,24.6,0,Chennai
2015-04-15,29.2,22.8,19.9,Chennai
2015-04-16,31.5,24.4,2.2,Chennai
2015-04-17,32,25.1,0.8,Chennai
2015-04-18,33.2,25.1,0,Chennai
2015-04-19,33.3,24.5,0,Chennai
2015-04-20,33,25.8,0.5,Chennai
2015-04-21,33,25.4,5.3,Chennai
2015-04-22,34.2,26.5,0,Chennai
2015-04-23,35.8,27.7,0,Chennai
2015-04-24,35.5,28,0.4,Chennai
2015-04-25,33.7,25.5,5.9,Chennai
2015-04-26,33,27.1,0.4,Chennai
2015-04-27,33,26.8,1.7,Chennai
2015-04-28,34.8,26.1,0,Chennai
2015-04-29,35.5,26.8,0.4,Chennai
2015-04-30,35.9,27.1,0,Chennai
2015-05-01,36.8,27.6,0,Chennai
2015-05-02,36.3,27.7,0,Chennai
2015-05-03,35.3,27.7,0,Chennai
2015-05-04,34,27.3,0.7,Chennai
2015-05-05,33.4,26.9,0.5,Chennai
2015-05-06,34.2,26.6,0.9,Chennai
2015-05-07,35.2,27.4,0.7,Chennai
2015-05-08,36.3,27.4,0,Chennai
2015-05-09,36,28,0,Chennai
2015-05-10,34.7,28.4,0,Chennai
2015-05-11,32.7,28.5,0.4,Chennai
2015-05-12,34.9,27.8,0.1,Chennai
2015-05-13,32.1,26.6,8.1,Chennai
2015-05-14,29.9,25.8,15.9,Chennai
2015-05-15,31.4,26,4.5,Chennai
2015-05-16,31.5,26.4,7.7,Chennai
2015-05-17,31.5,26.1,10.5,Chennai
2015-05-18,33.8,26,0.2,Chennai
2015-05-19,35.8,27.2,0,Chennai
2015-05-20,36.4,27.5,0,Chennai
2015-05-21,37.9,28.7,0,Chennai
2015-05-22,37.7,29.5,0,Chennai
2015-05-23,38.4,29.7,0,Chennai
2015-05-24,39.3,29.8,0,Chennai
2015-05-25,40.1,30.3,0,Chennai
2015-05-26,39.3,29.7,0,Chennai
2015-05-27,39.1,29.5,0.6,Chennai
2015-05-28,37.5,27.1,0,Chennai
2015-05-29,37.7,28.5,0,Chennai
2015-05-30,36.9,28.5,0,Chennai
2015-05-31,36.9,28.6,0,Chennai
2015-06-01,34,27.7,5.2,Chennai
2015-06-02,35.2,27.8,2.9,Chennai
2015-06-03,33.8,27.8,0,Chennai
2015-06-04,34.5,27.8,0,Chennai
2015-06-05,35.9,27.8,0.7,Chennai
2015-06-06,34.9,27.6,0.7,Chennai
2015-06-07,36,28.1,1.1,Chennai
2015-06-08,36,28.4,0.6,Chennai
2015-06-09,35.2,28.3,0.9,Chennai
2015-06-10,36.1,26.8,2,Chennai
2015-06-11,37.2,28.1,2.4,Chennai
2015-06-12,34.5,26.9,3.2,Chennai
2015-06-13,35.7,27.6,0.4,Chennai
2015-06-14,35.6,27.5,3.7,Chennai
2015-06-15,36.1,27.5,0,Chennai
2015-06-16,34.3,26.1,2.2,Chennai
2015-06-17,29,26.2,5.8,Chennai
2015-06-18,29,25.2,4.5,Chennai
2015-06-19,31.4,26.2,0.4,Chennai
2015-06-20,33.4,27.2,0,Chennai
2015-06-21,35.2,28.3,0,Chennai
2015-06-22,36,28.3,0,Chennai
2015-06-23,36,28.3,0,Chennai
2015-06-24,37.1,28.1,0,Chennai
2015-06-25,37,28.9,0,Chennai
2015-06-26,36.9,28.5,0.9,Chennai
2015-06-27,36.2,28.7,0.3,Chennai
2015-06-28,37.2,28.2,0.1,Chennai
2015-06-29,36.4,28.4,0.2,Chennai
2015-06-30,36.4,28.4,0,Chennai
2015-07-01,37.2,28.7,0,Chennai
2015-07-02,37.7,29,0,Chennai
2015-07-03,36.7,27.4,6.6,Chennai
2015-07-04,37.4,29.4,0,Chennai
2015-07-05,38.2,29.1,0,Chennai
2015-07-06,38.8,29.2,0,Chennai
2015-07-07,38.2,28.3,0,Chennai
2015-07-08,37.8,29.2,0.2,Chennai
2015-07-09,37.4,29.5,0.1,Chennai
2015-07-10,36.5,28.5,3.1,Chennai
2015-07-11,35.6,29,0,Chennai
2015-07-12,36.6,29.1,0,Chennai
2015-07-13,37.4,28.1,4,Chennai
2015-07-14,35.3,27.4,8.9,Chennai
2015-07-15,33.7,27.1,0.9,Chennai
2015-07-16,35.6,27.9,0.1,Chennai
2015-07-17,35.7,27.4,0.2,Chennai
2015-07-18,35.8,27.8,0.4,Chennai
2015-07-19,36.6,28.1,3,Chennai
2015-07-20,35.1,27.3,0.6,Chennai
2015-07-21,36,26.7,4.5,Chennai
2015-07-22,35.1,26.9,3,Chennai
2015-07-23,34.7,27.3,3,Chennai
2015-07-24,33.9,26.1,1.7,Chennai
2015-07-25,34.9,27.6,0.7,Chennai
2015-07-26,33.7,26.6,1.8,Chennai
2015-07-27,34.4,26.1,2.5,Chennai
2015-07-28,35.1,26.5,1.4,Chennai
2015-07-29,35.4,27.1,0,Chennai
2015-07-30,35.1,27.8,0,Chennai
2015-07-31,34.3,27.1,1.6,Chennai
2015-08-01,33.5,27.3,0.9,Chennai
2015-08-02,29.8,26.3,5.6,Chennai
2015-08-03,34.3,26.6,3,Chennai
2015-08-04,34.2,27.5,1,Chennai
2015-08-05,34.5,26.4,1.2,Chennai
2015-08-06,34.8,27.4,0.2,Chennai
2015-08-07,34.3,27.9,0,Chennai
2015-08-08,35.4,26.5,0.9,Chennai
2015-08-09,34.7,26.9,3,Chennai
2015-08-10,33.9,26.7,5.6,Chennai
2015-08-11,34.2,26.7,2.5,Chennai
2015-08-12,33.3,27,0.3,Chennai
2015-08-13,34.8,27.7,0.1,Chennai
2015-08-14,34.5,27.8,0.6,Chennai
2015-08-15,35.1,27.3,2.2,Chennai
2015-08-16,33.2,26,11.2,Chennai
2015-08-17,32.5,24.8,15.6,Chennai
2015-08-18,31.9,26.1,0.1,Chennai
2015-08-19,32.8,26.6,0.4,Chennai
2015-08-20,34,27.2,3,Chennai
2015-08-21,32.6,25.8,20.2,Chennai
2015-08-22,29.6,25.4,5.5,Chennai
2015-08-23,31.9,25,7.5,Chennai
2015-08-24,33,25.7,0,Chennai
2015-08-25,33.9,26.8,0,Chennai
2015-08-26,33.6,26.7,1.2,Chennai
2015-08-27,31.6,26.1,5.3,Chennai
2015-08-28,32.7,26.7,0,Chennai
2015-08-29,34.3,25.7,0,Chennai
2015-08-30,34.4,27.1,0.3,Chennai
2015-08-31,34.1,27.1,1.3,Chennai
2015-09-01,34.9,27.6,0,Chennai
2015-09-02,34,27.9,0,Chennai
2015-09-03,32.8,27.3,1.9,Chennai
2015-09-04,33.6,26.8,0.3,Chennai
2015-09-05,33,26.6,0.1,Chennai
2015-09-06,34.7,27.3,0.8,Chennai
2015-09-07,31.7,25.7,17.7,Chennai
2015-09-08,33,25.8,0.1,Chennai
2015-09-09,32.8,25.8,4,Chennai
2015-09-10,32.3,25.9,25.2,Chennai
2015-09-11,30.1,26.1,0.1,Chennai
2015-09-12,31.1,26.1,0.5,Chennai
2015-09-13,33.7,26,0,Chennai
2015-09-14,32.3,27.3,0,Chennai
2015-09-15,33.5,27.7,0.4,Chennai
2015-09-16,34.5,27.8,0,Chennai
2015-09-17,34.4,28,0,Chennai
2015-09-18,34.1,27.4,0,Chennai
2015-09-19,32.3,26.3,6.9,Chennai
2015-09-20,33.9,27.1,1,Chennai
2015-09-21,33.7,26.6,0.5,Chennai
2015-09-22,32.9,27.1,0,Chennai
2015-09-23,33.7,27.2,0,Chennai
2015-09-24,34.5,26.9,0,Chennai
2015-09-25,35.1,26.7,1.1,Chennai
2015-09-26,34.4,25.4,22.8,Chennai
2015-09-27,32.4,25.9,0.6,Chennai
2015-09-28,32.5,24.9,2.2,Chennai
2015-09-29,30.7,25.3,1.7,Chennai
2015-09-30,30.7,25,6.1,Chennai
2015-10-01,30.4,25,2.4,Chennai
2015-10-02,33.2,25.9,14,Chennai
2015-10-03,31.6,25.1,4.5,Chennai
2015-10-04,31.5,25.7,8.5,Chennai
2015-10-05,30.7,25.4,4,Chennai
2015-10-06,32,24.5,1.4,Chennai
2015-10-07,32.3,25.3,5.5,Chennai
2015-10-08,33.2,25.8,5.9,Chennai
2015-10-09,32.7,26.5,2.9,Chennai
2015-10-10,32.9,25.6,12.9,Chennai
2015-10-11,32,25.7,3.6,Chennai
2015-10-12,33,25.6,1.2,Chennai
2015-10-13,32.5,25.2,0,Chennai
2015-10-14,32.7,23.6,0,Chennai
2015-10-15,31.8,23.2,0,Chennai
2015-10-16,31.3,24.4,0,Chennai
2015-10-17,31.1,24,0.4,Chennai
2015-10-18,31.9,24.6,0.9,Chennai
2015-10-19,31.9,25.3,0.4,Chennai
2015-10-20,31.9,24.9,0.3,Chennai
2015-10-21,32.5,25,0,Chennai
2015-10-22,32.5,23.2,0,Chennai
2015-10-23,31,23.1,1.3,Chennai
2015-10-24,32.1,24.9,0,Chennai
2015-10-25,30.8,24.8,0.8,Chennai
2015-10-26,31.9,25,0.1,Chennai
2015-10-27,30.4,24.9,3.1,Chennai
2015-10-28,29.8,24,12.3,Chennai
2015-10-29,28.6,24.3,3.8,Chennai
2015-10-30,27.7,24.8,14.3,Chennai
2015-10-31,27.8,24.1,13.7,Chennai
2015-11-01,29.9,24.4,18.8,Chennai
2015-11-02,28.5,23.9,5.8,Chennai
2015-11-03,30.3,24,10.3,Chennai
2015-11-04,30.6,24.9,6.9,Chennai
2015-11-05,29.5,24.1,2.7,Chennai
2015-11-06,29.7,24.3,2.4,Chennai
2015-11-07,28.4,24.4,7.3,Chennai
2015-11-08,26,24.5,51.8,Chennai
2015-11-09,26.1,24.9,80.8,Chennai
2015-11-10,27,24.4,1.8,Chennai
2015-11-11,28.2,24.4,14,Chennai
2015-11-12,28,24.3,16,Chennai
2015-11-13,27.9,24.4,22.6,Chennai
2015-11-14,29.2,24.7,5.1,Chennai
2015-11-15,25.8,24.7,47.1,Chennai
2015-11-16,25.7,24.8,115.7,Chennai
2015-11-17,26.3,22.4,0,Chennai
2015-11-18,28.5,23,10.4,Chennai
2015-11-19,27.6,24,30.8,Chennai
2015-11-20,28,24,13.6,Chennai
2015-11-21,28.3,23.9,6.7,Chennai
2015-11-22,27.3,24.4,19.2,Chennai
2015-11-23,28.5,24.1,14.6,Chennai
2015-11-24,28.9,23.4,1.4,Chennai
2015-11-25,28.9,23.2,0.9,Chennai
2015-11-26,28.5,24,2.8,Chennai
2015-11-27,28.7,22.9,0,Chennai
2015-11-28,28.5,21.7,0.4,Chennai
2015-11-29,27.5,24.3,17.5,Chennai
2015-11-30,26.6,24.3,12.5,Chennai
2015-12-01,25.5,24.1,48.8,Chennai
2015-12-02,24.8,24,57.9,Chennai
2015-12-03,26.4,24.1,22.9,Chennai
2015-12-04,27.9,23.5,9.3,Chennai
2015-12-05,28.2,24.4,10.2,Chennai
2015-12-06,26.6,24.2,19.8,Chennai
2015-12-07,28.2,24.9,0,Chennai
2015-12-08,28.1,24.3,1.9,Chennai
2015-12-09,27.1,23.8,17.8,Chennai
2015-12-10,28.2,23.5,1.6,Chennai
2015-12-11,28.3,24,1.6,Chennai
2015-12-12,29.1,23.3,0,Chennai
2015-12-13,28.9,22,0,Chennai
2015-12-14,28.4,21.8,0,Chennai
2015-12-15,27.9,21.5,0,Chennai
2015-12-16,28.4,19.7,0,Chennai
2015-12-17,28.3,21,0,Chennai
2015-12-18,29,21,0,Chennai
2015-12-19,28.8,22.8,0.3,Chennai
2015-12-20,28.5,22,0,Chennai
2015-12-21,28.5,20.7,0,Chennai
2015-12-22,28.8,21.1,0,Chennai
2015-12-23,28.8,23,0,Chennai
2015-12-24,28.8,21.8,0,Chennai
2015-12-25,28.7,21.7,0,Chennai
2015-12-26,27.4,22.9,1.6,Chennai
2015-12-27,28,24.2,0.7,Chennai
2015-12-28,27.9,23.1,0,Chennai
2015-12-29,28.1,22.4,0,Chennai
2015-12-30,28,22.2,0,Chennai
2015-12-31,28.2,20.8,0,Chennai
2016-01-01,28.2,23,0,Chennai
2016-01-02,28.2,22.1,0,Chennai
2016-01-03,28.9,19.2,0,Chennai
2016-01-04,28.9,19.9,0,Chennai
2016-01-05,28.1,21.7,0,Chennai
2016-01-06,28.1,22.3,0,Chennai
2016-01-07,28,21.8,0,Chennai
2016-01-08,27.9,21.6,0,Chennai
2016-01-09,28,19.4,0,Chennai
2016-01-10,27.9,18.8,0,Chennai
2016-01-11,28,18.3,0,Chennai
2016-01-12,28.3,19.1,0,Chennai
2016-01-13,28.3,19.2,0,Chennai
2016-01-14,28.2,20.4,0,Chennai
2016-01-15,27.8,21.1,0,Chennai
2016-01-16,27.6,18.8,0,Chennai
2016-01-17,28.1,21,0,Chennai
2016-01-18,28.1,20.3,0,Chennai
2016-01-19,29.1,22.1,0,Chennai
2016-01-20,27.5,23.3,0,Chennai
2016-01-21,29,24.2,0,Chennai
2016-01-22,28.3,23.2,1,Chennai
2016-01-23,27.9,22.9,3.3,Chennai
2016-01-24,28.5,23.3,1.1,Chennai
2016-01-25,29,22.8,0,Chennai
2016-01-26,29.3,22.6,0,Chennai
2016-01-27,29.5,22.2,0,Chennai
2016-01-28,30.1,20.7,0,Chennai
2016-01-29,30.1,20.8,0,Chennai
2016-01-30,29.8,20,0,Chennai
2016-01-31,29.6,20.6,0,Chennai
2016-02-01,29.8,19.5,0,Chennai
2016-02-02,30.1,18.6,0,Chennai
2016-02-03,30,19.4,0,Chennai
2016-02-04,30,19.1,0,Chennai
2016-02-05,29.8,22.5,0,Chennai
2016-02-06,29.2,22.2,0,Chennai
2016-02-07,30.1,22.2,0,Chennai
2016-02-08,30.1,22.4,0,Chennai
2016-02-09,30.5,21.3,0,Chennai
2016-02-10,31.1,20.3,0,Chennai
2016-02-11,31.1,20.6,0,Chennai
2016-02-12,30.8,21.2,0,Chennai
2016-02-13,30.8,21.7,0,Chennai
2016-02-14,29.5,22.3,0,Chennai
2016-02-15,29.8,21.6,0,Chennai
2016-02-16,30.4,22.9,0,Chennai
2016-02-17,29.7,23.9,0,Chennai
2016-02-18,31,24,0,Chennai
2016-02-19,31,21.9,0,Chennai
2016-02-20,32.1,22.9,0,Chennai
2016-02-21,32.6,23.5,0,Chennai
2016-02-22,32.4,23.4,0,Chennai
2016-02-23,31.4,22.4,0,Chennai
2016-02-24,31.7,22.5,0,Chennai
2016-02-25,31.6,22.8,0,Chennai
2016-02-26,30.5,24.7,0,Chennai
2016-02-27,31.1,23.3,0,Chennai
2016-02-28,31.5,25.1,0.1,Chennai
2016-02-29,31.1,24.8,0,Chennai
2016-03-01,31.5,23.8,0,Chennai
2016-03-02,31,23.9,0,Chennai
2016-03-03,30.6,23,0,Chennai
2016-03-04,31.4,21.2,0,Chennai
2016-03-05,31.8,22.8,0,Chennai
2016-03-06,31.3,23.5,0,Chennai
2016-03-07,31.5,23.7,0,Chennai
2016-03-08,31.6,23.7,0,Chennai
2016-03-09,32,22,0,Chennai
2016-03-10,32.5,23.1,0,Chennai
2016-03-11,33.4,23.2,0,Chennai
2016-03-12,33.1,22.8,0,Chennai
2016-03-13,34.2,24.9,0,Chennai
2016-03-14,33.1,25.9,0,Chennai
2016-03-15,32.8,25.3,0,Chennai
2016-03-16,33.7,25.3,0,Chennai
2016-03-17,33,26,0,Chennai
2016-03-18,33.3,24.1,0,Chennai
2016-03-19,34.6,23.6,0,Chennai
2016-03-20,35.6,24.8,0,Chennai
2016-03-21,35.8,24.9,0,Chennai
2016-03-22,36.3,26.4,0,Chennai
2016-03-23,36.3,26.9,0,Chennai
2016-03-24,34.8,26.1,0,Chennai
2016-03-25,33.8,24.8,0,Chennai
2016-03-26,34.1,25.1,0,Chennai
2016-03-27,33,24,0,Chennai
2016-03-28,33,24.3,0,Chennai
2016-03-29,33.2,24.5,0.2,Chennai
2016-03-30,34,25.7,0,Chennai
2016-03-31,34,26,0,Chennai
2016-04-01,34.7,25.9,0,Chennai
2016-04-02,34.7,25.9,0,Chennai
2016-04-03,35.3,26.3,0,Chennai
2016-04-04,35,25.8,0,Chennai
2016-04-05,35.4,26.1,0,Chennai
2016-04-06,34.4,25.9,1,Chennai
2016-04-07,34.3,26.7,1,Chennai
2016-04-08,33,27.6,0.9,Chennai
2016-04-09,33.9,26.5,0,Chennai
2016-04-10,35,25.9,0,Chennai
2016-04-11,35.5,25.4,0,Chennai
2016-04-12,35.8,26.5,0,Chennai
2016-04-13,37.3,28.3,0,Chennai
2016-04-14,37,28.5,0,Chennai
2016-04-15,35.6,28.4,0,Chennai
2016-04-16,35.5,27.9,0,Chennai
2016-04-17,35.3,27.9,0,Chennai
2016-04-18,35.2,27.7,0,Chennai
2016-04-19,34.8,27.9,0,Chennai
2016-04-20,36.1,27.5,0,Chennai
2016-04-21,36.8,28.5,0,Chennai
2016-04-22,38.6,28.4,0,Chennai
2016-04-23,38.5,29.1,0,Chennai
2016-04-24,38.1,29.4,0,Chennai
2016-04-25,36.7,29.2,0,Chennai
2016-04-26,35,28.4,0,Chennai
2016-04-27,34.8,27.5,0,Chennai
2016-04-28,36.2,27.9,0,Chennai
2016-04-29,36.7,27.7,0,Chennai
2016-04-30,36.5,27.5,0,Chennai
2016-05-01,37.3,27.6,0,Chennai
2016-05-02,37.5,27.5,0,Chennai
2016-05-03,36.6,28.6,0,Chennai
2016-05-04,36,28.7,0,Chennai
2016-05-05,35.9,28.3,0,Chennai
2016-05-06,35.3,28.1,0.4,Chennai
2016-05-07,35.2,28.2,0,Chennai
2016-05-08,36.2,28.5,0,Chennai
2016-05-09,35.4,28.4,0,Chennai
2016-05-10,35.6,27.5,0,Chennai
2016-05-11,34.9,28.6,0.8,Chennai
2016-05-12,36.7,27.9,0.5,Chennai
2016-05-13,37.4,28.1,0,Chennai
2016-05-14,36.3,28.2,0,Chennai
2016-05-15,35.1,28.4,0.2,Chennai
2016-05-16,31.5,26.1,14,Chennai
2016-05-17,27.2,26,136.4,Chennai
2016-05-18,27.4,25.7,123.1,Chennai
2016-05-19,32.7,25.5,13.9,Chennai
2016-05-20,33.8,27.3,0,Chennai
2016-05-21,35.4,28.2,0,Chennai
2016-05-22,35.9,28.4,0,Chennai
2016-05-23,36.2,28.7,0,Chennai
2016-05-24,36.1,28.3,0,Chennai
2016-05-25,36.5,28.7,0,Chennai
2016-05-26,36.3,28.9,0,Chennai
2016-05-27,35.2,28.4,0.7,Chennai
2016-05-28,36.2,27.8,0,Chennai
2016-05-29,34.9,27.6,0,Chennai
2016-05-30,35.7,28.3,0,Chennai
2016-05-31,35.1,28.3,0,Chennai
2016-06-01,36.1,28.4,0.4,Chennai
2016-06-02,34.9,27.9,1.1,Chennai
2016-06-03,34.8,28.1,0.6,Chennai
2016-06-04,33.4,27.7,0.9,Chennai
2016-06-05,34.5,25.9,19.8,Chennai
2016-06-06,32.6,26.8,2.5,Chennai
2016-06-07,32,26.2,22.5,Chennai
2016-06-08,31.4,26.1,14.9,Chennai
2016-06-09,32.8,27.5,0,Chennai
2016-06-10,33.1,27.7,0,Chennai
2016-06-11,34.2,27.9,0,Chennai
2016-06-12,34.9,27.7,1.1,Chennai
2016-06-13,34.6,27.4,3.7,Chennai
2016-06-14,34.9,27.6,2.2,Chennai
2016-06-15,34.5,28.3,0,Chennai
2016-06-16,35,28.5,0,Chennai
2016-06-17,33.7,27.5,0.3,Chennai
2016-06-18,33.3,27.2,1.6,Chennai
2016-06-19,33.4,26,11.2,Chennai
2016-06-20,31.4,26.1,9.9,Chennai
2016-06-21,31.8,25.8,10.9,Chennai
2016-06-22,31.3,25.1,10.7,Chennai
2016-06-23,30,25.9,2.6,Chennai
2016-06-24,31.7,25.9,3.4,Chennai
2016-06-25,32.9,26.1,1.1,Chennai
2016-06-26,30.5,26.7,0,Chennai
2016-06-27,31.9,26.4,2.3,Chennai
2016-06-28,28.5,26.1,11.9,Chennai
2016-06-29,29,25.3,8,Chennai
2016-06-30,31.8,25,1.8,Chennai
2016-07-01,33.4,26.6,0,Chennai
2016-07-02,33.3,27.2,0,Chennai
2016-07-03,33.4,27,0,Chennai
2016-07-04,33.7,26.5,2.9,Chennai
2016-07-05,31.6,26.6,1.3,Chennai
2016-07-06,33,27.3,0.5,Chennai
2016-07-07,32.1,26.3,0.9,Chennai
2016-07-08,33.7,27.3,0.8,Chennai
2016-07-09,34.1,27.5,0,Chennai
2016-07-10,34.3,27.5,0,Chennai
2016-07-11,34.6,27.9,0,Chennai
2016-07-12,34.3,27.8,0,Chennai
2016-07-13,35.3,27.2,0,Chennai
2016-07-14,34.9,28,0,Chennai
2016-07-15,33.4,26.8,5.2,Chennai
2016-07-16,33.2,26.5,3.8,Chennai
2016-07-17,32.4,25.9,6.6,Chennai
2016-07-18,33.2,25.6,11.7,Chennai
2016-07-19,28.8,25.3,10.1,Chennai
2016-07-20,30.5,25.6,4.9,Chennai
2016-07-21,31.3,25.2,5.3,Chennai
2016-07-22,30.4,24.7,37.3,Chennai
2016-07-23,30,25.1,3.6,Chennai
2016-07-24,31.4,25.2,18.7,Chennai
2016-07-25,31,25.2,8.4,Chennai
2016-07-26,30.4,24.9,6.4,Chennai
2016-07-27,31.3,25.8,0.3,Chennai
2016-07-28,31.2,24.7,6.7,Chennai
2016-07-29,30.7,25.3,15.7,Chennai
2016-07-30,30.2,26.2,1.9,Chennai
2016-07-31,32,24.9,6,Chennai
2016-08-01,31.1,26.5,0,Chennai
2016-08-02,32.1,26,0,Chennai
2016-08-03,33.2,26.7,0,Chennai
2016-08-04,33.2,27,0,Chennai
2016-08-05,31.8,27,0.4,Chennai
2016-08-06,33.9,27.1,0,Chennai
2016-08-07,34.5,27.1,0.2,Chennai
2016-08-08,34.2,26.7,0,Chennai
2016-08-09,34.1,27.6,0,Chennai
2016-08-10,34.3,27.5,0,Chennai
2016-08-11,34.4,27.5,0,Chennai
2016-08-12,34.7,26.8,1.7,Chennai
2016-08-13,34.1,27.6,1,Chennai
2016-08-14,34.6,27.4,0,Chennai
2016-08-15,35.3,27.7,0,Chennai
2016-08-16,35.6,27.9,0,Chennai
2016-08-17,35.2,27.7,0,Chennai
2016-08-18,35.2,28.1,0,Chennai
2016-08-19,35.2,27.9,0,Chennai
2016-08-20,34.2,27.9,0,Chennai
2016-08-21,34.7,28,0,Chennai
2016-08-22,34.9,27.6,0.4,Chennai
2016-08-23,34.4,27.9,0.1,Chennai
2016-08-24,35.3,27.7,2,Chennai
2016-08-25,32.4,27.2,4.1,Chennai
2016-08-26,31,26.1,6.1,Chennai
2016-08-27,29.4,25.9,7.9,Chennai
2016-08-28,32.2,25.9,0.4,Chennai
2016-08-29,32.4,26.9,2.5,Chennai
2016-08-30,31.8,26.3,4.8,Chennai
2016-08-31,30.2,25,7.1,Chennai
2016-09-01,32.7,25.9,6.9,Chennai
2016-09-02,32.8,25.2,5.1,Chennai
2016-09-03,32.9,26.7,1.8,Chennai
2016-09-04,32.3,26,0.5,Chennai
2016-09-05,33.6,27,0,Chennai
2016-09-06,33.6,27.2,0,Chennai
2016-09-07,33.6,27.2,0,Chennai
2016-09-08,33.1,26.4,0,Chennai
2016-09-09,34.2,26.7,0,Chennai
2016-09-10,34.6,26,5.9,Chennai
2016-09-11,31.9,26.1,1.4,Chennai
2016-09-12,32.3,25.7,1.5,Chennai
2016-09-13,31.8,26.2,1.1,Chennai
2016-09-14,31,26.8,0.9,Chennai
2016-09-15,33.4,26.6,2.9,Chennai
2016-09-16,33.4,26.5,2.5,Chennai
2016-09-17,33,26.7,1.4,Chennai
2016-09-18,33.1,26.8,0,Chennai
2016-09-19,33.7,26.7,0.5,Chennai
2016-09-20,31.3,27.3,0,Chennai
2016-09-21,29.9,24.9,4.8,Chennai
2016-09-22,34.1,25,4.9,Chennai
2016-09-23,33.6,26.7,0.3,Chennai
2016-09-24,34.6,26.6,1.9,Chennai
2016-09-25,33.6,27.2,0.1,Chennai
2016-09-26,33,27.5,0,Chennai
2016-09-27,32,26.8,14.8,Chennai
2016-09-28,31.7,25.6,15.8,Chennai
2016-09-29,33,26.1,9.8,Chennai
2016-09-30,33,26,0.4,Chennai
2016-10-01,32.1,26.7,0,Chennai
2016-10-02,32.1,26.6,0.3,Chennai
2016-10-03,31.7,26.1,0.4,Chennai
2016-10-04,31.8,26.3,4.1,Chennai
2016-10-05,33.6,26.3,0.8,Chennai
2016-10-06,33.5,27.1,0.1,Chennai
2016-10-07,33.1,26.5,2,Chennai
2016-10-08,34,27.6,0,Chennai
2016-10-09,33.7,26.5,0,Chennai
2016-10-10,34.5,27.3,1.3,Chennai
2016-10-11,33.7,26.9,4.1,Chennai
2016-10-12,34,26.9,0.7,Chennai
2016-10-13,33.1,26.5,0,Chennai
2016-10-14,32.6,24.9,0,Chennai
2016-10-15,32.2,24.7,0.2,Chennai
2016-10-16,32.7,23.9,0,Chennai
2016-10-17,32.5,23.4,0,Chennai
2016-10-18,33.1,23.3,0,Chennai
2016-10-19,33.4,23.8,0,Chennai
2016-10-20,33,24.6,0,Chennai
2016-10-21,33.3,24.3,0,Chennai
2016-10-22,33.3,25.1,0,Chennai
2016-10-23,33.3,23.9,0,Chennai
2016-10-24,34,23.4,0,Chennai
2016-10-25,34.2,23.4,0,Chennai
2016-10-26,33.6,22.9,0,Chennai
2016-10-27,33.2,23.4,0,Chennai
2016-10-28,32.2,25.1,3.2,Chennai
2016-10-29,30.7,23.4,14.5,Chennai
2016-10-30,28.5,24.8,9.5,Chennai
2016-10-31,28.9,24.3,4.9,Chennai
2016-11-01,29.7,24.7,3.4,Chennai
2016-11-02,28.8,24.5,4.1,Chennai
2016-11-03,30.6,24.5,5.5,Chennai
2016-11-04,32.8,24.8,0,Chennai
2016-11-05,32.2,24.3,0,Chennai
2016-11-06,31.4,23.6,0,Chennai
2016-11-07,31.3,24,0.7,Chennai
2016-11-08,30.7,23.7,0.4,Chennai
2016-11-09,30.3,21.3,0,Chennai
2016-11-10,30.1,21.2,0,Chennai
2016-11-11,29.9,22.1,0,Chennai
2016-11-12,30.7,22.5,0,Chennai
2016-11-13,29.1,24.3,12.4,Chennai
2016-11-14,30.5,24.4,0.9,Chennai
2016-11-15,30.7,24,0.2,Chennai
2016-11-16,30.3,25.4,0.7,Chennai
2016-11-17,30.1,25.3,0.9,Chennai
2016-11-18,29.9,24.9,0,Chennai
2016-11-19,29.3,23.5,0,Chennai
2016-11-20,29.4,24.2,0,Chennai
2016-11-21,29.8,24,0,Chennai
2016-11-22,29.5,22.5,0,Chennai
2016-11-23,30.1,21.6,0,Chennai
2016-11-24,29.2,22.1,0,Chennai
2016-11-25,29.3,22.2,0,Chennai
2016-11-26,30,22.4,0,Chennai
2016-11-27,30.7,17.8,0,Chennai
2016-11-28,30.3,18.7,0,Chennai
2016-11-29,29.9,19.1,0,Chennai
2016-11-30,29.7,19.9,0,Chennai
2016-12-01,25.1,24.4,30.4,Chennai
2016-12-02,26.9,24,10.3,Chennai
2016-12-03,29.1,23.6,2.8,Chennai
2016-12-04,27.9,23.8,4.1,Chennai
2016-12-05,28.9,23.6,0.3,Chennai
2016-12-06,28.7,23,0,Chennai
2016-12-07,28.1,23.1,0.6,Chennai
2016-12-08,29.1,23.6,0,Chennai
2016-12-09,29.5,20.9,0,Chennai
2016-12-10,29.3,19.8,0,Chennai
2016-12-11,29.5,22.5,6.7,Chennai
2016-12-12,24.4,21.5,146.3,Chennai
2016-12-13,28.4,24.1,8.9,Chennai
2016-12-14,28.7,22.9,0,Chennai
2016-12-15,28.3,21.7,0.7,Chennai
2016-12-16,28.2,23.5,1.1,Chennai
2016-12-17,28,22,0,Chennai
2016-12-18,27.6,20.4,0,Chennai
2016-12-19,27.4,21.3,0,Chennai
2016-12-20,27.8,22,0,Chennai
2016-12-21,28.4,22.4,0,Chennai
2016-12-22,28.8,18.9,0,Chennai
2016-12-23,28.3,17.6,0,Chennai
2016-12-24,27.2,16.7,0,Chennai
2016-12-25,26.8,19.9,0,Chennai
2016-12-26,27.3,19,0,Chennai
2016-12-27,28.4,21.7,0,Chennai
2016-12-28,28.3,24,0,Chennai
2016-12-29,28,22.4,0,Chennai
2016-12-30,28.2,21.4,0,Chennai
2016-12-31,28,20.8,0,Chennai
2017-01-01,28.1,21.7,2.1,Chennai
2017-01-02,28.6,22.7,0.1,Chennai
2017-01-03,28.1,21.2,0,Chennai
2017-01-04,28.3,20.3,0,Chennai
2017-01-05,28.3,21.4,0,Chennai
2017-01-06,27.9,20.9,0.3,Chennai
2017-01-07,28.1,21.4,0,Chennai
2017-01-08,27.6,21.2,0,Chennai
2017-01-09,27.6,20.4,0,Chennai
2017-01-10,28,20,0,Chennai
2017-01-11,28.9,20.2,0,Chennai
2017-01-12,27.6,21,0.1,Chennai
2017-01-13,27.9,21.7,0,Chennai
2017-01-14,28.1,23.7,0,Chennai
2017-01-15,28.1,22.6,0,Chennai
2017-01-16,27.9,22.1,0,Chennai
2017-01-17,28,19.6,0,Chennai
2017-01-18,27.7,22.1,0,Chennai
2017-01-19,27.9,24.4,0.3,Chennai
2017-01-20,28.4,24.2,0.5,Chennai
2017-01-21,29,24.8,0.6,Chennai
2017-01-22,28.9,24.1,0,Chennai
2017-01-23,28.9,22.4,0,Chennai
2017-01-24,28.6,22.5,0,Chennai
2017-01-25,28.8,24.7,0,Chennai
2017-01-26,28.2,24.8,2.7,Chennai
2017-01-27,27.2,24.2,4.9,Chennai
2017-01-28,28.6,23.5,2.7,Chennai
2017-01-29,28.7,23.6,0.3,Chennai
2017-01-30,28.3,22.3,0,Chennai
2017-01-31,28.3,22.2,0,Chennai
2017-02-01,28.1,21,0,Chennai
2017-02-02,27.8,20.6,0,Chennai
2017-02-03,28.2,21.6,0,Chennai
2017-02-04,28.1,21.4,0.2,Chennai
2017-02-05,27.9,21.6,0,Chennai
2017-02-06,29.4,18.9,0,Chennai
2017-02-07,29,19.4,0,Chennai
2017-02-08,29.6,18.5,0,Chennai
2017-02-09,29.1,19.6,0,Chennai
2017-02-10,28.4,19,0,Chennai
2017-02-11,28,20,0,Chennai
2017-02-12,27.7,20.4,0.2,Chennai
2017-02-13,29.5,23.3,0,Chennai
2017-02-14,29.5,25,0,Chennai
2017-02-15,29.4,22.6,0,Chennai
2017-02-16,29.1,22.8,0,Chennai
2017-02-17,29,21.3,0,Chennai
2017-02-18,28.7,20.1,0,Chennai
2017-02-19,29.2,19.8,0,Chennai
2017-02-20,31,20.6,0,Chennai
2017-02-21,31.3,21.8,0,Chennai
2017-02-22,30.5,21.5,0,Chennai
2017-02-23,30.4,23.4,0,Chennai
2017-02-24,29.6,22.6,0,Chennai
2017-02-25,29.2,21.4,0,Chennai
2017-02-26,29.7,22.4,0,Chennai
2017-02-27,29.5,22.5,0,Chennai
2017-02-28,30,21.8,0,Chennai
2017-03-01,29.8,21,0,Chennai
2017-03-02,29.9,21.2,0,Chennai
2017-03-03,30.1,22.3,0,Chennai
2017-03-04,29.5,25.7,1.1,Chennai
2017-03-05,30.6,25.2,0.3,Chennai
2017-03-06,31.2,25.7,1.3,Chennai
2017-03-07,30.5,25.7,0.9,Chennai
2017-03-08,30.8,25.8,1.1,Chennai
2017-03-09,30.6,26.3,4.6,Chennai
2017-03-10,31.5,26.5,0.6,Chennai
2017-03-11,31.5,26.6,7,Chennai
2017-03-12,31.9,26.5,0.3,Chennai
2017-03-13,31,26.2,0.7,Chennai
2017-03-14,29.5,25.8,2.1,Chennai
2017-03-15,31.2,26.1,1,Chennai
2017-03-16,30.7,25.4,0.3,Chennai
2017-03-17,31.7,24.5,0,Chennai
2017-03-18,31.6,25,0,Chennai
2017-03-19,32.1,24.9,0,Chennai
2017-03-20,32.8,26.1,0.6,Chennai
2017-03-21,32.7,26.4,0,Chennai
2017-03-22,31.8,25.5,0,Chennai
2017-03-23,31.8,24.3,0,Chennai
2017-03-24,31.8,23.6,0,Chennai
2017-03-25,31.6,23,0,Chennai
2017-03-26,31.3,23.7,0,Chennai
2017-03-27,32.2,22.9,0,Chennai
2017-03-28,32.3,25.3,0,Chennai
2017-03-29,32.5,24.6,0,Chennai
2017-03-30,33.1,25.9,0,Chennai
2017-03-31,32.7,26.7,0,Chennai
2017-04-01,33.5,24.7,0,Chennai
2017-04-02,33.8,25.8,0,Chennai
2017-04-03,33.2,27.1,0,Chennai
2017-04-04,32.3,27.2,0.5,Chennai
2017-04-05,33.1,27.5,0.7,Chennai
2017-04-06,33.4,27,0,Chennai
2017-04-07,34,26.4,0,Chennai
2017-04-08,33,26.4,0,Chennai
2017-04-09,33.1,26.2,0.1,Chennai
2017-04-10,34.6,26.7,0,Chennai
2017-04-11,33.8,27.3,0,Chennai
2017-04-12,33.3,26.8,0,Chennai
2017-04-13,32.9,26.3,0,Chennai
2017-04-14,33,25.3,0,Chennai
2017-04-15,33.4,23.9,0,Chennai
2017-04-16,36.4,25.8,0,Chennai
2017-04-17,36.3,27.1,0,Chennai
2017-04-18,35,28.3,0,Chennai
2017-04-19,34.7,27.5,0,Chennai
2017-04-20,34.5,27.5,0,Chennai
2017-04-21,35.1,28,0,Chennai
2017-04-22,35.1,27.8,0,Chennai
2017-04-23,34.9,28.3,0,Chennai
2017-04-24,34.3,28.2,0,Chennai
2017-04-25,34.1,28.2,0,Chennai
2017-04-26,34.5,27.7,0,Chennai
2017-04-27,34.6,27.1,0,Chennai
2017-04-28,34.1,27.6,0,Chennai
2017-04-29,33.8,27.5,0,Chennai
2017-04-30,33.8,27.1,0,Chennai
2017-05-01,33.1,27.7,0.9,Chennai
2017-05-02,32.9,27.4,0.1,Chennai
2017-05-03,32.5,27,0.7,Chennai
2017-05-04,33.7,27,0.2,Chennai
2017-05-05,33.6,27.3,0,Chennai
2017-05-06,33.9,28.3,0.2,Chennai
2017-05-07,33.9,28.5,0.3,Chennai
2017-05-08,34.5,27.9,0,Chennai
2017-05-09,34.7,28.5,0,Chennai
2017-05-10,31.8,28,0.5,Chennai
2017-05-11,33.1,27.4,1.4,Chennai
2017-05-12,32.2,28.1,1.4,Chennai
2017-05-13,33.7,27.3,0.5,Chennai
2017-05-14,35.3,28,0,Chennai
2017-05-15,36.8,28.6,0,Chennai
2017-05-16,37.6,28.7,0,Chennai
2017-05-17,40.2,30,0,Chennai
2017-05-18,41.1,30.5,0,Chennai
2017-05-19,39.2,29.9,0.1,Chennai
2017-05-20,38.2,29,0,Chennai
2017-05-21,35.4,29.4,0,Chennai
2017-05-22,35.4,28.8,0,Chennai
2017-05-23,36.2,28.1,0,Chennai
2017-05-24,36.9,29.3,0,Chennai
2017-05-25,35.7,28.9,0,Chennai
2017-05-26,37.9,29,0.9,Chennai
2017-05-27,37.3,28.4,0,Chennai
2017-05-28,39.1,28.5,0.4,Chennai
2017-05-29,39.5,30.6,0.2,Chennai
2017-05-30,40.2,30.3,0,Chennai
2017-05-31,37.3,29.9,0,Chennai
2017-06-01,36.4,28.4,0,Chennai
2017-06-02,33.9,28.4,0,Chennai
2017-06-03,36.6,28.7,0.5,Chennai
2017-06-04,38.2,30,0,Chennai
2017-06-05,38.3,29.1,0.6,Chennai
2017-06-06,37,28.5,10.5,Chennai
2017-06-07,32.4,26.8,0,Chennai
2017-06-08,32.5,28,0.3,Chennai
2017-06-09,35.5,28.3,0,Chennai
2017-06-10,36,29.2,1,Chennai
2017-06-11,35.9,29,0.2,Chennai
2017-06-12,36.4,28.8,0.1,Chennai
2017-06-13,35.2,28.6,0.6,Chennai
2017-06-14,36.3,28.6,0.3,Chennai
2017-06-15,34.2,28.2,0.5,Chennai
2017-06-16,32.3,27.9,1.9,Chennai
2017-06-17,34.4,27.1,0.6,Chennai
2017-06-18,34.6,27.9,0.3,Chennai
2017-06-19,34.9,26.9,6,Chennai
2017-06-20,31.2,25.8,5.4,Chennai
2017-06-21,34.5,27.3,0.3,Chennai
2017-06-22,34.3,27.6,0,Chennai
2017-06-23,34.9,28,6.1,Chennai
2017-06-24,31.9,26.1,0.8,Chennai
2017-06-25,33.7,27.3,0.2,Chennai
2017-06-26,34.6,28.4,0.9,Chennai
2017-06-27,34.3,28.6,0,Chennai
2017-06-28,34.2,28.4,0.1,Chennai
2017-06-29,36.4,29,0,Chennai
2017-06-30,36.4,28.6,1.2,Chennai
2017-07-01,35.3,26.7,2.1,Chennai
2017-07-02,35.9,28.5,0,Chennai
2017-07-03,35.8,28.6,1.4,Chennai
2017-07-04,35.8,28.3,0,Chennai
2017-07-05,37.1,28,0,Chennai
2017-07-06,36.3,28.9,0.1,Chennai
2017-07-07,33.6,25.8,0,Chennai
2017-07-08,33.1,27.1,1,Chennai
2017-07-09,35,27.3,5.5,Chennai
2017-07-10,33.7,26.1,0.1,Chennai
2017-07-11,35,27.8,0.9,Chennai
2017-07-12,29.6,25,11.3,Chennai
2017-07-13,31.9,26.1,0.1,Chennai
2017-07-14,33.1,27.1,0,Chennai
2017-07-15,34.3,27.5,0,Chennai
2017-07-16,34.7,27,0,Chennai
2017-07-17,35.2,28.1,0.5,Chennai
2017-07-18,33.9,28.1,0.7,Chennai
2017-07-19,35.1,28,0.7,Chennai
2017-07-20,35.3,27.9,0,Chennai
2017-07-21,36.4,28.1,0,Chennai
2017-07-22,35.9,28.5,0,Chennai
2017-07-23,36.4,28.5,0.2,Chennai
2017-07-24,35.5,28.4,0.1,Chennai
2017-07-25,36.1,28.3,0.1,Chennai
2017-07-26,35,27.9,1.1,Chennai
2017-07-27,35,27,1.1,Chennai
2017-07-28,35.4,26.4,8.5,Chennai
2017-07-29,32.3,24.9,12.8,Chennai
2017-07-30,34.4,26.1,7.8,Chennai
2017-07-31,32.2,25.1,9.7,Chennai
2017-08-01,34.3,26,11.2,Chennai
2017-08-02,34,25.6,0.9,Chennai
2017-08-03,35.3,27.1,2.8,Chennai
2017-08-04,35.5,27.7,0.8,Chennai
2017-08-05,34.7,27.3,2.7,Chennai
2017-08-06,33.9,26.5,3.5,Chennai
2017-08-07,31.6,27.1,4.5,Chennai
2017-08-08,33.5,25.3,10.8,Chennai
2017-08-09,32.2,25.5,11.7,Chennai
2017-08-10,31.1,25.1,14.7,Chennai
2017-08-11,31.6,26,5.5,Chennai
2017-08-12,32.1,25.9,16.3,Chennai
2017-08-13,32.3,25,21.9,Chennai
2017-08-14,31.3,25,4.9,Chennai
2017-08-15,30.9,24.9,11.9,Chennai
2017-08-16,33,25.9,0.8,Chennai
2017-08-17,31.7,25.8,10.2,Chennai
2017-08-18,29,25.4,25.6,Chennai
2017-08-19,32.4,25.4,1.7,Chennai
2017-08-20,31.8,25.7,0,Chennai
2017-08-21,32,25.7,9.7,Chennai
2017-08-22,31.3,25.3,5.7,Chennai
2017-08-23,32.2,26.2,9.4,Chennai
2017-08-24,31.4,25.7,12,Chennai
2017-08-25,30,24.9,15.8,Chennai
2017-08-26,33.2,26.2,4.8,Chennai
2017-08-27,30.1,25.7,17.4,Chennai
2017-08-28,30.8,25.9,1,Chennai
2017-08-29,32.2,27,1.1,Chennai
2017-08-30,33.8,26.9,2.4,Chennai
2017-08-31,32.3,25.1,8.8,Chennai
2017-09-01,31.7,26.6,8.1,Chennai
2017-09-02,32,25.1,15.4,Chennai
2017-09-03,31.2,25.3,3.2,Chennai
2017-09-04,32.3,25.8,2.1,Chennai
2017-09-05,32.6,26.5,11.8,Chennai
2017-09-06,31.6,25.3,11,Chennai
2017-09-07,29.9,25.2,3.6,Chennai
2017-09-08,30.1,25.6,7.8,Chennai
2017-09-09,30.4,25.7,1.7,Chennai
2017-09-10,30.1,25.1,6.7,Chennai
2017-09-11,30.2,26.5,1.4,Chennai
2017-09-12,30.9,25.9,5.6,Chennai
2017-09-13,30.4,26.3,1.6,Chennai
2017-09-14,31.2,26.2,1.1,Chennai
2017-09-15,31.4,26.4,3.1,Chennai
2017-09-16,31.6,26.5,11.3,Chennai
2017-09-17,29.1,25.5,14.8,Chennai
2017-09-18,31,25.9,0.2,Chennai
2017-09-19,32.5,26.6,0,Chennai
2017-09-20,33,26,0,Chennai
2017-09-21,32.8,26.4,3.7,Chennai
2017-09-22,31.2,25.9,4.5,Chennai
2017-09-23,31.7,26.6,3.7,Chennai
2017-09-24,30.8,25.5,25.7,Chennai
2017-09-25,30.8,24.6,31.3,Chennai
2017-09-26,29.7,24.7,16.6,Chennai
2017-09-27,30.6,24.8,8.1,Chennai
2017-09-28,30.2,24.9,10.6,Chennai
2017-09-29,31.1,25.8,7.3,Chennai
2017-09-30,31,24.8,14.6,Chennai
2017-10-01,31.7,24.7,13.4,Chennai
2017-10-02,31.4,24.8,16.2,Chennai
2017-10-03,31.5,25.4,18.1,Chennai
2017-10-04,31.8,24.5,13.2,Chennai
2017-10-05,30.3,24.8,3.8,Chennai
2017-10-06,29.7,24.4,16.6,Chennai
2017-10-07,30.3,25.1,3.5,Chennai
2017-10-08,30.8,25.5,1.8,Chennai
2017-10-09,30.3,24.7,10.4,Chennai
2017-10-10,30.3,24.7,3.7,Chennai
2017-10-11,30.6,24.6,8.3,Chennai
2017-10-12,30.2,25.1,7.2,Chennai
2017-10-13,28.4,25.9,3.1,Chennai
2017-10-14,28.8,24.8,8.9,Chennai
2017-10-15,30.5,25.2,7.6,Chennai
2017-10-16,29.6,25.6,17.2,Chennai
2017-10-17,30.4,25.2,0.6,Chennai
2017-10-18,31.9,25.8,2.3,Chennai
2017-10-19,32.2,25,0,Chennai
2017-10-20,32.1,26.4,1.8,Chennai
2017-10-21,31.8,26.7,6.5,Chennai
2017-10-22,31.4,26.4,0.8,Chennai
2017-10-23,31.9,26.1,0.2,Chennai
2017-10-24,30.7,25,0.1,Chennai
2017-10-25,29.6,25.9,2.6,Chennai
2017-10-26,28.4,25.2,10.2,Chennai
2017-10-27,27.5,24.7,9.9,Chennai
2017-10-28,30,25.2,1.3,Chennai
2017-10-29,29.9,24.7,6.1,Chennai
2017-10-30,26.4,24.4,43.9,Chennai
2017-10-31,26.1,23.9,40,Chennai
2017-11-01,26.3,24.1,35.9,Chennai
2017-11-02,27.5,24.2,44.6,Chennai
2017-11-03,26.7,22.6,77.3,Chennai
2017-11-04,26.5,23.4,22.2,Chennai
2017-11-05,27.6,24.1,20,Chennai
2017-11-06,27.1,24.2,20.4,Chennai
2017-11-07,27.6,23.7,10.2,Chennai
2017-11-08,29.4,23.6,2.2,Chennai
2017-11-09,29.6,25,0.1,Chennai
2017-11-10,27.9,25.7,7.8,Chennai
2017-11-11,28.7,24.6,0.6,Chennai
2017-11-12,25.1,24.2,28.7,Chennai
2017-11-13,24.7,22.6,20.7,Chennai
2017-11-14,25.3,23,12.2,Chennai
2017-11-15,31.1,23.8,4.2,Chennai
2017-11-16,30,24.9,0.1,Chennai
2017-11-17,30.3,24.6,1.7,Chennai
2017-11-18,29.2,24.5,0.3,Chennai
2017-11-19,29.1,24.6,2.9,Chennai
2017-11-20,29.1,24.6,4.1,Chennai
2017-11-21,28.7,24.4,2.7,Chennai
2017-11-22,29.3,25.3,1.5,Chennai
2017-11-23,29.3,24.6,0.1,Chennai
2017-11-24,28.5,23.8,1.7,Chennai
2017-11-25,28.5,25.1,0.1,Chennai
2017-11-26,27.4,24.5,9.7,Chennai
2017-11-27,28,24.8,3,Chennai
2017-11-28,28.4,25.1,0.9,Chennai
2017-11-29,28.3,24.4,9.2,Chennai
2017-11-30,27,24.4,20.5,Chennai
2017-12-01,26.3,24.3,39.2,Chennai
2017-12-02,28.2,25.1,0,Chennai
2017-12-03,27.6,24.8,0.4,Chennai
2017-12-04,27.1,23.3,0.5,Chennai
2017-12-05,28,24.4,0.4,Chennai
2017-12-06,27.4,24.4,0,Chennai
2017-12-07,28.3,22.8,0,Chennai
2017-12-08,28.7,20.5,0,Chennai
2017-12-09,30.1,21.6,0,Chennai
2017-12-10,28.6,21.7,0,Chennai
2017-12-11,28.4,21.5,0,Chennai
2017-12-12,27.8,22.7,0.4,Chennai
2017-12-13,27.8,23.4,1.1,Chennai
2017-12-14,28.3,22.4,0.2,Chennai
2017-12-15,28.2,24.3,1.4,Chennai
2017-12-16,28.2,24.9,0.1,Chennai
2017-12-17,28.1,25,0,Chennai
2017-12-18,27.7,23.3,0,Chennai
2017-12-19,27.9,23.6,0,Chennai
2017-12-20,27.4,22.6,0,Chennai
2017-12-21,26.5,24,4.5,Chennai
2017-12-22,27.9,22.9,0.9,Chennai
2017-12-23,27.6,23.5,0.2,Chennai
2017-12-24,27.4,21.5,0.5,Chennai
2017-12-25,27.5,22.8,2.1,Chennai
2017-12-26,27.7,22.4,0,Chennai
2017-12-27,27.3,22.8,0,Chennai
2017-12-28,26.9,22.6,0,Chennai
2017-12-29,27.8,23.1,0,Chennai
2017-12-30,27.6,21.5,0.7,Chennai
2017-12-31,27.9,22.2,0.3,Chennai
2018-01-01,29.3,21.7,0.1,Chennai
2018-01-02,28.4,20.9,1.5,Chennai
2018-01-03,28,22.5,0,Chennai
2018-01-04,28.1,22,0,Chennai
2018-01-05,27.1,20.1,0,Chennai
2018-01-06,27,20.4,0,Chennai
2018-01-07,27.1,19.5,0,Chennai
2018-01-08,27.5,19.4,0,Chennai
2018-01-09,27.7,23.9,1.9,Chennai
2018-01-10,26.6,23.6,22.8,Chennai
2018-01-11,27.9,23.5,0,Chennai
2018-01-12,28,21.7,0,Chennai
2018-01-13,27.9,21.2,0,Chennai
2018-01-14,27.7,21.2,0,Chennai
2018-01-15,27.8,21.2,0,Chennai
2018-01-16,27.7,22.1,0,Chennai
2018-01-17,27.2,20.4,0,Chennai
2018-01-18,27.1,19.6,0,Chennai
2018-01-19,27,19.6,0,Chennai
2018-01-20,26.9,20.1,0,Chennai
2018-01-21,26.9,19.9,0,Chennai
2018-01-22,26.8,20.6,0.4,Chennai
2018-01-23,27.4,21.3,0,Chennai
2018-01-24,27.7,20,0,Chennai
2018-01-25,28.3,19.9,0,Chennai
2018-01-26,28.3,20.3,0,Chennai
2018-01-27,27.7,20.3,0,Chennai
2018-01-28,27.4,21,0,Chennai
2018-01-29,27.4,21.9,0,Chennai
2018-01-30,27.7,20.4,0,Chennai
2018-01-31,28.3,19.4,0,Chennai
2018-02-01,28,17.3,0,Chennai
2018-02-02,28.7,17.3,0,Chennai
2018-02-03,27.4,17.5,0,Chennai
2018-02-04,26.9,19.6,0,Chennai
2018-02-05,28.2,22.4,0,Chennai
2018-02-06,28.3,20.9,0,Chennai
2018-02-07,28.8,22.3,0,Chennai
2018-02-08,29.6,23.1,0,Chennai
2018-02-09,28.8,21.5,0,Chennai
2018-02-10,28.6,22.7,0,Chennai
2018-02-11,28.8,23.4,0,Chennai
2018-02-12,29,24.3,0.4,Chennai
2018-02-13,28.5,22.9,0.1,Chennai
2018-02-14,28.8,24.1,0.2,Chennai
2018-02-15,29.3,23.7,0.1,Chennai
2018-02-16,29.4,22,0,Chennai
2018-02-17,29,21.4,0,Chennai
2018-02-18,28.9,20.6,0,Chennai
2018-02-19,28.2,21.6,0,Chennai
2018-02-20,28.4,20.7,0,Chennai
2018-02-21,28.8,21,0,Chennai
2018-02-22,29,20,0,Chennai
2018-02-23,28.6,19.7,0,Chennai
2018-02-24,28.8,22,0,Chennai
2018-02-25,30.3,22.6,0,Chennai
2018-02-26,30.8,21.3,0,Chennai
2018-02-27,30.5,20.7,0,Chennai
2018-02-28,29.8,20.9,0,Chennai
2018-03-01,31,22,0,Chennai
2018-03-02,31.3,22.1,0,Chennai
2018-03-03,31,20.9,0,Chennai
2018-03-04,30.9,20.2,0,Chennai
2018-03-05,29.3,19.8,0,Chennai
2018-03-06,29.6,21.7,0,Chennai
2018-03-07,30.5,21.3,0,Chennai
2018-03-08,31.1,20.1,0,Chennai
2018-03-09,30.3,21.9,0,Chennai
2018-03-10,30.7,22.4,0,Chennai
2018-03-11,29.7,23.1,0,Chennai
2018-03-12,30.7,24.1,0.1,Chennai
2018-03-13,30.8,25.8,0.6,Chennai
2018-03-14,31.2,25.2,0.2,Chennai
2018-03-15,31.3,24.5,0,Chennai
2018-03-16,31.1,25.7,2.3,Chennai
2018-03-17,28.4,25.4,5,Chennai
2018-03-18,30.7,25,0,Chennai
2018-03-19,30.6,24.8,0,Chennai
2018-03-20,31,22.6,0,Chennai
2018-03-21,32.5,23.4,0,Chennai
2018-03-22,33.1,23.9,0,Chennai
2018-03-23,32.9,24.7,0,Chennai
2018-03-24,32,25.3,0,Chennai
2018-03-25,30.9,25.3,0,Chennai
2018-03-26,31.1,24.4,0,Chennai
2018-03-27,31.9,24.8,0,Chennai
2018-03-28,32.8,26,0.6,Chennai
2018-03-29,33.5,26.4,0,Chennai
2018-03-30,33.1,25.9,0.4,Chennai
2018-03-31,32.9,26.1,1.5,Chennai
2018-04-01,31.4,26.3,1.4,Chennai
2018-04-02,31.6,26.4,0.7,Chennai
2018-04-03,31.3,26.2,0.1,Chennai
2018-04-04,31.6,25.4,0,Chennai
2018-04-05,31.6,25,0,Chennai
2018-04-06,31.6,25.5,0,Chennai
2018-04-07,31.9,25.9,0.1,Chennai
2018-04-08,30.8,25.8,0.9,Chennai
2018-04-09,31.7,26.6,0.2,Chennai
2018-04-10,32.1,25.4,0.2,Chennai
2018-04-11,31.9,26.1,1.8,Chennai
2018-04-12,32.5,26.5,0.4,Chennai
2018-04-13,31.9,26.8,0.8,Chennai
2018-04-14,32.5,26.6,0.5,Chennai
2018-04-15,32.1,27.3,1.3,Chennai
2018-04-16,32.8,27.4,0.9,Chennai
2018-04-17,33.1,27.2,0.2,Chennai
2018-04-18,33.6,26.2,0,Chennai
2018-04-19,34.7,27.9,0,Chennai
2018-04-20,34.6,27.9,0,Chennai
2018-04-21,33.6,28.4,0.1,Chennai
2018-04-22,34.1,27.2,0,Chennai
2018-04-23,33.4,27.4,0.1,Chennai
2018-04-24,33.7,27,0,Chennai
2018-04-25,34.1,27.8,0.1,Chennai
2018-04-26,34,27.5,0.1,Chennai
2018-04-27,33.4,27.7,0,Chennai
2018-04-28,33,27.4,0.3,Chennai
2018-04-29,33.6,27.2,0.1,Chennai
2018-04-30,34.8,28.1,0,Chennai
2018-05-01,35.6,28.9,0,Chennai
2018-05-02,34.8,28.8,0.1,Chennai
2018-05-03,33.9,26.2,1,Chennai
2018-05-04,33,27.3,1,Chennai
2018-05-05,32.7,27.5,0.6,Chennai
2018-05-06,33.3,27.6,0.4,Chennai
2018-05-07,34.8,27.8,0,Chennai
2018-05-08,34.5,28.5,0,Chennai
2018-05-09,33.4,28.2,0.2,Chennai
2018-05-10,32.8,27.9,0.6,Chennai
2018-05-11,34.5,27.9,0,Chennai
2018-05-12,34.2,28.3,0.1,Chennai
2018-05-13,34.2,28.4,0,Chennai
2018-05-14,33.7,27.7,0,Chennai
2018-05-15,33.3,26.9,0.9,Chennai
2018-05-16,33.2,27.6,0,Chennai
2018-05-17,33.8,27.9,0,Chennai
2018-05-18,34.2,27.5,0,Chennai
2018-05-19,35.3,27.9,0,Chennai
2018-05-20,34.6,28,0,Chennai
2018-05-21,34.1,28.4,0.2,Chennai
2018-05-22,33.6,28.1,0.3,Chennai
2018-05-23,32.8,27.6,0.7,Chennai
2018-05-24,33,27.1,0.3,Chennai
2018-05-25,32.7,26.7,2,Chennai
2018-05-26,32.6,27,0,Chennai
2018-05-27,32.9,27.1,0.9,Chennai
2018-05-28,33.6,28.2,0,Chennai
2018-05-29,37.3,28.7,0,Chennai
2018-05-30,37.6,29.6,0,Chennai
2018-05-31,37.1,28.5,0,Chennai
2018-06-01,35.1,28.7,0,Chennai
2018-06-02,34.6,27.3,1.6,Chennai
2018-06-03,34.3,27.2,4.1,Chennai
2018-06-04,34.3,28.5,0,Chennai
2018-06-05,36.3,28.9,0.6,Chennai
2018-06-06,35.6,27.9,3.8,Chennai
2018-06-07,36.9,27.2,1.4,Chennai
2018-06-08,37.6,28.8,0,Chennai
2018-06-09,37.7,29.3,0.4,Chennai
2018-06-10,36.8,28.8,0,Chennai
2018-06-11,36.3,29.4,3.6,Chennai
2018-06-12,36.3,29.5,1.8,Chennai
2018-06-13,36.3,29.1,0,Chennai
2018-06-14,37.1,29.1,1.9,Chennai
2018-06-15,36.8,29.5,1.6,Chennai
2018-06-16,36,27.9,1.1,Chennai
2018-06-17,38.6,28.4,0.1,Chennai
2018-06-18,37.7,28.9,0,Chennai
2018-06-19,36.2,29,0.5,Chennai
2018-06-20,36.1,28.6,0,Chennai
2018-06-21,35.5,28.7,0.7,Chennai
2018-06-22,36.5,28.9,0.1,Chennai
2018-06-23,35.4,26.1,16.1,Chennai
2018-06-24,34.7,26.3,4.4,Chennai
2018-06-25,35.2,26.1,2.6,Chennai
2018-06-26,37.6,28.2,0.1,Chennai
2018-06-27,36.3,28.1,6.7,Chennai
2018-06-28,34.1,27.5,0.7,Chennai
2018-06-29,33.8,27.2,3.1,Chennai
2018-06-30,31.7,26.4,0.2,Chennai
2018-07-01,31.7,26,5.1,Chennai
2018-07-02,32.1,24.8,37.3,Chennai
2018-07-03,33.3,24.8,1.9,Chennai
2018-07-04,34.5,26.9,0.5,Chennai
2018-07-05,34.7,27.3,0.3,Chennai
2018-07-06,35.1,26.8,3.6,Chennai
2018-07-07,30.8,27.2,0.4,Chennai
2018-07-08,34.7,28.1,0.3,Chennai
2018-07-09,34.5,27.5,0.3,Chennai
2018-07-10,35.1,27.5,0.1,Chennai
2018-07-11,34.8,27.6,3.5,Chennai
2018-07-12,35.1,27.6,0.1,Chennai
2018-07-13,36.4,28.1,1.1,Chennai
2018-07-14,35.3,28.2,0.1,Chennai
2018-07-15,35.1,28.9,0,Chennai
2018-07-16,37,28.6,0.1,Chennai
2018-07-17,37.5,28.7,0.1,Chennai
2018-07-18,37.6,28.7,0,Chennai
2018-07-19,36.4,29.2,0.4,Chennai
2018-07-20,35.8,28.8,0,Chennai
2018-07-21,36.6,29.4,0,Chennai
2018-07-22,36.7,28.6,0,Chennai
2018-07-23,37.1,28.6,0.2,Chennai
2018-07-24,35.9,28,1,Chennai
2018-07-25,36,27.9,0.5,Chennai
2018-07-26,35.2,26,7.5,Chennai
2018-07-27,34.5,26,3.9,Chennai
2018-07-28,35,27.1,0.6,Chennai
2018-07-29,35.9,24.5,3.9,Chennai
2018-07-30,35.2,27.5,0.4,Chennai
2018-07-31,35,27.7,1.4,Chennai
2018-08-01,35.4,27.9,2,Chennai
2018-08-02,35.6,28,0.4,Chennai
2018-08-03,36.2,26.5,0.7,Chennai
2018-08-04,35.9,26.1,2,Chennai
2018-08-05,35.5,26.1,0.9,Chennai
2018-08-06,36.6,27.6,0,Chennai
2018-08-07,34.3,27.6,0.7,Chennai
2018-08-08,35.6,26.8,0.5,Chennai
2018-08-09,35.5,25.9,4.2,Chennai
2018-08-10,34.1,25.7,6,Chennai
2018-08-11,27.7,24.6,14.2,Chennai
2018-08-12,32.2,26.3,0,Chennai
2018-08-13,34.1,25.6,0,Chennai
2018-08-14,28.5,25.6,19.6,Chennai
2018-08-15,29.2,24.9,20.2,Chennai
2018-08-16,33.6,26.4,0.5,Chennai
2018-08-17,34.6,26.3,0.8,Chennai
2018-08-18,35.2,27,0.8,Chennai
2018-08-19,34.2,27.9,0.2,Chennai
2018-08-20,34.6,28,0.3,Chennai
2018-08-21,35.5,27.2,0,Chennai
2018-08-22,34.9,27.7,1.3,Chennai
2018-08-23,34.7,25.9,7,Chennai
2018-08-24,33,24.5,3.2,Chennai
2018-08-25,31.2,25.4,0.1,Chennai
2018-08-26,34.3,25.5,1.1,Chennai
2018-08-27,33.6,25.2,11.9,Chennai
2018-08-28,33.1,25.1,0.5,Chennai
2018-08-29,33.3,25.3,1.5,Chennai
2018-08-30,33.9,26.6,3.7,Chennai
2018-08-31,31.7,24.7,8.2,Chennai
2018-09-01,31.9,24.7,0.3,Chennai
2018-09-02,33,26.6,2.8,Chennai
2018-09-03,32,26.4,0.7,Chennai
2018-09-04,32.6,26.7,2.7,Chennai
2018-09-05,32.3,25.5,2.5,Chennai
2018-09-06,34.1,26.4,0.3,Chennai
2018-09-07,35.1,26.5,0.4,Chennai
2018-09-08,32.7,27,0.3,Chennai
2018-09-09,32.8,26.1,0.4,Chennai
2018-09-10,32,26.7,3.6,Chennai
2018-09-11,32.2,26.4,0.2,Chennai
2018-09-12,31.6,26.1,2,Chennai
2018-09-13,33.6,26,5.8,Chennai
2018-09-14,33.9,26,1.4,Chennai
2018-09-15,33.9,25.2,2.6,Chennai
2018-09-16,34.5,25,13.1,Chennai
2018-09-17,30.5,24.5,19.6,Chennai
2018-09-18,31.3,25,16.2,Chennai
2018-09-19,29.1,24.6,9.3,Chennai
2018-09-20,31.3,25.4,0.4,Chennai
2018-09-21,32.7,25.8,7.1,Chennai
2018-09-22,30.7,25.4,0,Chennai
2018-09-23,30.8,26.5,1.1,Chennai
2018-09-24,30.3,25.1,1.4,Chennai
2018-09-25,30.5,25.4,0.9,Chennai
2018-09-26,30.5,25.3,1.1,Chennai
2018-09-27,30.2,26,1.6,Chennai
2018-09-28,29.8,26,0.8,Chennai
2018-09-29,30.4,25.9,1.2,Chennai
2018-09-30,31,26.1,0.3,Chennai
2018-10-01,31.2,26.5,1.3,Chennai
2018-10-02,31.2,26.1,1.5,Chennai
2018-10-03,31.1,26,4.3,Chennai
2018-10-04,27.9,25.5,19.6,Chennai
2018-10-05,28.9,25.3,18.1,Chennai
2018-10-06,30,25.2,5,Chennai
2018-10-07,29.8,25.1,1.8,Chennai
2018-10-08,29.9,25.5,4.3,Chennai
2018-10-09,32.1,24.7,0,Chennai
2018-10-10,33.6,24.5,0,Chennai
2018-10-11,33.8,24.8,0.1,Chennai
2018-10-12,33.6,25.2,0.4,Chennai
2018-10-13,31.9,26.6,0,Chennai
2018-10-14,31.3,26.4,0.3,Chennai
2018-10-15,30.4,26.6,1.6,Chennai
2018-10-16,30,25.2,8.3,Chennai
2018-10-17,29.3,23.9,15.7,Chennai
2018-10-18,29.1,23.3,9.4,Chennai
2018-10-19,29.2,24.7,0.7,Chennai
2018-10-20,30.3,24.2,5.4,Chennai
2018-10-21,28,25.3,16.6,Chennai
2018-10-22,30,24.8,0,Chennai
2018-10-23,29.8,22.7,0,Chennai
2018-10-24,29.9,22.5,0,Chennai
2018-10-25,30.4,25.5,0,Chennai
2018-10-26,30.3,26,0,Chennai
2018-10-27,30.9,25.6,0,Chennai
2018-10-28,30.5,25.1,0.4,Chennai
2018-10-29,31.1,24.5,0,Chennai
2018-10-30,28.8,25,11.9,Chennai
2018-10-31,28,24.7,13.6,Chennai
2018-11-01,26.8,24.4,25.6,Chennai
2018-11-02,28.8,24.8,13,Chennai
2018-11-03,29.9,25.1,3.5,Chennai
2018-11-04,29.2,25,3.5,Chennai
2018-11-05,29.8,26.2,0.7,Chennai
2018-11-06,29.4,25,1.9,Chennai
2018-11-07,29.4,25.1,0,Chennai
2018-11-08,29.6,24.5,0.1,Chennai
2018-11-09,29.9,25.6,0.1,Chennai
2018-11-10,29.8,23.7,0,Chennai
2018-11-11,29.9,23.1,0.1,Chennai
2018-11-12,29.8,22.6,0,Chennai
2018-11-13,30.6,21.7,0,Chennai
2018-11-14,31.3,22.6,0,Chennai
2018-11-15,28.6,25.1,13.4,Chennai
2018-11-16,28.9,25.2,2.9,Chennai
2018-11-17,29.9,24.1,1,Chennai
2018-11-18,29.6,25.5,2.4,Chennai
2018-11-19,29.9,25.3,2.1,Chennai
2018-11-20,28.9,24.4,26.5,Chennai
2018-11-21,25.8,24.1,76.7,Chennai
2018-11-22,25.9,24.3,62.9,Chennai
2018-11-23,26.7,24.4,21.2,Chennai
2018-11-24,28.8,25,0,Chennai
2018-11-25,28.4,23.6,0.3,Chennai
2018-11-26,28.1,22.7,0,Chennai
2018-11-27,28,23.3,0,Chennai
2018-11-28,28.5,22.2,0.2,Chennai
2018-11-29,28.1,25.1,1.6,Chennai
2018-11-30,28.4,24.8,0,Chennai
2018-12-01,28.1,22.2,0.1,Chennai
2018-12-02,27.4,22.5,3.4,Chennai
2018-12-03,28.2,24.1,2.5,Chennai
2018-12-04,28.4,23.5,5.8,Chennai
2018-12-05,27.4,24.4,6.9,Chennai
2018-12-06,28.8,24,1.4,Chennai
2018-12-07,28.5,24.6,0.8,Chennai
2018-12-08,28.5,25,0.1,Chennai
2018-12-09,28.4,23.9,0.2,Chennai
2018-12-10,28.2,21.9,0,Chennai
2018-12-11,28.1,23.2,0,Chennai
2018-12-12,29,22.5,0,Chennai
2018-12-13,28.9,22.9,0,Chennai
2018-12-14,28.6,23.7,1.4,Chennai
2018-12-15,27.8,24.4,1.1,Chennai
2018-12-16,25.4,20.4,12.8,Chennai
2018-12-17,28.9,21.8,0,Chennai
2018-12-18,27.2,20.5,0,Chennai
2018-12-19,26.2,19.9,0,Chennai
2018-12-20,28.2,20.2,0,Chennai
2018-12-21,27.8,23.7,1.6,Chennai
2018-12-22,27.9,23.9,1.3,Chennai
2018-12-23,27.7,24.3,0.3,Chennai
2018-12-24,27.6,23.9,0,Chennai
2018-12-25,27.6,22.7,0,Chennai
2018-12-26,27.7,21.8,0,Chennai
2018-12-27,27.7,21.6,0,Chennai
2018-12-28,27.5,23,0.3,Chennai
2018-12-29,26.6,23.6,0.7,Chennai
2018-12-30,26.8,23,1.5,Chennai
2018-12-31,26.4,22.4,0,Chennai
2019-01-01,26,21.3,0,Chennai
2019-01-02,26.4,22.4,0,Chennai
2019-01-03,27,21.9,0,Chennai
2019-01-04,26.9,21.8,0,Chennai
2019-01-05,27.2,21.5,0,Chennai
2019-01-06,27.1,19.4,0,Chennai
2019-01-07,28,21.8,0.5,Chennai
2019-01-08,28.6,19.8,0,Chennai
2019-01-09,27.5,18.5,0,Chennai
2019-01-10,27.3,20.8,0,Chennai
2019-01-11,27.7,22,0.1,Chennai
2019-01-12,27.4,20.7,0,Chennai
2019-01-13,27.7,21.4,0.1,Chennai
2019-01-14,27.2,21.9,0,Chennai
2019-01-15,27.3,20.6,0,Chennai
2019-01-16,27.5,20.1,0,Chennai
2019-01-17,27.7,20.6,0.4,Chennai
2019-01-18,27.3,20.2,0,Chennai
2019-01-19,27.2,20,0,Chennai
2019-01-20,27.5,19.4,0,Chennai
2019-01-21,27.1,19.6,0,Chennai
2019-01-22,27.5,20.1,0,Chennai
2019-01-23,27.9,20.9,0,Chennai
2019-01-24,28,21,0,Chennai
2019-01-25,28,22.8,0.6,Chennai
2019-01-26,28.3,22.7,0.5,Chennai
2019-01-27,28,23.4,0.2,Chennai
2019-01-28,28,23.7,0,Chennai
2019-01-29,28.2,22.3,0.2,Chennai
2019-01-30,27.7,23.1,0.5,Chennai
2019-01-31,27.5,23.4,1,Chennai
2019-02-01,27.8,22.3,0,Chennai
2019-02-02,28.3,21.1,0,Chennai
2019-02-03,28.4,21,0,Chennai
2019-02-04,27.9,23.6,1.7,Chennai
2019-02-05,28.7,23.2,0,Chennai
2019-02-06,29.1,21.4,0,Chennai
2019-02-07,28.9,21.1,0,Chennai
2019-02-08,29.8,23.5,0,Chennai
2019-02-09,29.7,23.7,0.3,Chennai
2019-02-10,29.6,23.9,1.1,Chennai
2019-02-11,29.2,24.9,0.8,Chennai
2019-02-12,28.9,24.2,0,Chennai
2019-02-13,28.9,23.2,0,Chennai
2019-02-14,29.1,21.9,0,Chennai
2019-02-15,29.6,22.1,0,Chennai
2019-02-16,29.9,23.2,0,Chennai
2019-02-17,30.2,24.2,1,Chennai
2019-02-18,30.9,24.8,0.2,Chennai
2019-02-19,30,25.2,0.6,Chennai
2019-02-20,30,24.3,0,Chennai
2019-02-21,30.2,23.6,0,Chennai
2019-02-22,31.2,21.8,0,Chennai
2019-02-23,32.2,19.5,0,Chennai
2019-02-24,32,21,0,Chennai
2019-02-25,30.4,22.1,0,Chennai
2019-02-26,31.1,23.6,0,Chennai
2019-02-27,31,24.6,0.4,Chennai
2019-02-28,30.4,25.4,0.8,Chennai
2019-03-01,30.5,25.6,1.1,Chennai
2019-03-02,30.2,26,0,Chennai
2019-03-03,30.4,24.7,0.5,Chennai
2019-03-04,30.9,24.5,0,Chennai
2019-03-05,32.7,25,0,Chennai
2019-03-06,33.7,25.6,0,Chennai
2019-03-07,32.9,26.3,0,Chennai
2019-03-08,31.5,26.4,0,Chennai
2019-03-09,30.8,25.5,1.2,Chennai
2019-03-10,31.4,25.2,0.2,Chennai
2019-03-11,31.2,24.7,0,Chennai
2019-03-12,31.5,23.5,0,Chennai
2019-03-13,31.2,22.6,0,Chennai
2019-03-14,31.9,22.6,0,Chennai
2019-03-15,31.9,22.2,0,Chennai
2019-03-16,31.4,23.3,0,Chennai
2019-03-17,30.9,23.9,1,Chennai
2019-03-18,31,23,0,Chennai
2019-03-19,31.6,24,0,Chennai
2019-03-20,31.6,24.7,0,Chennai
2019-03-21,31.8,23.7,0,Chennai
2019-03-22,32,25.1,0,Chennai
2019-03-23,32.3,25.1,0,Chennai
2019-03-24,32.7,24.6,0,Chennai
2019-03-25,32.2,24.3,0,Chennai
2019-03-26,32.6,25.3,0,Chennai
2019-03-27,31.8,23.9,0,Chennai
2019-03-28,34,23.5,0,Chennai
2019-03-29,33,24.7,0,Chennai
2019-03-30,33.2,24.4,0,Chennai
2019-03-31,34.3,24.7,0,Chennai
2019-04-01,33.9,26,0,Chennai
2019-04-02,33.2,24.9,0,Chennai
2019-04-03,32.3,24.9,0,Chennai
2019-04-04,32.6,25.6,0,Chennai
2019-04-05,32.9,25.2,0.1,Chennai
2019-04-06,33.5,26,0,Chennai
2019-04-07,34,25.9,0,Chennai
2019-04-08,33,26.6,0.1,Chennai
2019-04-09,32.7,27.2,0.2,Chennai
2019-04-10,33,27,0,Chennai
2019-04-11,33.3,26.1,0,Chennai
2019-04-12,33.8,25.8,0,Chennai
2019-04-13,33.9,25,0,Chennai
2019-04-14,33.7,25.2,0,Chennai
2019-04-15,33.7,24.9,0,Chennai
2019-04-16,34.5,24.7,0,Chennai
2019-04-17,33.7,26.5,0,Chennai
2019-04-18,33.4,27,0,Chennai
2019-04-19,32.9,27.6,1.8,Chennai
2019-04-20,33.3,27.4,0.1,Chennai
2019-04-21,34,27.5,0.5,Chennai
2019-04-22,33.5,27.7,0,Chennai
2019-04-23,33.8,27.4,0,Chennai
2019-04-24,33.6,25.9,0,Chennai
2019-04-25,33.8,26.1,0,Chennai
2019-04-26,34.2,26.3,0,Chennai
2019-04-27,34.4,27.2,0,Chennai
2019-04-28,33.7,26.4,0,Chennai
2019-04-29,33.8,28.1,0.2,Chennai
2019-04-30,35.2,27.9,0,Chennai
2019-05-01,36.6,28.6,0.7,Chennai
2019-05-02,40.1,28.7,0,Chennai
2019-05-03,38,29,0,Chennai
2019-05-04,36.6,28.7,0,Chennai
2019-05-05,35.2,28.3,0,Chennai
2019-05-06,35.6,28.7,0,Chennai
2019-05-07,37.2,28.7,0,Chennai
2019-05-08,39,29.6,0,Chennai
2019-05-09,38.8,29.6,0,Chennai
2019-05-10,36.4,29.1,0,Chennai
2019-05-11,34.7,28.2,0,Chennai
2019-05-12,33.6,27.1,0,Chennai
2019-05-13,33.8,27.4,0,Chennai
2019-05-14,33.9,27.6,0,Chennai
2019-05-15,34.5,28.2,0,Chennai
2019-05-16,34.1,28.1,0,Chennai
2019-05-17,34.4,28.4,0,Chennai
2019-05-18,34.1,27.5,0,Chennai
2019-05-19,34.6,27.3,0,Chennai
2019-05-20,35.2,27,0,Chennai
2019-05-21,34.9,27.6,0,Chennai
2019-05-22,34.3,27.7,0,Chennai
2019-05-23,34.3,28.3,0,Chennai
2019-05-24,34.3,27.6,0.1,Chennai
2019-05-25,35.5,27.9,0,Chennai
2019-05-26,35.6,28.4,0,Chennai
2019-05-27,35.1,28.5,0,Chennai
2019-05-28,35.9,28.3,0,Chennai
2019-05-29,35.7,29.2,0,Chennai
2019-05-30,35.7,28.7,0.1,Chennai
2019-05-31,34.2,26.8,2,Chennai
2019-06-01,37.7,29.1,0,Chennai
2019-06-02,37.6,28.7,0,Chennai
2019-06-03,36.1,28.8,0,Chennai
2019-06-04,35.1,28.5,0,Chennai
2019-06-05,34.6,27.4,0.3,Chennai
2019-06-06,34.6,27.7,0,Chennai
2019-06-07,34.7,28.2,0,Chennai
2019-06-08,35.9,28.7,0.1,Chennai
2019-06-09,38.4,28.8,0,Chennai
2019-06-10,38.3,29.9,0,Chennai
2019-06-11,35.8,30.1,0,Chennai
2019-06-12,37.1,30.2,0,Chennai
2019-06-13,38.2,30.4,0.3,Chennai
2019-06-14,38,29.9,0.1,Chennai
2019-06-15,38.1,29.9,0,Chennai
2019-06-16,39.4,29.9,0.1,Chennai
2019-06-17,39.8,29.7,0,Chennai
2019-06-18,36,28.7,0,Chennai
2019-06-19,38.6,29.8,0.1,Chennai
2019-06-20,38.6,28.1,1.2,Chennai
2019-06-21,35.2,27.3,1,Chennai
2019-06-22,37.3,28.5,1.7,Chennai
2019-06-23,35.7,27,1.1,Chennai
2019-06-24,32.4,26.8,1.1,Chennai
2019-06-25,32.2,27.2,7.9,Chennai
2019-06-26,31.8,26.4,27,Chennai
2019-06-27,34.6,26.4,5.5,Chennai
2019-06-28,35.2,26.6,4.1,Chennai
2019-06-29,37,28.3,0.1,Chennai
2019-06-30,36.2,28.4,0.1,Chennai
2019-07-01,36.7,28,0.2,Chennai
2019-07-02,35.6,28.1,0.7,Chennai
2019-07-03,35.9,28.7,1,Chennai
2019-07-04,36.3,28.9,0.5,Chennai
2019-07-05,35.1,29.3,1,Chennai
2019-07-06,35.3,29.3,0,Chennai
2019-07-07,37,29.4,0,Chennai
2019-07-08,37.7,29.4,0,Chennai
2019-07-09,36.7,27.8,1.2,Chennai
2019-07-10,34.9,25.3,0.1,Chennai
2019-07-11,34.3,26.9,0.3,Chennai
2019-07-12,33.7,26.1,1.9,Chennai
2019-07-13,33.1,26.6,0.8,Chennai
2019-07-14,33.5,26.6,0.3,Chennai
2019-07-15,33.9,26.3,1.7,Chennai
2019-07-16,33.9,26.4,0,Chennai
2019-07-17,33,27.2,0.5,Chennai
2019-07-18,34.3,26.3,10,Chennai
2019-07-19,32.1,26,2,Chennai
2019-07-20,32.1,27,2.4,Chennai
2019-07-21,33.9,26.5,3.4,Chennai
2019-07-22,27.8,25.7,11.5,Chennai
2019-07-23,30.8,25.2,11,Chennai
2019-07-24,33.1,25.9,4.9,Chennai
2019-07-25,32.3,25,2.9,Chennai
2019-07-26,31.7,26.3,4.8,Chennai
2019-07-27,31.4,26.6,0.9,Chennai
2019-07-28,33,26.9,1.6,Chennai
2019-07-29,33,26.4,0,Chennai
2019-07-30,33.5,26.6,0,Chennai
2019-07-31,34.1,27,0,Chennai
2019-08-01,33.9,27.7,0,Chennai
2019-08-02,32.5,26.8,0.2,Chennai
2019-08-03,34.2,27.2,0,Chennai
2019-08-04,35.3,27.6,0.3,Chennai
2019-08-05,31.6,26.4,6.8,Chennai
2019-08-06,35.3,27,0.6,Chennai
2019-08-07,35.6,27.6,3.2,Chennai
2019-08-08,33.6,27.7,2,Chennai
2019-08-09,34.6,27.2,0,Chennai
2019-08-10,34.7,27.3,1,Chennai
2019-08-11,35.5,27.3,0.3,Chennai
2019-08-12,35.4,27.1,0.1,Chennai
2019-08-13,34.7,26.5,13.1,Chennai
2019-08-14,34.6,25.6,5.1,Chennai
2019-08-15,33.3,26.3,1.8,Chennai
2019-08-16,33.4,26.1,5.4,Chennai
2019-08-17,32.8,24.9,25.5,Chennai
2019-08-18,31.4,24.8,21,Chennai
2019-08-19,31.7,24.5,12.3,Chennai
2019-08-20,32.7,25.2,10.4,Chennai
2019-08-21,32.4,25.7,6.3,Chennai
2019-08-22,31.4,25.2,0.1,Chennai
2019-08-23,32.5,25.4,1.2,Chennai
2019-08-24,33,25.5,1.9,Chennai
2019-08-25,33.1,25.7,0.1,Chennai
2019-08-26,32.5,27.2,1,Chennai
2019-08-27,32.9,26.9,0.3,Chennai
2019-08-28,32.5,26.7,0,Chennai
2019-08-29,33.7,26.6,3.4,Chennai
2019-08-30,35,26.1,2.5,Chennai
2019-08-31,32.7,25.9,0.6,Chennai
2019-09-01,30.9,25.9,3.3,Chennai
2019-09-02,31.1,26.1,2.4,Chennai
2019-09-03,31.8,26,0.8,Chennai
2019-09-04,31,26.1,2.7,Chennai
2019-09-05,33.7,26.4,0,Chennai
2019-09-06,35.2,26.8,2.5,Chennai
2019-09-07,35.5,26.6,0.4,Chennai
2019-09-08,35.3,27.4,0.5,Chennai
2019-09-09,34.6,26.3,5.7,Chennai
2019-09-10,32.4,25,12.9,Chennai
2019-09-11,31.8,25.9,4.1,Chennai
2019-09-12,32.7,25.1,7,Chennai
2019-09-13,31.6,25.9,2.8,Chennai
2019-09-14,31.8,25.2,3.5,Chennai
2019-09-15,31.6,25.5,2.8,Chennai
2019-09-16,32.1,25.4,21.3,Chennai
2019-09-17,28.9,25.4,6.8,Chennai
2019-09-18,30,24.5,27.4,Chennai
2019-09-19,30,24.4,31.9,Chennai
2019-09-20,30.4,24.3,10.2,Chennai
2019-09-21,31,25.3,4.1,Chennai
2019-09-22,30.7,25.8,8.4,Chennai
2019-09-23,30.1,24.9,2.3,Chennai
2019-09-24,30,24.9,4.4,Chennai
2019-09-25,28.8,25.2,11.6,Chennai
2019-09-26,29.5,25.7,2.3,Chennai
2019-09-27,29.9,25.3,0.8,Chennai
2019-09-28,29.5,25.1,0.3,Chennai
2019-09-29,29.1,25.5,3.5,Chennai
2019-09-30,29,25.4,3.1,Chennai
2019-10-01,30.1,25.5,0.9,Chennai
2019-10-02,30.8,24.9,1.4,Chennai
2019-10-03,30.3,25.9,0.9,Chennai
2019-10-04,30.5,25.3,1.6,Chennai
2019-10-05,30,25.2,1.1,Chennai
2019-10-06,30.2,25.7,1.5,Chennai
2019-10-07,30.8,25.6,1.6,Chennai
2019-10-08,30.6,24.7,2.5,Chennai
2019-10-09,30.2,25.2,0.3,Chennai
2019-10-10,30.6,25.7,0.2,Chennai
2019-10-11,30.2,25.7,0.8,Chennai
2019-10-12,30.2,26.2,1.2,Chennai
2019-10-13,30.5,25.9,1.4,Chennai
2019-10-14,30.3,25.6,3.9,Chennai
2019-10-15,29.9,25.1,17.5,Chennai
2019-10-16,28.3,24.8,10.1,Chennai
2019-10-17,28.5,24.9,12.6,Chennai
2019-10-18,29.2,25,7.2,Chennai
2019-10-19,28.6,25.3,5.8,Chennai
2019-10-20,27.8,25.4,15.5,Chennai
2019-10-21,28.5,23.9,20.9,Chennai
2019-10-22,26.2,23.6,17.7,Chennai
2019-10-23,31.1,24,3.6,Chennai
2019-10-24,27.5,23.9,17,Chennai
2019-10-25,30.4,24.6,1.3,Chennai
2019-10-26,29.7,24.9,9.4,Chennai
2019-10-27,29.7,24.7,0.5,Chennai
2019-10-28,29,24.9,7.4,Chennai
2019-10-29,27.6,25.1,21.5,Chennai
2019-10-30,26.8,24.8,33.6,Chennai
2019-10-31,28.2,24.5,7.7,Chennai
2019-11-01,29.6,24.1,2.2,Chennai
2019-11-02,29.3,24.4,1,Chennai
2019-11-03,29.9,24.5,1,Chennai
2019-11-04,30.3,24.8,0,Chennai
2019-11-05,30.8,23.4,0,Chennai
2019-11-06,31,23.6,0,Chennai
2019-11-07,30.3,23.9,0.5,Chennai
2019-11-08,31.6,24.5,0.3,Chennai
2019-11-09,31.4,24.8,1.4,Chennai
2019-11-10,30.4,24.7,1.1,Chennai
2019-11-11,29.9,23.2,0,Chennai
2019-11-12,29.8,25.3,0.5,Chennai
2019-11-13,29.6,25.5,2,Chennai
2019-11-14,28.1,24.5,12.1,Chennai
2019-11-15,28.1,24.3,8.5,Chennai
2019-11-16,29,24.6,4.2,Chennai
2019-11-17,29,24.1,5,Chennai
2019-11-18,28.7,25.6,4.1,Chennai
2019-11-19,29,24.4,1.4,Chennai
2019-11-20,27.8,24.4,20.5,Chennai
2019-11-21,28.7,25,7.8,Chennai
2019-11-22,28.7,24.6,6,Chennai
2019-11-23,27.6,24,6.5,Chennai
2019-11-24,29.1,24.7,0.2,Chennai
2019-11-25,28.4,24.1,10.9,Chennai
2019-11-26,28.7,24.6,3.5,Chennai
2019-11-27,27.7,25.2,4.9,Chennai
2019-11-28,27.8,24.6,10.6,Chennai
2019-11-29,28.8,24.7,4.8,Chennai
2019-11-30,27.1,24.7,24.8,Chennai
2019-12-01,26.3,24.6,43.5,Chennai
2019-12-02,28.2,24.4,10.9,Chennai
2019-12-03,28.6,25.6,0.3,Chennai
2019-12-04,28.6,25.4,1.1,Chennai
2019-12-05,28.1,25.5,0.1,Chennai
2019-12-06,27.9,24.9,0.2,Chennai
2019-12-07,26.8,23.6,7.6,Chennai
2019-12-08,28.5,24,2.5,Chennai
2019-12-09,28.2,24.1,0.4,Chennai
2019-12-10,27.7,23.8,0.7,Chennai
2019-12-11,27.9,22.3,0.2,Chennai
2019-12-12,28.5,23.4,0.2,Chennai
2019-12-13,28.2,25,3.7,Chennai
2019-12-14,27.4,24.2,5,Chennai
2019-12-15,28.4,24.3,1.1,Chennai
2019-12-16,27.2,23.7,4.1,Chennai
2019-12-17,28.2,24.7,0.3,Chennai
2019-12-18,28.4,23.9,1.2,Chennai
2019-12-19,28.2,25,0.3,Chennai
2019-12-20,28.2,24.4,0,Chennai
2019-12-21,28.2,23.8,0,Chennai
2019-12-22,27.8,24.1,0.1,Chennai
2019-12-23,27.9,22.1,0,Chennai
2019-12-24,25.8,24.4,8.8,Chennai
2019-12-25,28,24.2,1.4,Chennai
2019-12-26,27.6,21.2,0,Chennai
2019-12-27,28,22,0,Chennai
2019-12-28,28.4,22.6,0.2,Chennai
2019-12-29,27.7,23.7,1.4,Chennai
2019-12-30,26.9,23.3,2.9,Chennai
2019-12-31,27,23,4.9,Chennai
2020-01-01,26.9,23.7,6.6,Chennai
2020-01-02,27.3,23.7,2.3,Chennai
2020-01-03,28.7,23.5,1.6,Chennai
2020-01-04,28.7,23.6,0.4,Chennai
2020-01-05,27.6,24.6,5.3,Chennai
2020-01-06,26.8,23.9,4,Chennai
2020-01-07,27.9,24.3,2.2,Chennai
2020-01-08,27.7,23.8,0.1,Chennai
2020-01-09,27.4,21.4,0,Chennai
2020-01-10,27.8,22.5,0,Chennai
2020-01-11,27.6,21.7,0,Chennai
2020-01-12,26.8,22.4,2,Chennai
2020-01-13,27.5,21.4,0.1,Chennai
2020-01-14,27.2,19.4,0,Chennai
2020-01-15,27.8,22.2,0,Chennai
2020-01-16,28,22.4,0,Chennai
2020-01-17,27.4,22.9,2.2,Chennai
2020-01-18,27.7,24.3,10.7,Chennai
2020-01-19,28.4,24.6,0,Chennai
2020-01-20,28.4,22.8,0,Chennai
2020-01-21,28.3,22.7,0,Chennai
2020-01-22,28.3,23.4,0,Chennai
2020-01-23,28.2,23.3,0.1,Chennai
2020-01-24,28.1,20.8,0,Chennai
2020-01-25,28,19.4,0,Chennai
2020-01-26,28.1,19.9,0,Chennai
2020-01-27,28.3,20.6,0,Chennai
2020-01-28,28.9,21.7,0,Chennai
2020-01-29,29,22.9,0,Chennai
2020-01-30,29.2,21.9,0,Chennai
2020-01-31,29,22.7,0,Chennai
2020-02-01,29.3,23.7,0,Chennai
2020-02-02,29,24.3,0,Chennai
2020-02-03,28.6,23.2,0,Chennai
2020-02-04,28.7,22.8,1,Chennai
2020-02-05,29,22.8,0,Chennai
2020-02-06,28.9,22.3,0,Chennai
2020-02-07,29,23.9,0,Chennai
2020-02-08,29.1,23.6,0,Chennai
2020-02-09,28.3,25.6,0.8,Chennai
2020-02-10,29.1,24.9,0,Chennai
2020-02-11,28.9,24.3,0.2,Chennai
2020-02-12,29.1,24.6,0.5,Chennai
2020-02-13,29.7,23.8,0,Chennai
2020-02-14,30.5,21.3,0,Chennai
2020-02-15,29.8,20.4,0,Chennai
2020-02-16,28.6,21.2,0,Chennai
2020-02-17,29,22.1,0,Chennai
2020-02-18,29,20.9,0,Chennai
2020-02-19,28.9,22.4,0,Chennai
2020-02-20,29.4,22.5,0,Chennai
2020-02-21,29.9,21.6,0,Chennai
2020-02-22,29.8,25.1,0.3,Chennai
2020-02-23,29.4,24.5,0.8,Chennai
2020-02-24,29.8,22.9,0,Chennai
2020-02-25,30.1,24.9,0.1,Chennai
2020-02-26,30,24.9,0.4,Chennai
2020-02-27,29.9,24.6,0.2,Chennai
2020-02-28,29.7,25.2,0.3,Chennai
2020-02-29,29.6,24.1,0.5,Chennai
2020-03-01,29.7,24.7,0.2,Chennai
2020-03-02,29.4,23.3,0,Chennai
2020-03-03,30.9,23.5,0,Chennai
2020-03-04,30.9,23.1,0,Chennai
2020-03-05,30.4,23.8,0,Chennai
2020-03-06,29.9,25.1,0.6,Chennai
2020-03-07,29.5,26.3,0.7,Chennai
2020-03-08,29.8,25,0.2,Chennai
2020-03-09,30.3,23.8,0,Chennai
2020-03-10,30.5,24.9,0,Chennai
2020-03-11,30.1,24.2,0,Chennai
2020-03-12,31,24.1,0,Chennai
2020-03-13,30.7,24.2,0,Chennai
2020-03-14,30.8,24.3,0,Chennai
2020-03-15,30.7,24.4,0,Chennai
2020-03-16,31.2,26.2,0,Chennai
2020-03-17,31.3,24.8,0,Chennai
2020-03-18,31.5,24.4,0,Chennai
2020-03-19,32.2,25.2,0,Chennai
2020-03-20,31.5,24.1,0,Chennai
2020-03-21,31.7,25.2,0,Chennai
2020-03-22,31.5,25.7,0,Chennai
2020-03-23,31.3,25.3,0,Chennai
2020-03-24,31.1,24.6,0,Chennai
2020-03-25,31.3,24.1,0,Chennai
2020-03-26,31.6,24.4,0,Chennai
2020-03-27,31.7,24.8,0,Chennai
2020-03-28,32.1,23.1,0,Chennai
2020-03-29,32.3,23.1,0,Chennai
2020-03-30,31.4,22.7,0,Chennai
2020-03-31,32,22.9,0,Chennai
2020-04-01,32.7,23.7,0,Chennai
2020-04-02,33,24.8,0,Chennai
2020-04-03,32.3,25.6,0,Chennai
2020-04-04,32.1,25,0,Chennai
2020-04-05,32.2,26.7,1,Chennai
2020-04-06,32.7,27,1.3,Chennai
2020-04-07,32.4,27,0.6,Chennai
2020-04-08,33.1,27.1,0.8,Chennai
2020-04-09,32,27.3,1.5,Chennai
2020-04-10,32.6,25.8,0.1,Chennai
2020-04-11,32.1,26.8,0.3,Chennai
2020-04-12,32.3,25.1,0,Chennai
2020-04-13,32.3,24.5,0,Chennai
2020-04-14,32.3,24.3,0,Chennai
2020-04-15,32.4,25.3,0,Chennai
2020-04-16,32.8,25.1,0,Chennai
2020-04-17,33.1,26.8,0,Chennai
2020-04-18,32.8,26.6,0.2,Chennai
2020-04-19,32.8,27.1,0.2,Chennai
2020-04-20,33,27,0.2,Chennai
2020-04-21,32.8,26.2,0,Chennai
2020-04-22,33.3,26.3,0.2,Chennai
2020-04-23,33.4,27,0,Chennai
2020-04-24,33.5,27.1,0.2,Chennai
2020-04-25,34.5,28.2,0,Chennai
2020-04-26,33.6,26.7,0.5,Chennai
2020-04-27,32.9,28.2,2.9,Chennai
2020-04-28,32.7,27.9,0.9,Chennai
2020-04-29,34.2,27.3,0,Chennai
2020-04-30,33,26.9,0.3,Chennai
2020-05-01,34,27.2,0,Chennai
2020-05-02,33.7,27.3,0,Chennai
2020-05-03,33.7,27.5,0,Chennai
2020-05-04,33.5,26.4,0,Chennai
2020-05-05,33.6,27.4,0,Chennai
2020-05-06,33.4,27.2,0,Chennai
2020-05-07,33.7,27.2,0.2,Chennai
2020-05-08,33.9,27.5,0.2,Chennai
2020-05-09,33.7,27.7,0,Chennai
2020-05-10,33.5,27.1,0,Chennai
2020-05-11,33.4,27.2,0.3,Chennai
2020-05-12,31.1,27.7,1,Chennai
2020-05-13,33.3,26.9,0,Chennai
2020-05-14,33.3,27.4,0.2,Chennai
2020-05-15,33.9,26.8,0.7,Chennai
2020-05-16,35.4,27.3,0.1,Chennai
2020-05-17,34.9,27.2,0,Chennai
2020-05-18,38.7,28.5,0.4,Chennai
2020-05-19,41.9,28.7,0.1,Chennai
2020-05-20,41.6,30.5,0,Chennai
2020-05-21,38.8,30.1,0,Chennai
2020-05-22,38.1,28.8,0,Chennai
2020-05-23,35.3,28.6,0,Chennai
2020-05-24,34.2,28.6,0.2,Chennai
2020-05-25,34,28.6,0.1,Chennai
2020-05-26,33.9,28.5,1.1,Chennai
2020-05-27,34.6,28.9,0.2,Chennai
2020-05-28,35.4,28.9,0,Chennai
2020-05-29,35.7,29,0,Chennai
2020-05-30,33.5,29.1,0,Chennai
2020-05-31,33.8,28.6,0,Chennai
2020-06-01,34.9,28.9,0,Chennai
2020-06-02,34.5,28.5,0.7,Chennai
2020-06-03,35.7,28.5,0,Chennai
2020-06-04,35.8,28.7,0,Chennai
2020-06-05,36.3,29.8,0.7,Chennai
2020-06-06,36.5,27.8,2.2,Chennai
2020-06-07,36.8,29.2,0,Chennai
2020-06-08,37.1,28.8,0.1,Chennai
2020-06-09,36.8,28.5,0,Chennai
2020-06-10,33.5,27.3,0.8,Chennai
2020-06-11,34.9,26.7,1.2,Chennai
2020-06-12,36.3,27.7,0,Chennai
2020-06-13,36.1,28.7,0.7,Chennai
2020-06-14,36.9,29,0.7,Chennai
2020-06-15,38.4,30,1.9,Chennai
2020-06-16,37.1,28.9,0,Chennai
2020-06-17,36.8,28.3,0.5,Chennai
2020-06-18,36.7,29.7,0.3,Chennai
2020-06-19,37.2,29.3,0.3,Chennai
2020-06-20,36.9,28.5,0.4,Chennai
2020-06-21,36.7,27.9,0.4,Chennai
2020-06-22,36.2,26.5,7.1,Chennai
2020-06-23,33.4,25.8,8.1,Chennai
2020-06-24,32.5,25.9,2.5,Chennai
2020-06-25,30.7,26.1,1.3,Chennai
2020-06-26,31.2,25.6,3.3,Chennai
2020-06-27,32.7,26.9,2.1,Chennai
2020-06-28,32.3,27.1,2.8,Chennai
2020-06-29,31.3,26.6,5.7,Chennai
2020-06-30,31.7,25.9,10.3,Chennai
2020-07-01,32.8,25.7,7.1,Chennai
2020-07-02,31.1,26.6,4.9,Chennai
2020-07-03,32.6,25.8,1.8,Chennai
2020-07-04,31.6,25.6,1.7,Chennai
2020-07-05,32.3,26.7,0,Chennai
2020-07-06,33.4,26.8,1.4,Chennai
2020-07-07,34.6,26.8,2.6,Chennai
2020-07-08,31.9,25.9,5.8,Chennai
2020-07-09,31.3,25.6,17,Chennai
2020-07-10,32.3,25,22.2,Chennai
2020-07-11,30.1,25.4,5.4,Chennai
2020-07-12,33.6,26.4,5.7,Chennai
2020-07-13,32,24.9,5.8,Chennai
2020-07-14,31.8,26.8,0.8,Chennai
2020-07-15,32.4,26.1,4,Chennai
2020-07-16,31.7,26.1,0.8,Chennai
2020-07-17,32.6,25.8,1.1,Chennai
2020-07-18,32,26.5,0,Chennai
2020-07-19,30.4,26.1,3.9,Chennai
2020-07-20,30.6,25.8,6.6,Chennai
2020-07-21,30.7,26.8,0.5,Chennai
2020-07-22,31.4,26.9,0.7,Chennai
2020-07-23,31.8,25.8,11.9,Chennai
2020-07-24,31.6,25.1,9.7,Chennai
2020-07-25,31.9,25.2,2.3,Chennai
2020-07-26,32.1,25.1,0.3,Chennai
2020-07-27,32.5,26.5,5.5,Chennai
2020-07-28,33.3,25.4,13.2,Chennai
2020-07-29,31.1,25.1,25.1,Chennai
2020-07-30,32.4,26,8.9,Chennai
2020-07-31,32.2,25.6,5.2,Chennai
2020-08-01,32.5,25.9,0.6,Chennai
2020-08-02,32.6,26.5,8.2,Chennai
2020-08-03,31.2,25.4,1.5,Chennai
2020-08-04,31.5,27.1,0.7,Chennai
2020-08-05,29.5,25.3,3.5,Chennai
2020-08-06,33,26.6,0,Chennai
2020-08-07,34.1,26.7,1.3,Chennai
2020-08-08,33.3,27.7,0.8,Chennai
2020-08-09,30.3,25.6,5.4,Chennai
2020-08-10,32.2,25.3,9.9,Chennai
2020-08-11,33.9,26.1,4.7,Chennai
2020-08-12,32.5,25.9,0.5,Chennai
2020-08-13,32.6,26.7,0.1,Chennai
2020-08-14,31.8,26.5,0.3,Chennai
2020-08-15,32.1,26.6,0,Chennai
2020-08-16,31.7,25.9,1.4,Chennai
2020-08-17,31.9,25.1,2.8,Chennai
2020-08-18,33.3,26.5,3.3,Chennai
2020-08-19,33.4,26.6,0,Chennai
2020-08-20,31.5,27.7,0,Chennai
2020-08-21,32.5,26.9,0.9,Chennai
2020-08-22,31.9,26.3,6.3,Chennai
2020-08-23,32.5,25.4,7.1,Chennai
2020-08-24,31.1,24.9,9.7,Chennai
2020-08-25,30.3,26.3,3.3,Chennai
2020-08-26,32,26.2,3.7,Chennai
2020-08-27,32.8,25.3,1.5,Chennai
2020-08-28,32.7,26,2.3,Chennai
2020-08-29,31.6,26.3,2,Chennai
2020-08-30,31.3,25.2,6.8,Chennai
2020-08-31,32.5,24.9,7.2,Chennai
2020-09-01,31.7,25.5,12.4,Chennai
2020-09-02,30.1,25.6,17,Chennai
2020-09-03,30.4,25.1,0.3,Chennai
2020-09-04,29.7,25.4,3.2,Chennai
2020-09-05,30.5,25.7,0.9,Chennai
2020-09-06,30.5,26,4.3,Chennai
2020-09-07,31.1,25.4,1.9,Chennai
2020-09-08,32.3,26.1,5.3,Chennai
2020-09-09,30.9,25.8,5.3,Chennai
2020-09-10,30.3,25.5,2.2,Chennai
2020-09-11,31.1,26.3,1.1,Chennai
2020-09-12,29.1,25.2,7,Chennai
2020-09-13,27.5,25.2,24.6,Chennai
2020-09-14,30.2,24.5,4.4,Chennai
2020-09-15,31.1,26,3.8,Chennai
2020-09-16,32.1,25.4,4.6,Chennai
2020-09-17,32.4,26.2,1.5,Chennai
2020-09-18,31.8,26,11.3,Chennai
2020-09-19,27.8,24.3,13.9,Chennai
2020-09-20,30.1,25.5,0.9,Chennai
2020-09-21,29.7,25.7,0,Chennai
2020-09-22,32.8,25.7,0.1,Chennai
2020-09-23,33.2,25.5,0.2,Chennai
2020-09-24,33.4,26.2,0,Chennai
2020-09-25,31.2,26.8,5.3,Chennai
2020-09-26,31.8,25.9,2.4,Chennai
2020-09-27,31.9,25.4,2.4,Chennai
2020-09-28,32.3,26,1.6,Chennai
2020-09-29,33.2,24,24.1,Chennai
2020-09-30,29.8,24.3,3.6,Chennai
2020-10-01,31.5,24.4,11.3,Chennai
2020-10-02,32.8,25.6,0.5,Chennai
2020-10-03,33.5,26.5,0.1,Chennai
2020-10-04,33.5,27.1,0.3,Chennai
2020-10-05,33.9,26.4,0,Chennai
2020-10-06,33.4,26,0.4,Chennai
2020-10-07,33.7,26.8,0.5,Chennai
2020-10-08,32.6,26,2.6,Chennai
2020-10-09,31.2,26,5.4,Chennai
2020-10-10,28.6,25.3,28.5,Chennai
2020-10-11,29.8,24.4,21.6,Chennai
2020-10-12,31,25.1,1.5,Chennai
2020-10-13,31.7,25.6,1.7,Chennai
2020-10-14,32.9,26.1,0.2,Chennai
2020-10-15,32.3,26.3,0,Chennai
2020-10-16,32.1,26.2,3.8,Chennai
2020-10-17,30.4,25.5,24.8,Chennai
2020-10-18,29.2,24.9,12.1,Chennai
2020-10-19,30.5,24.8,6.1,Chennai
2020-10-20,28.3,25,26.2,Chennai
2020-10-21,30.3,24.7,10.4,Chennai
2020-10-22,31.9,24.9,18.6,Chennai
2020-10-23,31.8,24.3,22.5,Chennai
2020-10-24,32.1,25.3,2.1,Chennai
2020-10-25,31,25.1,0,Chennai
2020-10-26,30.8,25.1,0,Chennai
2020-10-27,29,24.6,1.9,Chennai
2020-10-28,28,24.5,9.4,Chennai
2020-10-29,27,23.7,16,Chennai
2020-10-30,30.3,23.7,0.3,Chennai
2020-10-31,30.9,23.4,0,Chennai
2020-11-01,30.8,23.2,0,Chennai
2020-11-02,30.7,24.2,0.2,Chennai
2020-11-03,30.4,24.6,0.5,Chennai
2020-11-04,28.7,25.6,9.2,Chennai
2020-11-05,29.8,24.8,7.5,Chennai
2020-11-06,28.7,25.3,5,Chennai
2020-11-07,28.6,25.4,5.7,Chennai
2020-11-08,29.7,25.7,1,Chennai
2020-11-09,29.4,25.1,0,Chennai
2020-11-10,29,23.5,0.1,Chennai
2020-11-11,27.8,23.8,6.4,Chennai
2020-11-12,27.9,24.4,19.5,Chennai
2020-11-13,28.5,25,8.4,Chennai
2020-11-14,29.8,25.2,2,Chennai
2020-11-15,27,25.4,25.4,Chennai
2020-11-16,26,24.8,53.5,Chennai
2020-11-17,28.7,24.3,10.2,Chennai
2020-11-18,28.3,24.5,3.5,Chennai
2020-11-19,29.3,25.3,1.1,Chennai
2020-11-20,29.2,23.9,0.1,Chennai
2020-11-21,28.4,22.6,0,Chennai
2020-11-22,28.4,20.8,0,Chennai
2020-11-23,29.1,24.4,1.7,Chennai
2020-11-24,26.5,24.2,20,Chennai
2020-11-25,26.3,24.3,97.3,Chennai
2020-11-26,28,24.2,11.4,Chennai
2020-11-27,28.1,22.1,2.1,Chennai
2020-11-28,28,22.3,3,Chennai
2020-11-29,27.6,23.7,4.1,Chennai
2020-11-30,28.6,24.7,2,Chennai
2020-12-01,28.7,24.1,0,Chennai
2020-12-02,27.5,24.5,10.1,Chennai
2020-12-03,25.3,24.2,57,Chennai
2020-12-04,25.3,24.3,46.5,Chennai
2020-12-05,26.7,24.4,18.9,Chennai
2020-12-06,26.8,24.5,21.5,Chennai
2020-12-07,26.4,24.3,29.7,Chennai
2020-12-08,28.5,24.4,13.6,Chennai
2020-12-09,28.3,24,5.9,Chennai
2020-12-10,28,22.5,0,Chennai
2020-12-11,27.9,21.8,0.1,Chennai
2020-12-12,27.8,22.1,0,Chennai
2020-12-13,27.6,21.1,0,Chennai
2020-12-14,27.9,22.8,0,Chennai
2020-12-15,27.9,23,1.2,Chennai
2020-12-16,28.1,24.4,4.4,Chennai
2020-12-17,28,25.2,1.1,Chennai
2020-12-18,28,24.5,1,Chennai
2020-12-19,28.1,24.8,0.2,Chennai
2020-12-20,27.6,24.6,0,Chennai
2020-12-21,26.9,23.7,0,Chennai
2020-12-22,26.8,22.2,0,Chennai
2020-12-23,26.9,22.3,0,Chennai
2020-12-24,27.1,20.1,0,Chennai
2020-12-25,27.3,22.6,0,Chennai
2020-12-26,27.5,22.2,0,Chennai
2020-12-27,28,23.2,0,Chennai
2020-12-28,27.6,22.5,0,Chennai
2020-12-29,28.2,24,0.3,Chennai
2020-12-30,26.3,24,43.3,Chennai
2020-12-31,27.8,24.8,0.9,Chennai
2021-01-01,26.9,24.1,0.1,Chennai
2021-01-02,25.4,23.9,15.7,Chennai
2021-01-03,26.9,23.6,3.5,Chennai
2021-01-04,26.7,23.6,4.5,Chennai
2021-01-05,25.9,23.8,17.6,Chennai
2021-01-06,26.9,23.3,16.1,Chennai
2021-01-07,27.2,23.5,3.4,Chennai
2021-01-08,27.8,23.7,4.2,Chennai
2021-01-09,28,23.6,2,Chennai
2021-01-10,28,24,0.9,Chennai
2021-01-11,28,24,3,Chennai
2021-01-12,28.1,24.3,0.9,Chennai
2021-01-13,27.9,23.9,0.7,Chennai
2021-01-14,27.2,23.8,1.6,Chennai
2021-01-15,28.1,22.9,0,Chennai
2021-01-16,27.6,21.7,0,Chennai
2021-01-17,27.2,20.4,0,Chennai
2021-01-18,27.8,23,0,Chennai
2021-01-19,27.9,22.5,0,Chennai
2021-01-20,27.9,22.4,0,Chennai
2021-01-21,28.2,23.1,0.2,Chennai
2021-01-22,28.5,22.9,1.1,Chennai
2021-01-23,28.2,22.3,0.4,Chennai
2021-01-24,28.1,21.6,0.3,Chennai
2021-01-25,28,21.8,0.8,Chennai
2021-01-26,27.9,20.1,0,Chennai
2021-01-27,27.5,21.1,0,Chennai
2021-01-28,28.1,22.5,0.8,Chennai
2021-01-29,28.4,24,0.7,Chennai
2021-01-30,28.4,23.6,0,Chennai
2021-01-31,28.5,23.1,0,Chennai
2021-02-01,28.5,23.3,0,Chennai
2021-02-02,28.2,22.2,0.5,Chennai
2021-02-03,27.9,22.8,0,Chennai
2021-02-04,28.2,21.2,0,Chennai
2021-02-05,27.8,20.9,0,Chennai
2021-02-06,28,20.4,0,Chennai
2021-02-07,28.7,19.5,0,Chennai
2021-02-08,28.2,20.4,0,Chennai
2021-02-09,28.4,23.7,0,Chennai
2021-02-10,28,19.5,0,Chennai
2021-02-11,28.2,20.1,0,Chennai
2021-02-12,28.1,20.7,0,Chennai
2021-02-13,28.5,21.1,0,Chennai
2021-02-14,28.3,20.5,0,Chennai
2021-02-15,28.6,19.9,0,Chennai
2021-02-16,28.9,20.5,0,Chennai
2021-02-17,28.3,21.3,0,Chennai
2021-02-18,28.7,24,0,Chennai
2021-02-19,27.9,23,4.8,Chennai
2021-02-20,27.1,22.3,4.6,Chennai
2021-02-21,26.4,22,11.3,Chennai
2021-02-22,28.4,23.3,0.6,Chennai
2021-02-23,28.8,21.9,0,Chennai
2021-02-24,28.9,20.8,0,Chennai
2021-02-25,28.9,20.6,0,Chennai
2021-02-26,30.3,21,0,Chennai
2021-02-27,30.5,21.6,0,Chennai
2021-02-28,29.4,20.7,0,Chennai
2021-03-01,30.3,21.2,0,Chennai
2021-03-02,30.5,22.1,0,Chennai
2021-03-03,29.4,21.4,0,Chennai
2021-03-04,28.7,20.6,0,Chennai
2021-03-05,29.8,20.6,0,Chennai
2021-03-06,29.6,21.8,0,Chennai
2021-03-07,30.3,22.8,0,Chennai
2021-03-08,29.7,23.1,0,Chennai
2021-03-09,30.3,23.2,0.1,Chennai
2021-03-10,30.4,24.4,0.5,Chennai
2021-03-11,30.4,24.3,0,Chennai
2021-03-12,29.5,21.6,0,Chennai
2021-03-13,30.1,21.4,0,Chennai
2021-03-14,31.3,22,0,Chennai
2021-03-15,31.6,22.4,0,Chennai
2021-03-16,30.9,22.9,0,Chennai
2021-03-17,30.5,22.3,0,Chennai
2021-03-18,30.6,23.2,0,Chennai
2021-03-19,30.3,23,0,Chennai
2021-03-20,30.6,22,0,Chennai
2021-03-21,31.2,22.6,0,Chennai
2021-03-22,30.8,22.6,0,Chennai
2021-03-23,30.6,22.4,0,Chennai
2021-03-24,31.2,23.4,0,Chennai
2021-03-25,31.6,23.4,0,Chennai
2021-03-26,32,23.8,0,Chennai
2021-03-27,32.4,24,0,Chennai
2021-03-28,32,23.8,0,Chennai
2021-03-29,32.8,25.4,0,Chennai
2021-03-30,35.5,25.2,0,Chennai
2021-03-31,35.4,24.7,0,Chennai
2021-04-01,35.9,26.4,0,Chennai
2021-04-02,37.7,27.6,0,Chennai
2021-04-03,35.9,26.7,0,Chennai
2021-04-04,33.1,26.7,0,Chennai
2021-04-05,32.7,27,0,Chennai
2021-04-06,32.4,25.8,0.1,Chennai
2021-04-07,32,24.8,0,Chennai
2021-04-08,32.2,24.8,0,Chennai
2021-04-09,32.1,24.2,0,Chennai
2021-04-10,31.7,25.2,0.8,Chennai
2021-04-11,31.4,25.4,0.6,Chennai
2021-04-12,32,26.4,0.2,Chennai
2021-04-13,31.9,25.8,0,Chennai
2021-04-14,31.6,26.6,2.1,Chennai
2021-04-15,30.4,25.5,3.7,Chennai
2021-04-16,32.3,24.9,0.6,Chennai
2021-04-17,32.5,26.3,0,Chennai
2021-04-18,33.2,26.7,0,Chennai
2021-04-19,33.8,26.8,0,Chennai
2021-04-20,33.5,27.2,0,Chennai
2021-04-21,33.4,27,0,Chennai
2021-04-22,32.8,26.8,0.2,Chennai
2021-04-23,33.3,27,0.6,Chennai
2021-04-24,33,27.2,0.1,Chennai
2021-04-25,32.9,27.1,0.2,Chennai
2021-04-26,32.6,26.4,0.4,Chennai
2021-04-27,32.5,26.8,0.2,Chennai
2021-04-28,33.6,26.8,0,Chennai
2021-04-29,33.6,27.5,0,Chennai
2021-04-30,32.5,27.2,0.3,Chennai
2021-05-01,32.5,26.9,0.2,Chennai
2021-05-02,32.5,26.6,0.2,Chennai
2021-05-03,32.3,26.8,0.5,Chennai
2021-05-04,32.6,26.6,0.9,Chennai
2021-05-05,32.7,26.6,0.7,Chennai
2021-05-06,33.2,27.5,0.1,Chennai
2021-05-07,32.1,27.9,1.3,Chennai
2021-05-08,31.9,26.9,0.4,Chennai
2021-05-09,32.4,27.2,0.7,Chennai
2021-05-10,33.3,27.6,0,Chennai
2021-05-11,34.8,27.7,0,Chennai
2021-05-12,33.5,28,1.2,Chennai
2021-05-13,33.8,28.3,0.1,Chennai
2021-05-14,33.1,27.7,0.5,Chennai
2021-05-15,34.1,29.2,0,Chennai
2021-05-16,34.3,28.6,0.3,Chennai
2021-05-17,34,28.5,0.1,Chennai
2021-05-18,33.1,28.7,0,Chennai
2021-05-19,34.1,27.4,0.8,Chennai
2021-05-20,34.1,26.3,30,Chennai
2021-05-21,35.9,26.7,7.7,Chennai
2021-05-22,33.3,26.2,2.6,Chennai
2021-05-23,35.7,27.1,0,Chennai
2021-05-24,37.7,28.4,0,Chennai
2021-05-25,38.4,29.2,0.7,Chennai
2021-05-26,39.7,28.3,0,Chennai
2021-05-27,38.5,28.9,0,Chennai
2021-05-28,36.8,28,0,Chennai
2021-05-29,36.3,27.8,0,Chennai
2021-05-30,37.6,28.3,0.1,Chennai
2021-05-31,37.5,27,0.1,Chennai
2021-06-01,36,28.4,0,Chennai
2021-06-02,34.3,28,0.1,Chennai
2021-06-03,33.9,27.6,0.1,Chennai
2021-06-04,31.7,27.5,1.6,Chennai
2021-06-05,31.9,26.1,3.9,Chennai
2021-06-06,32.8,25.8,0.4,Chennai
2021-06-07,35.8,27.9,4.7,Chennai
2021-06-08,34.3,28,1,Chennai
2021-06-09,37.6,27.7,0.2,Chennai
2021-06-10,37,28.7,0.9,Chennai
2021-06-11,37.2,28.7,0,Chennai
2021-06-12,38.3,29.1,0.9,Chennai
2021-06-13,37.1,28.4,0.1,Chennai
2021-06-14,35.7,29.6,0,Chennai
2021-06-15,36.5,27.7,0.1,Chennai
2021-06-16,38.6,28.6,0.1,Chennai
2021-06-17,37.5,29.1,0.6,Chennai
2021-06-18,37,28.8,0,Chennai
2021-06-19,37.5,29,0,Chennai
2021-06-20,37.5,28.2,0.6,Chennai
2021-06-21,36.6,28,0.3,Chennai
2021-06-22,35,26.6,2.8,Chennai
2021-06-23,35.6,27.2,4,Chennai
2021-06-24,31.6,26.4,1.1,Chennai
2021-06-25,33.6,27.3,0,Chennai
2021-06-26,33.9,27,0.8,Chennai
2021-06-27,31.6,26.9,2.6,Chennai
2021-06-28,32.4,25.7,5.4,Chennai
2021-06-29,32,27.8,0.8,Chennai
2021-06-30,33.4,27.3,1.4,Chennai
2021-07-01,33,26.5,3.6,Chennai
2021-07-02,32.8,25.9,18.3,Chennai
2021-07-03,32.5,25.6,1.7,Chennai
2021-07-04,32.9,26.4,10.7,Chennai
2021-07-05,33.9,25.6,2.6,Chennai
2021-07-06,32.9,26.2,8.2,Chennai
2021-07-07,32.7,26.4,7.6,Chennai
2021-07-08,33.3,27.4,3.9,Chennai
2021-07-09,33.7,25.1,4.9,Chennai
2021-07-10,32.1,26.2,6.3,Chennai
2021-07-11,33.9,27,1.4,Chennai
2021-07-12,32.1,26.1,0.4,Chennai
2021-07-13,33.2,26.6,4.1,Chennai
2021-07-14,32.3,26,5.3,Chennai
2021-07-15,32.8,25,5.2,Chennai
2021-07-16,32.2,26.1,20.1,Chennai
2021-07-17,31.8,25.6,26.8,Chennai
2021-07-18,31.2,24.9,13.1,Chennai
2021-07-19,33.4,26,0.9,Chennai
2021-07-20,34.2,26.3,0,Chennai
2021-07-21,32,26.6,0.6,Chennai
2021-07-22,32.3,26.1,1.7,Chennai
2021-07-23,33.4,26,3.9,Chennai
2021-07-24,35,25.9,0,Chennai
2021-07-25,34.7,27.6,0.4,Chennai
2021-07-26,35,27.2,1.3,Chennai
2021-07-27,35.6,27.8,0.2,Chennai
2021-07-28,35.7,27.6,0,Chennai
2021-07-29,35.8,28.2,0.1,Chennai
2021-07-30,36.3,27.7,0,Chennai
2021-07-31,36.1,28.1,0.6,Chennai
2021-08-01,35.8,26.2,0.5,Chennai
2021-08-02,35.3,27.7,1.1,Chennai
2021-08-03,35.3,28,0.6,Chennai
2021-08-04,37.2,28.1,0.9,Chennai
2021-08-05,36.1,28.4,1.5,Chennai
2021-08-06,35.9,27.6,1.7,Chennai
2021-08-07,34.3,27.4,2,Chennai
2021-08-08,33.4,26.4,3.7,Chennai
2021-08-09,34,27.3,3.6,Chennai
2021-08-10,34.3,26.1,6.5,Chennai
2021-08-11,34.1,26.7,4,Chennai
2021-08-12,32.8,26.4,5.6,Chennai
2021-08-13,32.3,26,10.2,Chennai
2021-08-14,33.5,26.6,1.5,Chennai
2021-08-15,32.9,25.9,1.4,Chennai
2021-08-16,33,25.8,0.9,Chennai
2021-08-17,32.7,26,0.8,Chennai
2021-08-18,33.4,26.8,2.3,Chennai
2021-08-19,33.4,27.5,5.2,Chennai
2021-08-20,31.9,25.1,4.7,Chennai
2021-08-21,30.2,25.5,3.4,Chennai
2021-08-22,30.6,24.8,0.2,Chennai
2021-08-23,30.8,25.5,0,Chennai
2021-08-24,32,26.1,0.6,Chennai
2021-08-25,33.4,26.4,6.6,Chennai
2021-08-26,32.3,25.4,10.7,Chennai
2021-08-27,32.6,25.7,11.8,Chennai
2021-08-28,29.7,25.2,27.4,Chennai
2021-08-29,29.4,25.1,35.1,Chennai
2021-08-30,32.4,25.4,0.6,Chennai
2021-08-31,31.4,25.5,1.8,Chennai
2021-09-01,30.4,26.6,0.4,Chennai
2021-09-02,30.6,25.4,26.7,Chennai
2021-09-03,30.3,24.6,19.8,Chennai
2021-09-04,29.2,24.9,12.5,Chennai
2021-09-05,31,25,10.4,Chennai
2021-09-06,30,25.6,1.9,Chennai
2021-09-07,32.4,26.8,0,Chennai
2021-09-08,32.9,25.9,0.2,Chennai
2021-09-09,33.8,26.8,0.3,Chennai
2021-09-10,33.1,26.9,0.1,Chennai
2021-09-11,33,26.7,1.5,Chennai
2021-09-12,33.6,26.7,0.8,Chennai
2021-09-13,35.1,27.5,0,Chennai
2021-09-14,34.4,27.8,0,Chennai
2021-09-15,33.6,27.1,0.7,Chennai
2021-09-16,32,27.1,1.3,Chennai
2021-09-17,32.2,26.9,3.3,Chennai
2021-09-18,32.2,26.4,2.5,Chennai
2021-09-19,31.3,26.4,1.4,Chennai
2021-09-20,32.2,25.6,3.7,Chennai
2021-09-21,33.5,25.7,7.5,Chennai
2021-09-22,32.3,25.5,2.9,Chennai
2021-09-23,32.4,25.5,5.4,Chennai
2021-09-24,31.3,25.9,4.9,Chennai
2021-09-25,32.8,25.8,9.4,Chennai
2021-09-26,31,25.2,4.6,Chennai
2021-09-27,33.6,26.6,1.4,Chennai
2021-09-28,32.7,26.6,1,Chennai
2021-09-29,31.7,26.3,0,Chennai
2021-09-30,30.3,25.4,11.4,Chennai
2021-10-01,30.5,25.2,10.1,Chennai
2021-10-02,29.4,25.7,11,Chennai
2021-10-03,30,25.6,3.6,Chennai
2021-10-04,30.2,25.9,0.9,Chennai
2021-10-05,27.4,25.3,30.7,Chennai
2021-10-06,31,25.3,6.8,Chennai
2021-10-07,30.5,26.2,2.8,Chennai
2021-10-08,31.2,25.5,9.2,Chennai
2021-10-09,31.5,25.7,13.5,Chennai
2021-10-10,31.1,26.3,3.2,Chennai
2021-10-11,30.7,25.4,14.7,Chennai
2021-10-12,32.4,24.8,13.1,Chennai
2021-10-13,31.6,24.6,0,Chennai
2021-10-14,32.6,25.2,4.7,Chennai
2021-10-15,32.5,25.3,5.8,Chennai
2021-10-16,31.5,25.5,2.5,Chennai
2021-10-17,31.3,25.4,2.1,Chennai
2021-10-18,32,26.6,1.8,Chennai
2021-10-19,32.6,26.1,2.4,Chennai
2021-10-20,31.8,26.3,9.1,Chennai
2021-10-21,30.4,25.5,2.5,Chennai
2021-10-22,30.9,24.1,10,Chennai
2021-10-23,30.5,23.8,6.1,Chennai
2021-10-24,29.5,24.2,4.6,Chennai
2021-10-25,30.2,23.7,2.1,Chennai
2021-10-26,29.9,25.1,0.6,Chennai
2021-10-27,30.3,24.8,0.7,Chennai
2021-10-28,28.6,25.1,16.6,Chennai
2021-10-29,28,24.4,16.1,Chennai
2021-10-30,29.3,24,5.6,Chennai
2021-10-31,29.9,24,20.6,Chennai
2021-11-01,27.3,25,23.6,Chennai
2021-11-02,27.5,24.6,9.4,Chennai
2021-11-03,27.3,24,14.2,Chennai
2021-11-04,26.7,23.6,28.4,Chennai
2021-11-05,27.7,23.4,26,Chennai
2021-11-06,28,23.4,17.9,Chennai
2021-11-07,25.7,23.2,58.3,Chennai
2021-11-08,28.3,24.2,12.8,Chennai
2021-11-09,27.3,24,12.6,Chennai
2021-11-10,25,22.8,76.4,Chennai
2021-11-11,27.3,21.9,186.3,Chennai
2021-11-12,28.6,24.3,1.6,Chennai
2021-11-13,29.3,24.6,0.8,Chennai
2021-11-14,29.2,24.4,11.6,Chennai
2021-11-15,27.7,23.9,7,Chennai
2021-11-16,29,23.4,10.4,Chennai
2021-11-17,28.4,24,13.9,Chennai
2021-11-18,26.6,23.4,62.2,Chennai
2021-11-19,28.5,25.1,8,Chennai
2021-11-20,28.3,24.6,12.6,Chennai
2021-11-21,29.2,23.5,5.8,Chennai
2021-11-22,28.3,24.1,11.8,Chennai
2021-11-23,29.7,23.9,1.3,Chennai
2021-11-24,29.7,24.5,0.6,Chennai
2021-11-25,28.5,23.8,34.3,Chennai
2021-11-26,26.6,24.5,40.3,Chennai
2021-11-27,26.4,23.9,29.7,Chennai
2021-11-28,26.4,23.7,30.2,Chennai
2021-11-29,27.4,23.7,27.5,Chennai
2021-11-30,26.9,23.9,6.6,Chennai
2021-12-01,28.7,22.7,3.9,Chennai
2021-12-02,28.9,24.4,0.3,Chennai
2021-12-03,29.4,22.4,0,Chennai
2021-12-04,30.1,21.5,0,Chennai
2021-12-05,30.4,22.9,0.7,Chennai
2021-12-06,29.5,23.7,0.6,Chennai
2021-12-07,29.5,23.4,0.2,Chennai
2021-12-08,29.2,24.3,1.2,Chennai
2021-12-09,28.8,25.1,1.4,Chennai
2021-12-10,29.2,24.7,3.1,Chennai
2021-12-11,28.5,23.6,7.2,Chennai
2021-12-12,27.9,22.6,10.1,Chennai
2021-12-13,27.6,22.3,4.5,Chennai
2021-12-14,28.2,23.6,6.1,Chennai
2021-12-15,28.2,25,0,Chennai
2021-12-16,28.2,24.4,0,Chennai
2021-12-17,28,22.5,0,Chennai
2021-12-18,27.8,21.7,0,Chennai
2021-12-19,27.8,21.3,0,Chennai
2021-12-20,27.9,22.9,0,Chennai
2021-12-21,28.3,20.9,0,Chennai
2021-12-22,27.8,19.8,0,Chennai
2021-12-23,27.6,18.3,0,Chennai
2021-12-24,27.6,18.3,0,Chennai
2021-12-25,27.4,19.3,0,Chennai
2021-12-26,27.9,19.9,0,Chennai
2021-12-27,29.1,20.9,0,Chennai
2021-12-28,27,21.9,1,Chennai
2021-12-29,28.3,21.9,0.8,Chennai
2021-12-30,26.7,22.3,11.7,Chennai
2021-12-31,26.1,22.5,17.3,Chennai
2022-01-01,27,22.7,8.6,Chennai
2022-01-02,27.9,23.9,0.9,Chennai
2022-01-03,27.7,23.8,0,Chennai
2022-01-04,27.2,22.4,0,Chennai
2022-01-05,28,21.5,0.1,Chennai
2022-01-06,28.2,21.5,0.1,Chennai
2022-01-07,27.3,22.1,2.5,Chennai
2022-01-08,27.8,22.5,0.4,Chennai
2022-01-09,28.1,22.3,0,Chennai
2022-01-10,28.5,21.8,0,Chennai
2022-01-11,28.7,23.2,0.2,Chennai
2022-01-12,28.8,22.6,2.3,Chennai
2022-01-13,28.5,23,1.3,Chennai
2022-01-14,27.2,22.7,1.9,Chennai
2022-01-15,27.4,22.9,3.6,Chennai
2022-01-16,28,22.1,1.4,Chennai
2022-01-17,27.6,22.6,3.2,Chennai
2022-01-18,27.1,23.1,0.9,Chennai
2022-01-19,28.3,20.9,0,Chennai
2022-01-20,28.6,20.1,0,Chennai
2022-01-21,28.9,20.4,0,Chennai
2022-01-22,28.9,21.9,0,Chennai
2022-01-23,30.5,23.9,0.5,Chennai
2022-01-24,29.7,24.5,2.1,Chennai
2022-01-25,28.6,22.5,1.2,Chennai
2022-01-26,28,22.2,0.1,Chennai
2022-01-27,27.9,23.4,0.8,Chennai
2022-01-28,28.2,22.5,0.8,Chennai
2022-01-29,27.5,24.6,0.5,Chennai
2022-01-30,28.6,24.1,0.2,Chennai
2022-01-31,28.8,21.7,0,Chennai
2022-02-01,28.1,21.1,0,Chennai
2022-02-02,27.8,19.4,0,Chennai
2022-02-03,28.1,20.2,0,Chennai
2022-02-04,30.5,21.9,0,Chennai
2022-02-05,29,22.8,0.5,Chennai
2022-02-06,28.3,24.2,0.9,Chennai
2022-02-07,28.8,22,0,Chennai
2022-02-08,28.4,21.3,0,Chennai
2022-02-09,28.5,23.4,0,Chennai
2022-02-10,29.4,22.6,0,Chennai
2022-02-11,29.5,22.9,0,Chennai
2022-02-12,29.1,23,0,Chennai
2022-02-13,29.2,23.3,0.1,Chennai
2022-02-14,28,23.2,2,Chennai
2022-02-15,28.6,22.7,0,Chennai
2022-02-16,28.7,21.3,0,Chennai
2022-02-17,28.8,21.7,0.1,Chennai
2022-02-18,29.4,24.3,0,Chennai
2022-02-19,29.3,22.6,0,Chennai
2022-02-20,29.7,21.6,0,Chennai
2022-02-21,31.6,21.9,0,Chennai
2022-02-22,30.1,23,0,Chennai
2022-02-23,29.9,24.8,0,Chennai
2022-02-24,29.9,22.9,0.1,Chennai
2022-02-25,29.4,21.2,0,Chennai
2022-02-26,30,22,0.1,Chennai
2022-02-27,29.8,23.3,0,Chennai
2022-02-28,30.3,22.5,0,Chennai
2022-03-01,32.3,22.1,0,Chennai
2022-03-02,30.7,20.2,0,Chennai
2022-03-03,30.3,22.3,0.1,Chennai
2022-03-04,30.4,24.1,0.3,Chennai
2022-03-05,30.8,24.9,0,Chennai
2022-03-06,28.9,25.2,0.2,Chennai
2022-03-07,30.1,25.2,0,Chennai
2022-03-08,30.9,22.1,0,Chennai
2022-03-09,31.1,21.6,0,Chennai
2022-03-10,30.7,21.8,0,Chennai
2022-03-11,30.6,21.9,0,Chennai
2022-03-12,31.4,22.2,0,Chennai
2022-03-13,31.9,21.8,0,Chennai
2022-03-14,32.5,22.1,0,Chennai
2022-03-15,32.8,22.7,0,Chennai
2022-03-16,32.6,22.7,0,Chennai
2022-03-17,32.5,22.7,0,Chennai
2022-03-18,32.2,23.7,0,Chennai
2022-03-19,32.9,25.4,0,Chennai
2022-03-20,33.6,26.1,4.8,Chennai
2022-03-21,33.2,26.2,0,Chennai
2022-03-22,33.2,27.1,0,Chennai
2022-03-23,32.6,27,0.2,Chennai
2022-03-24,31.9,26.4,0.8,Chennai
2022-03-25,31.7,26.2,0.5,Chennai
2022-03-26,32,26.1,0.6,Chennai
2022-03-27,32.4,26.1,0.1,Chennai
2022-03-28,33.3,25.9,0,Chennai
2022-03-29,33.8,26.3,0,Chennai
2022-03-30,34.2,27.1,0.1,Chennai
2022-03-31,34.2,26.8,0,Chennai
2022-04-01,32.3,26.8,0.7,Chennai
2022-04-02,32.6,26.7,0.6,Chennai
2022-04-03,32.2,25.7,0,Chennai
2022-04-04,31.8,26.3,0.1,Chennai
2022-04-05,31.8,25.7,0.2,Chennai
2022-04-06,31.8,25.4,0,Chennai
2022-04-07,32.3,25.7,0,Chennai
2022-04-08,32,26.5,0.1,Chennai
2022-04-09,31.4,26.3,0.5,Chennai
2022-04-10,31.8,25.7,0.5,Chennai
2022-04-11,30.6,26.7,1.2,Chennai
2022-04-12,31.5,26.4,0.8,Chennai
2022-04-13,31.3,26.4,1.1,Chennai
2022-04-14,33.1,26.5,1.2,Chennai
2022-04-15,33.5,27.2,0,Chennai
2022-04-16,34.9,27.7,0,Chennai
2022-04-17,33.3,28,0.5,Chennai
2022-04-18,32.7,26.9,0.2,Chennai
2022-04-19,33.5,27.2,0,Chennai
2022-04-20,33,27.1,0.1,Chennai
2022-04-21,32.8,27.5,0.1,Chennai
2022-04-22,33,26.9,0,Chennai
2022-04-23,33.4,26.6,0,Chennai
2022-04-24,33.4,26.7,0,Chennai
2022-04-25,34.4,26.2,0,Chennai
2022-04-26,33.9,26.5,0,Chennai
2022-04-27,33.7,26.6,0,Chennai
2022-04-28,34,27,0,Chennai
2022-04-29,33.9,27.3,0,Chennai
2022-04-30,34.8,27.2,0,Chennai
2022-05-01,35.1,27.9,0,Chennai
2022-05-02,34.5,28.3,0,Chennai
2022-05-03,34.3,28.5,0,Chennai
2022-05-04,33.3,27.9,0.1,Chennai
2022-05-05,33.4,27.3,0.2,Chennai
2022-05-06,34.8,27.9,0,Chennai
2022-05-07,34.7,27.2,0,Chennai
2022-05-08,35,27.8,0,Chennai
2022-05-09,35.8,27.8,0.3,Chennai
2022-05-10,30.8,26.3,22.3,Chennai
2022-05-11,34,25.3,4,Chennai
2022-05-12,32.1,24.9,13.8,Chennai
2022-05-13,33.5,24.9,6.5,Chennai
2022-05-14,34.5,26,16.8,Chennai
2022-05-15,33.9,25.6,16.3,Chennai
2022-05-16,32.9,26.2,0.3,Chennai
2022-05-17,32.1,26.3,4.6,Chennai
2022-05-18,32.2,26.1,2.3,Chennai
2022-05-19,33.8,27.3,0.9,Chennai
2022-05-20,34.7,26.2,7.3,Chennai
2022-05-21,35.9,27.1,0.6,Chennai
2022-05-22,37.5,28.1,0,Chennai
2022-05-23,36.4,28.2,0,Chennai
2022-05-24,36.2,27.7,0.3,Chennai
2022-05-25,35.8,27.8,0,Chennai
2022-05-26,35.6,27.9,4.6,Chennai
2022-05-27,36.9,27,0.4,Chennai
2022-05-28,37.2,27.9,0,Chennai
2022-05-29,37.6,28.5,0.1,Chennai
2022-05-30,36.6,27.9,0.1,Chennai
2022-05-31,36.3,28.3,0,Chennai
2022-06-01,37.3,27.9,0,Chennai
2022-06-02,37.6,28.2,0.1,Chennai
2022-06-03,36.8,28.7,0,Chennai
2022-06-04,35.5,28.8,0,Chennai
2022-06-05,36.3,28.6,0,Chennai
2022-06-06,35.2,24.8,2.3,Chennai
2022-06-07,36.4,26.3,0.1,Chennai
2022-06-08,37.5,28.4,0.5,Chennai
2022-06-09,35.3,28.4,0,Chennai
2022-06-10,36.7,28.4,0,Chennai
2022-06-11,36.6,28.6,0,Chennai
2022-06-12,35.1,28.7,0,Chennai
2022-06-13,34.8,27.3,0,Chennai
2022-06-14,35.7,26.3,5.2,Chennai
2022-06-15,32.6,25.8,5.6,Chennai
2022-06-16,32.5,25.3,4.5,Chennai
2022-06-17,30.8,24.9,0.5,Chennai
2022-06-18,31.2,26.3,5.3,Chennai
2022-06-19,32.7,25.7,7.4,Chennai
2022-06-20,33.1,25.6,0.9,Chennai
2022-06-21,33.1,26.1,5.6,Chennai
2022-06-22,33,26.4,1.1,Chennai
2022-06-23,32.5,26.4,3.5,Chennai
2022-06-24,33.4,27.7,1.6,Chennai
2022-06-25,34.6,26.1,0.3,Chennai
2022-06-26,34.9,27.5,0.6,Chennai
2022-06-27,33.4,28,0.2,Chennai
2022-06-28,33.2,26.8,0.4,Chennai
2022-06-29,34.7,27.1,3,Chennai
2022-06-30,35.1,27.2,0.3,Chennai
2022-07-01,35.1,26.3,5.3,Chennai
2022-07-02,34.9,26.2,1.1,Chennai
2022-07-03,34.3,25.2,16.1,Chennai
2022-07-04,34.2,26.9,6.7,Chennai
2022-07-05,32.1,26.3,5.2,Chennai
2022-07-06,30.7,25.6,5.1,Chennai
2022-07-07,32.9,25.3,5.5,Chennai
2022-07-08,33.1,26.6,0.1,Chennai
2022-07-09,30.8,25.9,2.7,Chennai
2022-07-10,34.9,25.7,1.2,Chennai
2022-07-11,32.9,27.2,0.6,Chennai
2022-07-12,35.1,26.6,0.5,Chennai
2022-07-13,35.7,28,0.8,Chennai
2022-07-14,35.8,27.8,0,Chennai
2022-07-15,36.5,27.6,0.3,Chennai
2022-07-16,36.7,27.1,0.3,Chennai
2022-07-17,34.2,26.3,2.2,Chennai
2022-07-18,31.8,25.7,3.3,Chennai
2022-07-19,33.3,26.1,0.1,Chennai
2022-07-20,32.2,25.8,10.8,Chennai
2022-07-21,32.5,24.6,19.8,Chennai
2022-07-22,30.8,25,9.7,Chennai
2022-07-23,32.1,24.8,5.5,Chennai
2022-07-24,31.4,25,2.9,Chennai
2022-07-25,32.3,25.6,1.7,Chennai
2022-07-26,30.8,25.1,10.3,Chennai
2022-07-27,30.2,25.2,1.6,Chennai
2022-07-28,31,25.4,0.4,Chennai
2022-07-29,29.6,24.8,2.1,Chennai
2022-07-30,31.8,26.3,0.4,Chennai
2022-07-31,31.2,25.6,1.5,Chennai
2022-08-01,32.3,25,7.2,Chennai
2022-08-02,31.9,25,19,Chennai
2022-08-03,28.1,24.5,16.9,Chennai
2022-08-04,30.4,24.3,21.2,Chennai
2022-08-05,30.7,24.9,0,Chennai
2022-08-06,29.7,26.5,2.8,Chennai
2022-08-07,31.8,26.3,0.4,Chennai
2022-08-08,33,27,0,Chennai
2022-08-09,34.4,27.1,0,Chennai
2022-08-10,34.1,26.7,0.2,Chennai
2022-08-11,35.7,26.2,0,Chennai
2022-08-12,35.3,27.6,0.1,Chennai
2022-08-13,35.1,27.4,0.2,Chennai
2022-08-14,33.8,27.1,0,Chennai
2022-08-15,33.3,26.4,0.3,Chennai
2022-08-16,32.2,27,5.7,Chennai
2022-08-17,32.7,25.6,10,Chennai
2022-08-18,33.7,26.6,1.6,Chennai
2022-08-19,33.4,25.1,1.3,Chennai
2022-08-20,34.7,27.4,0,Chennai
2022-08-21,33.2,25.6,1.1,Chennai
2022-08-22,34.4,25.6,4.9,Chennai
2022-08-23,34,25.8,1.9,Chennai
2022-08-24,31.7,24.7,12.9,Chennai
2022-08-25,33.1,24.9,2.5,Chennai
2022-08-26,32.5,24.3,8.2,Chennai
2022-08-27,31.4,24.4,15,Chennai
2022-08-28,31.8,24.8,11.1,Chennai
2022-08-29,31.1,25.1,2.9,Chennai
2022-08-30,30.2,24.2,5.3,Chennai
2022-08-31,28.7,25.3,3.4,Chennai
2022-09-01,28.2,24.5,16.8,Chennai
2022-09-02,30,24.5,2.8,Chennai
2022-09-03,31.2,25.6,1,Chennai
2022-09-04,31.4,25.7,4.5,Chennai
2022-09-05,31.7,25.2,0.1,Chennai
2022-09-06,31.1,25.1,6.3,Chennai
2022-09-07,31,25.7,11.4,Chennai
2022-09-08,29.1,24.9,5.5,Chennai
2022-09-09,32,25.3,15.2,Chennai
2022-09-10,31.4,25.1,2.1,Chennai
2022-09-11,32.3,26.8,0,Chennai
2022-09-12,32.6,26,0,Chennai
2022-09-13,33,26.1,0.2,Chennai
2022-09-14,32.6,26.5,2.7,Chennai
2022-09-15,32.7,25.3,2.7,Chennai
2022-09-16,33.4,26.2,1.2,Chennai
2022-09-17,33.8,26.7,0.2,Chennai
2022-09-18,33.8,27,0,Chennai
2022-09-19,34,26.5,0.7,Chennai
2022-09-20,34.7,26.8,0,Chennai
2022-09-21,34.7,25.7,0,Chennai
2022-09-22,35.4,27,0,Chennai
2022-09-23,34.2,26.3,0.4,Chennai
2022-09-24,34.3,26.9,1.1,Chennai
2022-09-25,34,26.3,1.4,Chennai
2022-09-26,33.4,26.2,3.5,Chennai
2022-09-27,32.6,25.2,3.8,Chennai
2022-09-28,32,24.9,25.6,Chennai
2022-09-29,32,24.1,11.8,Chennai
2022-09-30,30.1,25,1.6,Chennai
2022-10-01,29.4,25.3,8.4,Chennai
2022-10-02,32,26.5,0,Chennai
2022-10-03,33.5,26.8,0,Chennai
2022-10-04,33.9,26.1,0,Chennai
2022-10-05,28.4,25.5,10.2,Chennai
2022-10-06,30.6,24,20,Chennai
2022-10-07,28.2,23.7,5.4,Chennai
2022-10-08,29.6,25.2,51.5,Chennai
2022-10-09,28.5,24,20.9,Chennai
2022-10-10,29,23.8,16.1,Chennai
2022-10-11,29.4,24.8,1.8,Chennai
2022-10-12,30.3,25.4,6.2,Chennai
2022-10-13,29.9,24.2,2.9,Chennai
2022-10-14,29.2,23.8,6.6,Chennai
2022-10-15,29.7,23.8,9.9,Chennai
2022-10-16,29.5,24.1,6.8,Chennai
2022-10-17,29.2,23.9,3.6,Chennai
2022-10-18,30.7,23.9,11.8,Chennai
2022-10-19,30.5,23.4,2.7,Chennai
2022-10-20,30.2,23.9,6.6,Chennai
2022-10-21,29.4,23.5,12.3,Chennai
2022-10-22,29.8,22.9,12.2,Chennai
2022-10-23,31.5,24.1,0,Chennai
2022-10-24,31.4,21.7,0,Chennai
2022-10-25,31.5,20.3,0,Chennai
2022-10-26,30.3,21.7,0,Chennai
2022-10-27,29.8,23,2.3,Chennai
2022-10-28,28.4,23.1,5.7,Chennai
2022-10-29,30.2,25.5,0.5,Chennai
2022-10-30,30.3,26,0.1,Chennai
2022-10-31,26.1,23.9,37.3,Chennai
2022-11-01,25.7,23.3,80.2,Chennai
2022-11-02,25.2,23,23.9,Chennai
2022-11-03,26.8,22.6,14.6,Chennai
2022-11-04,28,23.2,5.8,Chennai
2022-11-05,29.2,24.2,2.2,Chennai
2022-11-06,29.6,24.7,0.2,Chennai
2022-11-07,27.9,24,3.6,Chennai
2022-11-08,28.1,23.9,4.4,Chennai
2022-11-09,29.2,24.5,1.9,Chennai
2022-11-10,29.2,23.4,4.5,Chennai
2022-11-11,25.6,23.7,32.4,Chennai
2022-11-12,26.2,23.7,20.4,Chennai
2022-11-13,26.8,23,16.6,Chennai
2022-11-14,27,23.2,4,Chennai
2022-11-15,29,22.6,0.5,Chennai
2022-11-16,28.8,22.6,0,Chennai
2022-11-17,28.4,21.1,0,Chennai
2022-11-18,28.6,21.2,0,Chennai
2022-11-19,28.9,21.3,0,Chennai
2022-11-20,26.8,21.2,0.6,Chennai
2022-11-21,24.4,19.8,48.3,Chennai
2022-11-22,24,21.3,67.6,Chennai
2022-11-23,28.2,22.5,9.4,Chennai
2022-11-24,28.1,22.8,4.3,Chennai
2022-11-25,28.5,22.8,1,Chennai
2022-11-26,28.2,23.3,0.9,Chennai
2022-11-27,28.6,23,1.6,Chennai
2022-11-28,28.2,22.7,1.2,Chennai
2022-11-29,28.2,21.6,0,Chennai
2022-11-30,28.2,21.3,0.5,Chennai
2022-12-01,27.9,24,2,Chennai
2022-12-02,28.9,23.7,2,Chennai
2022-12-03,28.1,23.8,4.8,Chennai
2022-12-04,28.9,24.2,2.5,Chennai
2022-12-05,28.9,24.7,0.2,Chennai
2022-12-06,28.6,23.9,0,Chennai
2022-12-07,27.7,23.2,0,Chennai
2022-12-08,24.9,21.2,23.8,Chennai
2022-12-09,25.1,20.4,114,Chennai
2022-12-10,26.6,23.1,13.7,Chennai
2022-12-11,26.4,23.2,7,Chennai
2022-12-12,26,23.8,21.6,Chennai
2022-12-13,28.4,23.3,1.1,Chennai
2022-12-14,28.3,22.8,1.2,Chennai
2022-12-15,27.6,22.2,0,Chennai
2022-12-16,27.9,21.2,0,Chennai
2022-12-17,28.2,22.6,0,Chennai
2022-12-18,27.8,23.9,1.5,Chennai
2022-12-19,28.3,23.4,0.1,Chennai
2022-12-20,27.6,22.5,0.4,Chennai
2022-12-21,28.2,23.3,0.7,Chennai
2022-12-22,27.9,23.3,0,Chennai
2022-12-23,27.9,22.7,0.4,Chennai
2022-12-24,28.2,23.2,4.1,Chennai
2022-12-25,26.9,24.1,13.1,Chennai
2022-12-26,28.1,23.6,6.4,Chennai
2022-12-27,27.5,24.1,1.4,Chennai
2022-12-28,28.5,22.6,0.4,Chennai
2022-12-29,28.5,22.4,0.3,Chennai
2022-12-30,29.1,22.1,0,Chennai
2022-12-31,28.6,22.2,0,Chennai
2023-01-01,28.5,21.3,0,Chennai
2023-01-02,28.2,21.8,0.1,Chennai
2023-01-03,27.8,22,0.3,Chennai
2023-01-04,27.6,22,1.9,Chennai
2023-01-05,28.5,25,0,Chennai
2023-01-06,28.1,24.4,0,Chennai
2023-01-07,27.9,23.6,0.9,Chennai
2023-01-08,27.2,22.2,1.4,Chennai
2023-01-09,27,21.8,0,Chennai
2023-01-10,27.2,19.9,0,Chennai
2023-01-11,27.6,19.2,0,Chennai
2023-01-12,27.5,19.8,0,Chennai
2023-01-13,27.9,18.7,0,Chennai
2023-01-14,27.6,19,0,Chennai
2023-01-15,27.3,18.5,0,Chennai
2023-01-16,27.4,18.2,0,Chennai
2023-01-17,28,20.2,0.2,Chennai
2023-01-18,28.4,20,0,Chennai
2023-01-19,28.3,19.4,0,Chennai
2023-01-20,27.3,22,3.2,Chennai
2023-01-21,29.1,22.7,1.9,Chennai
2023-01-22,28.3,22.4,0,Chennai
2023-01-23,28.7,24.5,0.2,Chennai
2023-01-24,28,23.3,0,Chennai
2023-01-25,27.9,22.3,0.4,Chennai
2023-01-26,29.2,21.5,0,Chennai
2023-01-27,28.7,21.1,0,Chennai
2023-01-28,28.9,21,0.2,Chennai
2023-01-29,28.4,22.6,0.6,Chennai
2023-01-30,28.9,24.1,1.9,Chennai
2023-01-31,27.9,24.4,2,Chennai
2023-02-01,28.6,24.9,0.9,Chennai
2023-02-02,29,25.5,0,Chennai
2023-02-03,29.1,25.7,0.9,Chennai
2023-02-04,29,23.5,0,Chennai
2023-02-05,28.7,20.9,0,Chennai
2023-02-06,28.5,20.8,0,Chennai
2023-02-07,29.3,20.7,0,Chennai
2023-02-08,29,22,0,Chennai
2023-02-09,28.7,21.4,0,Chennai
2023-02-10,31.3,20.3,0,Chennai
2023-02-11,29.9,21.1,0,Chennai
2023-02-12,30.1,19.6,0,Chennai
2023-02-13,29.4,19.9,0,Chennai
2023-02-14,29.1,19.6,0,Chennai
2023-02-15,30.1,20.7,0,Chennai
2023-02-16,29.1,20,0,Chennai
2023-02-17,29.1,19.4,0,Chennai
2023-02-18,29.4,20.8,0,Chennai
2023-02-19,29.6,22.2,0.1,Chennai
2023-02-20,30.8,20.3,0,Chennai
2023-02-21,31.4,20.7,0,Chennai
2023-02-22,30.9,20.9,0,Chennai
2023-02-23,30.3,20.6,0,Chennai
2023-02-24,30.1,20.7,0,Chennai
2023-02-25,30.7,19.6,0,Chennai
2023-02-26,29.4,19.9,0,Chennai
2023-02-27,31.7,20.7,0,Chennai
2023-02-28,30.1,23.1,0.2,Chennai
2023-03-01,30.6,25,0,Chennai
2023-03-02,30.6,21.7,0,Chennai
2023-03-03,30.7,21.4,0,Chennai
2023-03-04,31.2,21.3,0,Chennai
2023-03-05,31,22.2,0,Chennai
2023-03-06,31,22.2,0,Chennai
2023-03-07,30.3,22,0,Chennai
2023-03-08,30.5,23.4,0,Chennai
2023-03-09,30.5,23,0,Chennai
2023-03-10,30.4,23.3,0,Chennai
2023-03-11,30.4,22.7,0,Chennai
2023-03-12,30.7,23.1,0,Chennai
2023-03-13,31.7,23.8,0,Chennai
2023-03-14,31.2,23.4,0,Chennai
2023-03-15,31,24.8,0,Chennai
2023-03-16,30.9,25.8,0,Chennai
2023-03-17,30.3,24.6,5.9,Chennai
2023-03-18,30.4,24.7,3.3,Chennai
2023-03-19,29.8,23.3,21.5,Chennai
2023-03-20,28.9,23.4,1.5,Chennai
2023-03-21,30.5,24.3,0.3,Chennai
2023-03-22,31.8,24.7,1.4,Chennai
2023-03-23,31.3,25.6,2,Chennai
2023-03-24,31.9,26.1,1.5,Chennai
2023-03-25,31.5,26.1,0.6,Chennai
2023-03-26,30.7,26.4,0.7,Chennai
2023-03-27,32.9,25.3,0.2,Chennai
2023-03-28,32,25.8,0.1,Chennai
2023-03-29,31.7,26.2,0,Chennai
2023-03-30,31.5,24.8,0,Chennai
2023-03-31,32.3,24.7,0,Chennai
2023-04-01,32.3,26,2.2,Chennai
2023-04-02,32.9,26.8,6.1,Chennai
2023-04-03,31.2,27.2,0.8,Chennai
2023-04-04,31.6,27.1,0.4,Chennai
2023-04-05,32.6,26.4,0.1,Chennai
2023-04-06,32.8,26.4,0.1,Chennai
2023-04-07,31.9,25.4,0,Chennai
2023-04-08,31.5,25.1,0,Chennai
2023-04-09,32.3,25.3,0,Chennai
2023-04-10,32.3,25.5,0,Chennai
2023-04-11,33,25,0,Chennai
2023-04-12,33.9,23.8,0,Chennai
2023-04-13,34.1,24.4,0,Chennai
2023-04-14,34.8,24.2,0,Chennai
2023-04-15,35.3,23.8,0,Chennai
2023-04-16,35.5,25,0,Chennai
2023-04-17,34.4,24.3,0,Chennai
2023-04-18,34.3,25,0,Chennai
2023-04-19,34.7,25.3,0,Chennai
2023-04-20,35.9,26.4,0,Chennai
2023-04-21,35.8,27.6,0,Chennai
2023-04-22,33.9,28,0.1,Chennai
2023-04-23,33.5,27.9,6.3,Chennai
2023-04-24,32.6,28.2,0.9,Chennai
2023-04-25,32.1,27.7,0.9,Chennai
2023-04-26,32.8,27.1,0.1,Chennai
2023-04-27,33,26.8,0.1,Chennai
2023-04-28,32.9,27.7,1.4,Chennai
2023-04-29,31.4,27.8,4.5,Chennai
2023-04-30,32.2,25,5.5,Chennai
2023-05-01,30.9,24.9,25.5,Chennai
2023-05-02,28.8,24.1,27.8,Chennai
2023-05-03,29,25.1,9.1,Chennai
2023-05-04,30.9,25.3,0.7,Chennai
2023-05-05,30.3,24.7,13,Chennai
2023-05-06,31,25.2,5,Chennai
2023-05-07,32,25.8,0.2,Chennai
2023-05-08,31.9,25.1,0,Chennai
2023-05-09,32.8,25.5,0.1,Chennai
2023-05-10,33.5,26.4,0,Chennai
2023-05-11,34.3,26.7,0,Chennai
2023-05-12,37.2,26.8,0,Chennai
2023-05-13,39.9,28.7,0,Chennai
2023-05-14,40.2,29.5,0,Chennai
2023-05-15,37.1,28.3,0,Chennai
2023-05-16,38.1,28.5,0,Chennai
2023-05-17,34,28.4,0,Chennai
2023-05-18,35.8,27.6,0.7,Chennai
2023-05-19,35.2,28,0,Chennai
2023-05-20,33.8,27.9,0,Chennai
2023-05-21,34.5,28.1,0,Chennai
2023-05-22,34.2,27.1,9.8,Chennai
2023-05-23,35.2,27.9,0,Chennai
2023-05-24,36.2,28.3,0,Chennai
2023-05-25,38.4,29,0.9,Chennai
2023-05-26,38.3,29.3,0.3,Chennai
2023-05-27,37.7,28.2,0,Chennai
2023-05-28,35.9,28.1,7.2,Chennai
2023-05-29,34.6,27.9,0,Chennai
2023-05-30,35.1,27.2,0.3,Chennai
2023-05-31,34.3,26.4,0,Chennai
2023-06-01,36.7,28.5,0,Chennai
2023-06-02,38.7,29.2,0,Chennai
2023-06-03,39,29.3,0,Chennai
2023-06-04,37.8,29.1,0.6,Chennai
2023-06-05,37.8,28.6,0.2,Chennai
2023-06-06,39.7,28.3,0.1,Chennai
2023-06-07,35.1,27.4,16.8,Chennai
2023-06-08,37,30.2,0,Chennai
2023-06-09,38.5,28.7,1.4,Chennai
2023-06-10,38.7,28.5,0.8,Chennai
2023-06-11,38.2,28.5,5.8,Chennai
2023-06-12,38.7,28.3,0.3,Chennai
2023-06-13,37.9,28.6,0,Chennai
2023-06-14,39.4,29.6,0,Chennai
2023-06-15,38.6,30.1,0,Chennai
2023-06-16,39.5,29.5,1.2,Chennai
2023-06-17,37.4,29.2,0,Chennai
2023-06-18,34.2,26.9,3,Chennai
2023-06-19,32,25.8,16.8,Chennai
2023-06-20,34.2,25.6,2.1,Chennai
2023-06-21,32.9,26.1,1.2,Chennai
2023-06-22,33.1,27.2,0.5,Chennai
2023-06-23,34.4,26.8,0.3,Chennai
2023-06-24,34,27.7,0.2,Chennai
2023-06-25,34,28.2,0,Chennai
2023-06-26,34.9,27.8,0.9,Chennai
2023-06-27,35.9,27.7,0,Chennai
2023-06-28,35.7,27.7,2.8,Chennai
2023-06-29,36.1,27.4,0.9,Chennai
2023-06-30,36.3,26.8,0,Chennai
2023-07-01,34.8,28.3,0.6,Chennai
2023-07-02,33.4,26.4,3.9,Chennai
2023-07-03,33.1,25.3,17.7,Chennai
2023-07-04,32.1,26.1,13.2,Chennai
2023-07-05,34.2,25.7,18.4,Chennai
2023-07-06,31.8,27,0.1,Chennai
2023-07-07,34,27.1,0.4,Chennai
2023-07-08,34.3,27.2,0.3,Chennai
2023-07-09,35.2,26.3,9.7,Chennai
2023-07-10,31.2,25,22.4,Chennai
2023-07-11,31.8,25.7,10.8,Chennai
2023-07-12,32.4,24.5,16.2,Chennai
2023-07-13,32.7,26,0.6,Chennai
2023-07-14,33.9,26.8,0.3,Chennai
2023-07-15,35.2,27.3,0,Chennai
2023-07-16,34,27.5,1,Chennai
2023-07-17,35.6,27.6,1.1,Chennai
2023-07-18,36.1,27.7,0.1,Chennai
2023-07-19,36.2,28.2,0.4,Chennai
2023-07-20,36.2,28.3,0,Chennai
2023-07-21,36,29.1,0,Chennai
2023-07-22,34.5,27.7,1.1,Chennai
2023-07-23,29.2,25.6,11.1,Chennai
2023-07-24,29.4,25.4,10.3,Chennai
2023-07-25,28.5,24.6,15.8,Chennai
2023-07-26,28.8,25,5.3,Chennai
2023-07-27,34.6,25.5,0,Chennai
2023-07-28,35.3,27,0.5,Chennai
2023-07-29,35.4,27.5,0,Chennai
2023-07-30,35.5,28.1,0,Chennai
2023-07-31,34.8,27.8,0.7,Chennai
2023-08-01,35.1,27.4,1.3,Chennai
2023-08-02,36,28.3,0,Chennai
2023-08-03,37,28.5,0.7,Chennai
2023-08-04,36.7,27.6,0.9,Chennai
2023-08-05,36.3,28.3,0.6,Chennai
2023-08-06,35.9,24.3,15.4,Chennai
2023-08-07,35.6,26.2,0.8,Chennai
2023-08-08,35.1,24.3,1.7,Chennai
2023-08-09,34.3,26.6,1.9,Chennai
2023-08-10,35,25.3,0.7,Chennai
2023-08-11,33.8,26.6,2.3,Chennai
2023-08-12,35.2,25.1,18.3,Chennai
2023-08-13,34.5,25.2,8.1,Chennai
2023-08-14,33.5,25.7,11.4,Chennai
2023-08-15,33.4,25.4,2.7,Chennai
2023-08-16,34.2,26.5,0.5,Chennai
2023-08-17,35.3,24.8,8.5,Chennai
2023-08-18,35.3,24.3,0.8,Chennai
2023-08-19,35.5,27.1,0.5,Chennai
2023-08-20,34.1,26.6,0.7,Chennai
2023-08-21,34.2,27.4,1.8,Chennai
2023-08-22,32.8,25.4,8.8,Chennai
2023-08-23,33.4,26.2,5.6,Chennai
2023-08-24,33.7,26.5,1.2,Chennai
2023-08-25,35,26.8,0.1,Chennai
2023-08-26,34.2,27.3,7.2,Chennai
2023-08-27,33,25.7,12.4,Chennai
2023-08-28,34.8,26.6,18.7,Chennai
2023-08-29,34.1,25.5,8.6,Chennai
2023-08-30,34.3,25,8.3,Chennai
2023-08-31,34.7,24.6,3.6,Chennai
2023-09-01,33.4,25.4,3.5,Chennai
2023-09-02,34,26.8,2.3,Chennai
2023-09-03,33.9,25.8,1.5,Chennai
2023-09-04,32.2,25.3,5.5,Chennai
2023-09-05,32.3,25.6,0.1,Chennai
2023-09-06,33,25.9,6.4,Chennai
2023-09-07,33.7,26,18.7,Chennai
2023-09-08,33.8,25.8,2.3,Chennai
2023-09-09,34.2,26.4,0.4,Chennai
2023-09-10,34,27.3,0,Chennai
2023-09-11,34.9,27.1,0,Chennai
2023-09-12,35.3,26.7,5.6,Chennai
2023-09-13,35.2,26.4,0.6,Chennai
2023-09-14,36.1,26,2.5,Chennai
2023-09-15,34.7,25.6,0.9,Chennai
2023-09-16,33.8,26,16.7,Chennai
2023-09-17,32.5,25.5,4.9,Chennai
2023-09-18,33,24.9,4.2,Chennai
2023-09-19,33.6,25.2,0.3,Chennai
2023-09-20,33.9,26,0.2,Chennai
2023-09-21,31.9,25.5,5.1,Chennai
2023-09-22,32.8,25.5,2.6,Chennai
2023-09-23,32,25.3,17.3,Chennai
2023-09-24,33.8,24.6,18.6,Chennai
2023-09-25,33.2,24.9,9.2,Chennai
2023-09-26,32.7,24.8,21.7,Chennai
2023-09-27,33,25,5.3,Chennai
2023-09-28,33.6,25.7,8.2,Chennai
2023-09-29,32.9,26.3,9.8,Chennai
2023-09-30,32.4,25.7,2.7,Chennai
2023-10-01,32.6,26.1,2.7,Chennai
2023-10-02,33.4,26.5,0.3,Chennai
2023-10-03,34.5,26.6,0.1,Chennai
2023-10-04,33.9,26.3,10,Chennai
2023-10-05,34.3,25.1,5.5,Chennai
2023-10-06,34.1,26,3.1,Chennai
2023-10-07,33,25.9,2.6,Chennai
2023-10-08,32.7,25.9,0,Chennai
2023-10-09,32.3,26.2,1.4,Chennai
2023-10-10,32.3,25.3,0.6,Chennai
2023-10-11,32,23.9,0.2,Chennai
2023-10-12,31.1,25.3,0.4,Chennai
2023-10-13,30.1,24.7,1.8,Chennai
2023-10-14,29.2,23.7,22.5,Chennai
2023-10-15,29,24.9,2.6,Chennai
2023-10-16,29.5,24.9,12.6,Chennai
2023-10-17,31.4,25,0.2,Chennai
2023-10-18,31.2,25,0.1,Chennai
2023-10-19,31.8,24.7,0.1,Chennai
2023-10-20,31.6,24.6,0.2,Chennai
2023-10-21,31.3,24.2,4.8,Chennai
2023-10-22,31.6,25,2.4,Chennai
2023-10-23,33.7,23.9,0.3,Chennai
2023-10-24,33.2,23.1,0.1,Chennai
2023-10-25,33.8,23.6,0.4,Chennai
2023-10-26,30.6,23.8,1.4,Chennai
2023-10-27,30.6,24.6,1.9,Chennai
2023-10-28,30.1,24.5,4.8,Chennai
2023-10-29,29.8,24.3,5.7,Chennai
2023-10-30,30,24.3,8.9,Chennai
2023-10-31,30.9,25,1.5,Chennai
2023-11-01,30.3,25.1,13.4,Chennai
2023-11-02,29.2,24.2,10.7,Chennai
2023-11-03,29,24.2,14.2,Chennai
2023-11-04,27.6,24.7,34.6,Chennai
2023-11-05,28.8,23.8,22.2,Chennai
2023-11-06,29,23.7,14.9,Chennai
2023-11-07,28.9,24.1,13.8,Chennai
2023-11-08,28.8,24.3,13.5,Chennai
2023-11-09,28.5,23.4,12.8,Chennai
2023-11-10,30,23.3,1.6,Chennai
2023-11-11,29.9,25.3,0,Chennai
2023-11-12,29.9,25.3,0,Chennai
2023-11-13,29.9,24.8,3.8,Chennai
2023-11-14,27.7,22.5,51.8,Chennai
2023-11-15,25,23.3,35.4,Chennai
2023-11-16,29.3,23.2,1,Chennai
2023-11-17,29.5,24.3,2.2,Chennai
2023-11-18,29.7,25.3,1.1,Chennai
2023-11-19,29.7,25.2,0.2,Chennai
2023-11-20,27.1,24.8,16.9,Chennai
2023-11-21,27.4,24.1,25.3,Chennai
2023-11-22,28.2,23.8,4.3,Chennai
2023-11-23,26.5,24.6,10.8,Chennai
2023-11-24,27.9,24.1,26.3,Chennai
2023-11-25,28.5,23.8,5.1,Chennai
2023-11-26,29,23.3,15.8,Chennai
2023-11-27,29.6,23.9,3.2,Chennai
2023-11-28,28.8,23.2,6.4,Chennai
2023-11-29,27.4,23.1,13.7,Chennai
2023-11-30,26.6,23.8,13.5,Chennai
2023-12-01,29.3,23.4,3.3,Chennai
2023-12-02,27.1,24.3,25.3,Chennai
2023-12-03,26,24.1,54,Chennai
2023-12-04,25.1,23.8,255.8,Chennai
2023-12-05,31,23.4,14.3,Chennai
2023-12-06,30,23.1,17.1,Chennai
2023-12-07,28.8,23.4,5.6,Chennai
2023-12-08,28.7,23.6,1.5,Chennai
2023-12-09,29.4,24.2,0.3,Chennai
2023-12-10,28.9,24.5,0,Chennai
2023-12-11,28.2,24.9,0.6,Chennai
2023-12-12,28.1,23.4,1.4,Chennai
2023-12-13,27.5,22.3,0.4,Chennai
2023-12-14,29,23.8,0.4,Chennai
2023-12-15,26.4,24.6,6.1,Chennai
2023-12-16,28.3,24.3,3.2,Chennai
2023-12-17,28,24.3,3.1,Chennai
2023-12-18,27.5,24.9,0.3,Chennai
2023-12-19,27.7,23.8,0,Chennai
2023-12-20,28,24.8,0,Chennai
2023-12-21,28.1,24.1,0,Chennai
2023-12-22,27.7,22.8,0,Chennai
2023-12-23,27.7,20.8,0,Chennai
2023-12-24,28.3,21.6,0.4,Chennai
2023-12-25,27.9,23.9,3.4,Chennai
2023-12-26,27.9,21.2,0.1,Chennai
2023-12-27,28.1,23.3,0.3,Chennai
2023-12-28,28.3,24.2,2,Chennai
2023-12-29,28.3,24.2,2,Chennai
2023-12-30,28.3,23.9,0.9,Chennai
2023-12-31,28.1,23.2,0.2,Chennai
2024-01-01,28.7,22.8,0,Chennai
2024-01-02,27.8,22.9,0,Chennai
2024-01-03,28.2,23.6,0,Chennai
2024-01-04,29,24.7,1,Chennai
2024-01-05,29,24.4,0.3,Chennai
2024-01-06,28.3,24,2.7,Chennai
2024-01-07,26.6,24,20.3,Chennai
2024-01-08,26.7,24,25.5,Chennai
2024-01-09,28.3,25.4,0.1,Chennai
2024-01-10,28.1,24.6,0,Chennai
2024-01-11,28.2,23.8,0,Chennai
2024-01-12,28.4,23.4,0,Chennai
2024-01-13,28.4,22,0.2,Chennai
2024-01-14,28.3,20.7,0.3,Chennai
2024-01-15,28.4,21.4,0,Chennai
2024-01-16,28.1,20.4,0,Chennai
2024-01-17,28.1,20.4,0,Chennai
2024-01-18,28.4,20.5,0,Chennai
2024-01-19,28.6,22.2,0.1,Chennai
2024-01-20,28.6,23.9,0,Chennai
2024-01-21,29,22.2,0,Chennai
2024-01-22,28.5,21.9,0,Chennai
2024-01-23,28.9,22.4,0,Chennai
2024-01-24,29.4,22.3,0,Chennai
2024-01-25,29.1,21.3,0,Chennai
2024-01-26,29,22,1,Chennai
2024-01-27,29.3,24,0.3,Chennai
2024-01-28,28.8,23.3,0.2,Chennai
2024-01-29,28.6,22.9,0,Chennai
2024-01-30,29.7,20.5,0,Chennai
2024-01-31,29.4,22.1,0,Chennai
2024-02-01,29.2,23.9,0.6,Chennai
2024-02-02,29.9,23.5,0.3,Chennai
2024-02-03,29.7,23.4,0,Chennai
2024-02-04,30,22.6,0,Chennai
2024-02-05,29.8,22,0,Chennai
2024-02-06,29.8,21.5,0,Chennai
2024-02-07,30.3,21.4,0,Chennai
2024-02-08,30.9,20.9,0,Chennai
2024-02-09,30,22.2,0.1,Chennai
2024-02-10,30.9,24.3,0.1,Chennai
2024-02-11,30,24,0.1,Chennai
2024-02-12,29.5,22.1,0,Chennai
2024-02-13,30.1,23.9,1.1,Chennai
2024-02-14,30.4,24.5,0.1,Chennai
2024-02-15,29.8,22.9,0,Chennai
2024-02-16,30.4,23.6,0,Chennai
2024-02-17,31,22.3,0,Chennai
2024-02-18,30.5,21.9,0,Chennai
2024-02-19,31.6,22,0,Chennai
2024-02-20,30.9,23.2,0.1,Chennai
2024-02-21,32.2,23.2,0,Chennai
2024-02-22,31.9,24,1.2,Chennai
2024-02-23,33.4,25.5,0.9,Chennai
2024-02-24,30.8,25.9,0.1,Chennai
2024-02-25,30.7,25.4,0,Chennai
2024-02-26,30.8,25.7,1,Chennai
2024-02-27,30.9,25.1,0,Chennai
2024-02-28,31.5,23.8,0,Chennai
2024-02-29,31.9,22.1,0,Chennai
2024-03-01,31.9,23.5,0,Chennai
2024-03-02,33,22.9,0,Chennai
2024-03-03,31.5,24,0,Chennai
2024-03-04,30.8,22.3,0.1,Chennai
2024-03-05,31.2,22.9,0,Chennai
2024-03-06,32.6,23.2,0,Chennai
2024-03-07,34,23.4,0,Chennai
2024-03-08,32.1,23.8,0,Chennai
2024-03-09,32.7,24.2,0,Chennai
2024-03-10,32.7,24.6,0,Chennai
2024-03-11,32.6,24.7,0,Chennai
2024-03-12,33.4,24.1,0,Chennai
2024-03-13,33.8,24.7,0,Chennai
2024-03-14,33.5,24.7,0,Chennai
2024-03-15,32.6,24.5,0.3,Chennai
2024-03-16,32.2,25.8,0.4,Chennai
2024-03-17,31.9,25.3,0.3,Chennai
2024-03-18,32.7,24.7,0,Chennai
2024-03-19,32.5,24.8,0,Chennai
2024-03-20,32.2,24.8,0,Chennai
2024-03-21,30.3,26.2,3.5,Chennai
2024-03-22,31.9,24.9,0.2,Chennai
2024-03-23,33.1,23.8,0,Chennai
2024-03-24,32.5,24.2,0,Chennai
2024-03-25,31.8,23.7,0,Chennai
2024-03-26,31.8,23.6,0,Chennai
2024-03-27,32.7,23.8,0,Chennai
2024-03-28,33.6,23.6,0,Chennai
2024-03-29,34.1,25.1,0,Chennai
2024-03-30,34.7,24.5,0,Chennai
2024-03-31,33.6,24.5,0,Chennai
2024-04-01,33.7,25.3,0.1,Chennai
2024-04-02,34.8,25.9,0,Chennai
2024-04-03,35,26.6,0,Chennai
2024-04-04,34.8,26.7,0,Chennai
2024-04-05,35,26.3,0,Chennai
2024-04-06,36.4,26.1,0,Chennai
2024-04-07,36.9,25.8,0,Chennai
2024-04-08,36.2,26.4,0,Chennai
2024-04-09,33.3,25.8,0,Chennai
2024-04-10,33.6,26.4,0,Chennai
2024-04-11,33.4,26.5,0,Chennai
2024-04-12,33.3,28,0,Chennai
2024-04-13,34,26.4,0.5,Chennai
2024-04-14,33.5,25.6,0,Chennai
2024-04-15,34.2,25,0,Chennai
2024-04-16,34.7,25.1,0,Chennai
2024-04-17,36.1,26,0,Chennai
2024-04-18,37,26.6,0,Chennai
2024-04-19,36,27.7,0,Chennai
2024-04-20,35.7,28,0.2,Chennai
2024-04-21,35.5,27.5,0,Chennai
2024-04-22,35.5,26.8,0,Chennai
2024-04-23,34.6,26.2,0,Chennai
2024-04-24,35.5,25.8,0,Chennai
2024-04-25,34.7,27,0,Chennai
2024-04-26,34.6,26.5,0,Chennai
2024-04-27,34.6,25.9,0,Chennai
2024-04-28,35.6,26.4,0,Chennai
2024-04-29,35.5,27.6,0,Chennai
2024-04-30,35.6,27.9,0,Chennai
2024-05-01,37.8,28.7,0,Chennai
2024-05-02,38.2,29.8,0,Chennai
2024-05-03,38.4,27.9,0,Chennai
2024-05-04,37.3,29.2,0,Chennai
2024-05-05,36.3,29.5,0,Chennai
2024-05-06,37,29.8,0,Chennai
2024-05-07,36.9,29.7,0.1,Chennai
2024-05-08,33.5,26.7,2.2,Chennai
2024-05-09,32.9,26.9,2.8,Chennai
2024-05-10,32.6,27.5,7,Chennai
2024-05-11,34.2,25.5,0.6,Chennai
2024-05-12,33.3,29.3,3.2,Chennai
2024-05-13,33,26.2,8.4,Chennai
2024-05-14,33.7,27.6,0.9,Chennai
2024-05-15,34,27.1,2.9,Chennai
2024-05-16,29.6,25.8,19.4,Chennai
2024-05-17,30.5,26.4,1.6,Chennai
2024-05-18,30.6,26.1,6.6,Chennai
2024-05-19,33,26.1,9.5,Chennai
2024-05-20,31.2,26.6,13.9,Chennai
2024-05-21,30.5,26.6,24,Chennai
2024-05-22,31.2,25.7,21.3,Chennai
2024-05-23,32.5,26.5,24.7,Chennai
2024-05-24,36.1,26.6,0,Chennai
2024-05-25,36,27.5,16.6,Chennai
2024-05-26,39,28,0.6,Chennai
2024-05-27,40.8,30.3,0.1,Chennai
2024-05-28,41,30.1,0,Chennai
2024-05-29,40.6,30.3,0,Chennai
2024-05-30,39.2,29.8,0,Chennai
2024-05-31,40.2,28.9,21.9,Chennai
2024-06-01,36.8,27.7,1,Chennai
2024-06-02,33.5,27,22,Chennai
2024-06-03,30.6,27.1,9.4,Chennai
2024-06-04,34.4,26.8,9.6,Chennai
2024-06-05,32.5,26.2,35.5,Chennai
2024-06-06,32.2,26.1,28.1,Chennai
2024-06-07,31,25.9,5.1,Chennai
2024-06-08,33.6,26.7,2.1,Chennai
2024-06-09,34.7,27,0.5,Chennai
2024-06-10,36.5,27.4,7,Chennai
2024-06-11,36.1,27.7,10.4,Chennai
2024-06-12,33.7,26.8,0.6,Chennai
2024-06-13,35.3,27.4,0.1,Chennai
2024-06-14,35.9,27.6,0.1,Chennai
2024-06-15,35.5,27.1,2.3,Chennai
2024-06-16,36.3,27,0.2,Chennai
2024-06-17,36.3,27.6,0.3,Chennai
2024-06-18,37,27.3,0.7,Chennai
2024-06-19,35.3,25.5,16.6,Chennai
2024-06-20,35.6,25.5,2.1,Chennai
2024-06-21,36,27.4,5.6,Chennai
2024-06-22,36.3,27.9,0.2,Chennai
2024-06-23,36.5,27.5,0.9,Chennai
2024-06-24,36,27.9,0.2,Chennai
2024-06-25,35.1,27.7,0.6,Chennai
2024-06-26,36.4,28.8,0.5,Chennai
2024-06-27,34.8,27,1,Chennai
2024-06-28,37,28.4,0,Chennai
2024-06-29,37.7,27.6,2.1,Chennai
2024-06-30,34.3,28.1,0,Chennai
2024-07-01,33.9,26.4,2,Chennai
2024-07-02,36,27.6,0,Chennai
2024-07-03,37.5,27.3,4.2,Chennai
2024-07-04,34.8,26.5,2.6,Chennai
2024-07-05,36,27,0,Chennai
2024-07-06,32.2,26.1,2.2,Chennai
2024-07-07,36.1,26.6,1.2,Chennai
2024-07-08,32.6,26.4,11.6,Chennai
2024-07-09,33.8,25.7,5.2,Chennai
2024-07-10,35.5,26.9,0.2,Chennai
2024-07-11,33.3,26.1,1,Chennai
2024-07-12,35.6,27.2,2.6,Chennai
2024-07-13,29.6,25.6,8,Chennai
2024-07-14,28.5,25.3,8.9,Chennai
2024-07-15,30.1,25.1,8.2,Chennai
2024-07-16,31.2,25.5,2.8,Chennai
2024-07-17,31.4,25.8,0.1,Chennai
2024-07-18,31.9,27,1.1,Chennai
2024-07-19,30,26.1,0.5,Chennai
2024-07-20,33,25.8,0.1,Chennai
2024-07-21,35.5,26.9,2.6,Chennai
2024-07-22,35.2,27.3,0,Chennai
2024-07-23,36.6,26.9,0.1,Chennai
2024-07-24,36.7,28,0,Chennai
2024-07-25,37.7,27.7,1.1,Chennai
2024-07-26,36.4,27.5,4.6,Chennai
2024-07-27,34.7,28.4,0.3,Chennai
2024-07-28,37,28,0.1,Chennai
2024-07-29,36.7,26.7,5.8,Chennai
2024-07-30,36,26.8,1.5,Chennai
2024-07-31,35.9,27,1.5,Chennai
2024-08-01,35.8,28.1,2.6,Chennai
2024-08-02,35.7,27.4,4.5,Chennai
2024-08-03,34.7,26.2,7.7,Chennai
2024-08-04,35.2,26.5,0.2,Chennai
2024-08-05,32,24.7,0.8,Chennai
2024-08-06,33,24.9,19.1,Chennai
2024-08-07,32.2,24.8,8.8,Chennai
2024-08-08,32,25.4,10.9,Chennai
2024-08-09,32.8,24.8,20.9,Chennai
2024-08-10,31.8,24.5,4.1,Chennai
2024-08-11,33.4,25,16.2,Chennai
2024-08-12,33.5,24.5,11.4,Chennai
2024-08-13,32.1,25.5,0.5,Chennai
2024-08-14,30.8,25.9,1,Chennai
2024-08-15,31.9,26,1.6,Chennai
2024-08-16,31.9,26.9,0.9,Chennai
2024-08-17,32.4,25.9,0.1,Chennai
2024-08-18,32.7,26,1.6,Chennai
2024-08-19,33,27.1,1.7,Chennai
2024-08-20,32,25.7,4.7,Chennai
2024-08-21,31.8,26.6,1,Chennai
2024-08-22,32.7,26.5,0,Chennai
2024-08-23,34.1,26.6,0.1,Chennai
2024-08-24,34.6,27,0.2,Chennai
2024-08-25,35.1,27.1,0.4,Chennai
2024-08-26,35.2,27.9,1,Chennai
2024-08-27,34,26.5,5.1,Chennai
2024-08-28,29.2,25.6,5.1,Chennai
2024-08-29,33.8,24.7,8.9,Chennai
2024-08-30,32.2,25.7,5,Chennai
2024-08-31,31.6,25.5,0.3,Chennai
2024-09-01,34.3,26.5,0,Chennai
2024-09-02,35.1,25.8,2.5,Chennai
2024-09-03,33.2,25.3,5.1,Chennai
2024-09-04,33.7,26.1,0,Chennai
2024-09-05,34.7,26.7,0.7,Chennai
2024-09-06,33.7,25.1,17.3,Chennai
2024-09-07,32.5,25.7,2.9,Chennai
2024-09-08,33.9,27.1,0,Chennai
2024-09-09,34.1,27.3,0,Chennai
2024-09-10,36.2,27.5,1.1,Chennai
2024-09-11,35,27.7,1.2,Chennai
2024-09-12,36.3,27.2,0.8,Chennai
2024-09-13,35.9,26.7,0.1,Chennai
2024-09-14,36,26.8,0.5,Chennai
2024-09-15,36.5,26.7,3.6,Chennai
2024-09-16,35.7,26.9,0.4,Chennai
2024-09-17,36.3,27.5,0.6,Chennai
2024-09-18,34.8,26.9,1.5,Chennai
2024-09-19,33.8,25.2,2,Chennai
2024-09-20,35.9,26.4,0.4,Chennai
2024-09-21,31,25.5,3.9,Chennai
2024-09-22,33.6,25,12.9,Chennai
2024-09-23,33,24.7,15.5,Chennai
2024-09-24,33.3,25.6,12.4,Chennai
2024-09-25,33.9,25.7,11.2,Chennai
2024-09-26,30.4,26.5,0.8,Chennai
2024-09-27,31.3,25.4,7.8,Chennai
2024-09-28,30.7,24.2,14.1,Chennai
2024-09-29,30.8,24.5,0.7,Chennai
2024-09-30,30,25.1,0.9,Chennai
2024-10-01,31.6,25.5,0.6,Chennai
2024-10-02,34.4,25.4,0,Chennai
2024-10-03,34,26.4,1.6,Chennai
2024-10-04,32.7,26.4,2.2,Chennai
2024-10-05,33.5,25.5,0.1,Chennai
2024-10-06,32.1,25.5,0,Chennai
2024-10-07,30,25.5,1.4,Chennai
2024-10-08,30.3,24.8,1.4,Chennai
2024-10-09,30,24.9,2,Chennai
2024-10-10,29.8,24.2,16.5,Chennai
2024-10-11,29.7,24.6,7.4,Chennai
2024-10-12,29.5,25.2,3.3,Chennai
2024-10-13,29.9,24.1,2.5,Chennai
2024-10-14,26.6,24.3,69.2,Chennai
2024-10-15,28.1,24.7,63.4,Chennai
2024-10-16,28.6,23.8,39.7,Chennai
2024-10-17,30.3,23.9,3.2,Chennai
2024-10-18,28.8,24.3,11.6,Chennai
2024-10-19,29.2,24,8,Chennai
2024-10-20,29.8,24.5,5.8,Chennai
2024-10-21,30.1,25.4,1.6,Chennai
2024-10-22,30.3,24.2,1,Chennai
2024-10-23,31.5,24.1,0,Chennai
2024-10-24,31.2,25.1,0,Chennai
2024-10-25,32.6,23.9,0,Chennai
2024-10-26,33.4,24.2,0,Chennai
2024-10-27,32.3,24.1,0.6,Chennai
2024-10-28,32.2,24.2,1.7,Chennai
2024-10-29,32.1,24.6,1.1,Chennai
2024-10-30,31.4,25.5,4.8,Chennai
2024-10-31,30,25,1.9,Chennai
2024-11-01,29.1,24.8,5.9,Chennai
2024-11-02,29.2,24.1,4.4,Chennai
2024-11-03,29.6,23.7,3.7,Chennai
2024-11-04,30,23.5,1.2,Chennai
2024-11-05,30.5,23.8,0.1,Chennai
2024-11-06,28.6,24.5,14.9,Chennai
2024-11-07,29.6,24,2.6,Chennai
2024-11-08,30.4,26,0.2,Chennai
2024-11-09,30.3,24.6,1,Chennai
2024-11-10,30.2,24.2,1.5,Chennai
2024-11-11,30.1,23.9,4.4,Chennai
2024-11-12,27.4,23.9,42.4,Chennai
2024-11-13,26.9,23.9,33.1,Chennai
2024-11-14,28.8,24.2,12.6,Chennai
2024-11-15,28.1,24.1,16.9,Chennai
2024-11-16,27.6,23.9,11.2,Chennai
2024-11-17,29.4,24,2.5,Chennai
2024-11-18,29.1,25.8,0,Chennai
2024-11-19,28.6,25.3,0.5,Chennai
2024-11-20,28.9,25,0,Chennai
2024-11-21,29,25.2,0,Chennai
2024-11-22,29.1,23.1,0,Chennai
2024-11-23,28.9,23.5,1.1,Chennai
2024-11-24,29.6,25.5,0.1,Chennai
2024-11-25,29.5,24.2,1.3,Chennai
2024-11-26,26.8,23.6,22.5,Chennai
2024-11-27,27.6,24.4,5.4,Chennai
2024-11-28,26.4,23.8,21,Chennai
2024-11-29,25,23.2,25.6,Chennai
2024-11-30,26.5,23.9,158.4,Chennai
2024-12-01,27.7,24.7,25.3,Chennai
2024-12-02,28.9,25.3,10.2,Chennai
2024-12-03,29.3,24.6,4,Chennai
2024-12-04,28.7,24.7,3.5,Chennai
2024-12-05,29,23.7,0.8,Chennai
2024-12-06,28,24.1,1.8,Chennai
2024-12-07,29.2,24.1,0.4,Chennai
2024-12-08,29.4,23.7,0,Chennai
2024-12-09,29.2,23.3,1,Chennai
2024-12-10,29.3,24.6,0.2,Chennai
2024-12-11,27.2,24,16.1,Chennai
2024-12-12,25.9,23.7,47.9,Chennai
2024-12-13,27.9,25.1,2.1,Chennai
2024-12-14,28.3,24.5,0,Chennai
2024-12-15,27.5,24.2,0,Chennai
2024-12-16,27,22.6,0,Chennai
2024-12-17,26.3,22,8.2,Chennai
2024-12-18,26.2,21.9,24.1,Chennai
2024-12-19,27.2,23.5,7,Chennai
2024-12-20,28.7,24,15.9,Chennai
2024-12-21,28.5,24,1.5,Chennai
2024-12-22,28.4,24.1,0.2,Chennai
2024-12-23,28.6,23,0,Chennai
2024-12-24,27.8,23.5,7.6,Chennai
2024-12-25,27.4,23,2.8,Chennai
2024-12-26,28.2,24.4,10.1,Chennai
2024-12-27,28.4,23.7,4.1,Chennai
2024-12-28,28.3,24.9,0.2,Chennai
2024-12-29,27.9,24.2,1,Chennai
2024-12-30,28,23.7,3.5,Chennai
2024-12-31,28.1,24.4,0.1,Chennai
2025-01-01,27.8,23.6,0,Chennai
2025-01-02,27.8,23.2,0,Chennai
2025-01-03,28.3,22.9,0.1,Chennai
2025-01-04,27.6,21.6,0.1,Chennai
2025-01-05,28.3,21.4,0,Chennai
2025-01-06,28.5,21.7,0.5,Chennai
2025-01-07,27.2,22.7,2.3,Chennai
2025-01-08,28,21.4,0,Chennai
2025-01-09,28.5,24.3,0.1,Chennai
2025-01-10,28.3,23.5,1,Chennai
2025-01-11,28.4,24.5,0,Chennai
2025-01-12,26.8,24,1.4,Chennai
2025-01-13,26.9,23.6,4.6,Chennai
2025-01-14,28.1,24.5,0.3,Chennai
2025-01-15,28.8,25.2,0,Chennai
2025-01-16,28.3,24.8,0.1,Chennai
2025-01-17,27.3,23.7,0.4,Chennai
2025-01-18,28.2,23.1,2.1,Chennai
2025-01-19,27.3,23.3,12.1,Chennai
2025-01-20,27.5,23.2,0,Chennai
2025-01-21,27.8,22.3,0,Chennai
2025-01-22,28.3,22.3,0,Chennai
2025-01-23,28.9,22.5,0,Chennai
2025-01-24,28.5,21.7,0,Chennai
2025-01-25,28.6,21.5,0.1,Chennai
2025-01-26,28.6,19.9,0,Chennai
2025-01-27,29.2,20.7,0,Chennai
2025-01-28,29.4,22,0,Chennai
2025-01-29,28.9,22,0,Chennai
2025-01-30,30.7,23,0,Chennai
2025-01-31,30,23,0.4,Chennai
2025-02-01,30.5,23.9,1.1,Chennai
2025-02-02,30.8,22.9,0.4,Chennai
2025-02-03,30.9,20.3,0,Chennai
2025-02-04,31.9,20.8,0,Chennai
2025-02-05,31.9,22.7,0,Chennai
2025-02-06,30.7,22.5,0,Chennai
2025-02-07,30.9,21.9,0,Chennai
2025-02-08,31.5,21.9,0,Chennai
2025-02-09,30.4,22.2,0.2,Chennai
2025-02-10,30.3,23.7,0.1,Chennai
2025-02-11,30.9,23,0,Chennai
2025-02-12,31.5,21.4,0,Chennai
2025-02-13,31.7,21,0,Chennai
2025-02-14,32.2,20.7,0,Chennai
2025-02-15,31.3,21.8,0,Chennai
2025-02-16,31.6,22.8,0,Chennai
2025-02-17,31.2,23.1,0,Chennai
2025-02-18,31,22.7,0,Chennai
2025-02-19,31,21.8,0,Chennai
2025-02-20,31.1,22.7,0,Chennai
2025-02-21,31.1,23.7,0.3,Chennai
2025-02-22,31.4,23.5,0,Chennai
2025-02-23,32.4,23.5,0,Chennai
2025-02-24,31,23.4,0,Chennai
2025-02-25,31.3,24,0,Chennai
2025-02-26,31.5,25.4,0,Chennai
2025-02-27,31.2,24.8,0,Chennai
2025-02-28,31,25.1,0.1,Chennai
2025-03-01,30.8,25.7,0.4,Chennai
2025-03-02,32.2,25.6,0,Chennai
2025-03-03,32.9,24.6,0,Chennai
2025-03-04,33.1,23.8,0,Chennai
2025-03-05,34.4,23.8,0,Chennai
2025-03-06,35.2,23.6,0,Chennai
2025-03-07,33,22.8,0,Chennai
2025-03-08,32.8,23.1,0,Chennai
2025-03-09,31.1,23.4,0,Chennai
2025-03-10,31.4,25.6,0.1,Chennai
2025-03-11,30,24.4,14.8,Chennai
2025-03-12,30,24,1.8,Chennai
2025-03-13,33.2,23.9,0,Chennai
2025-03-14,33.4,24.7,0,Chennai
2025-03-15,33.9,25,0,Chennai
2025-03-16,32.8,25.1,0.4,Chennai
2025-03-17,33.9,25.9,0.1,Chennai
2025-03-18,33,25.9,0.2,Chennai
2025-03-19,33.3,26.4,0.4,Chennai
2025-03-20,33.6,26.9,0,Chennai
2025-03-21,33.1,27.4,0,Chennai
2025-03-22,32.6,27,0.4,Chennai
2025-03-23,32.8,26.9,0.2,Chennai
2025-03-24,32,26.2,0.6,Chennai
2025-03-25,32.6,24.9,0,Chennai
2025-03-26,33.2,24.7,0,Chennai
2025-03-27,35.9,25.2,0,Chennai
2025-03-28,36.2,25.3,0,Chennai
2025-03-29,37.1,24.7,0,Chennai
2025-03-30,34.2,24.3,0,Chennai
2025-03-31,32.7,25.5,0,Chennai
2025-04-01,32.8,25,0.2,Chennai
2025-04-02,32.9,27.2,0.8,Chennai
2025-04-03,32.3,26,0,Chennai
2025-04-04,30.3,26.3,7.3,Chennai
2025-04-05,33.2,24.8,2.9,Chennai
2025-04-06,34.2,26.4,0.1,Chennai
2025-04-07,33.9,26.5,0.2,Chennai
2025-04-08,33.6,26.4,0,Chennai
2025-04-09,33.8,26.8,0,Chennai
2025-04-10,37.3,25.9,0.5,Chennai
2025-04-11,36,28.5,0,Chennai
2025-04-12,38.8,27.2,0,Chennai
2025-04-13,36.2,27.2,2.3,Chennai
2025-04-14,34.5,26.7,0.1,Chennai
2025-04-15,34.3,27.2,2.9,Chennai
2025-04-16,34.1,27.8,2,Chennai
2025-04-17,34.3,27.7,4.2,Chennai
2025-04-18,36.1,27.5,0,Chennai
2025-04-19,36.6,27.9,0,Chennai
2025-04-20,36.6,28.2,0,Chennai
2025-04-21,35.1,28,0.2,Chennai
2025-04-22,34.6,26.7,0,Chennai
2025-04-23,35.5,27.5,0,Chennai
2025-04-24,35.2,27.9,0,Chennai
2025-04-25,34.6,27.9,0.4,Chennai
2025-04-26,34.1,27.8,0.4,Chennai
2025-04-27,34.2,28,0.2,Chennai
2025-04-28,33.6,27.4,0.3,Chennai
2025-04-29,33.3,28,0.5,Chennai
2025-04-30,35.5,27.9,0,Chennai
2025-05-01,36.7,28,1.2,Chennai
